input	output
segment: गतं नार्हति	गतम् न अर्हति
tag: सीता च पितरौ दध्मौ ।	सीता|NOUN च|CONJ पितरौ|NOUN दध्मौ|VERB ।|SYM
segment: हरितान्यपि	हरितानि अपि
segment: संसारितादशायां तु	संसारितादशायाम् तु
tag: तया कल्पः आगच्छति ।	तया|PRON कल्पः|NOUN आगच्छति|VERB ।|SYM
segment: चात्यन्तावयवित्वमनिवेश्यैव	च अत्यन्तावयवित्वमनिवेश्य एव
segment: दुष्टो धर्म्येव	दुष्टः धर्मे एव
segment: तदवस्थं पुत्रं	तदवस्थम् पुत्रम्
segment: वेदान्तिनां क्षतिविरहात्	वेदान्तिनाम् क्षतिविरहात्
tag: असौ भवतु ।	असौ|PRON भवतु|VERB ।|SYM
tag: यूयम् पिता आसीत् ।	यूयम्|PRON पिता|NOUN आसीत्|VERB ।|SYM
tag: वेगवान् पाण्डवाश्च भवतु ।	वेगवान्|ADJ पाण्डवाश्च|NOUN भवतु|VERB ।|SYM
segment: यज्ज्ञाने	यत् ज्ञाने
tag: भीष्मम् पितरौ प्रहरति ।	भीष्मम्|NOUN पितरौ|NOUN प्रहरति|VERB ।|SYM
segment: घटत्वादिविशिष्टं प्रति	घटत्वादिविशिष्टम् प्रति
segment: मयोक्तो मैथिली	मया उक्तः मैथिली
segment: गुरुमभिभूय	गुरुम् अभिभूय
segment: इमा गङ्गाप्रभृतयो	इमाः गङ्गाप्रभृतयः
tag: इयम् सिंहः प्रादुरासीत् ।	इयम्|PRON सिंहः|NOUN प्रादुरासीत्|VERB ।|SYM
segment: दुःखनिष्ठचरमत्वं जातिविशेषः	दुःखनिष्ठचरमत्वम् जातिविशेषः
segment: उपाधिज्ञानेऽपि	उपाधिज्ञाने अपि
segment: चरमदुःखध्वंसो मुक्तिरिति	चरमदुःखध्वंसः मुक्तिः इति
segment: तस्या मनो	तस्याः मनः
segment: शृङ्गोपमाञ्छ्रीधर	शृङ्गोपमान् श्रीधर
tag: कदाचित् भेर्यः जानाति ।	कदाचित्|ADV भेर्यः|NOUN जानाति|VERB ।|SYM
segment: विरुद्धत्वमेवेति	विरुद्धत्वम् एव इति
tag: सूर्यः कर्माणि अवलोकयति ।	सूर्यः|NOUN कर्माणि|NOUN अवलोकयति|VERB ।|SYM
segment: यथैव	यथा एव
segment: अनुमितिप्रतिबन्धकहेतावच्छेदकत्वं	अनुमितिप्रतिबन्धकहेतौ अवच्छेदकत्वं
segment: तवानयामि	तव आनयामि
segment: हेतुभेदाभेदस्यैव	हेतुभेदाभेदस्य इव
segment: कठोरहृदयो जीवत्येष	कठोरहृदयः जीवति एषः
segment: ध्वंसेभावेन	ध्वंसे अभावेन
segment: शिक्षितं	शिक्षितम्
segment: घटोत्कचः---शकुनिरेष व्याहरति	घटोत्कचः---शकुनिः एषः व्याहरति
segment: निवेशनमुभयमतसिद्धम्	निवेशनम् उभयमतसिद्धम्
segment: श्रीरपि	श्रीः अपि
segment: व्यभिचारित्वसत्त्वादतिव्याप्तिः	व्यभिचारित्वसत्त्वात् अतिव्याप्तिः
tag: पितरौ आशा गच्छति ।	पितरौ|NOUN आशा|NOUN गच्छति|VERB ।|SYM
segment: मत्पुत्रदोषात्कृपणीकृतोऽस्मि	मत्पुत्रदोषात् कृपणीकृतः अस्मि
segment: इयं सा	इयम् सा
segment: प्रागभावविशेशणेनेति	प्रागभावविशेशणेन इति
tag: हर्षम् दिदृक्षते ।	हर्षम्|NOUN दिदृक्षते|VERB ।|SYM
segment: एतत्पुरुषीयात्मनस्तादात्म्यसंबन्धेन	एतत् पुरुषीय आत्मनः तादात्म्यसंबन्धेन
tag: विद्यालयः च पुरुजित् दृश्यते ।	विद्यालयः|NOUN च|CONJ पुरुजित्|NOUN दृश्यते|VERB ।|SYM
segment: (शरं मुक्त्वा)	(शरम् मुक्त्वा)
segment: यत्तु	यः तु
segment: .तत्रोपाधिसन्देहानुद्भावनप्रसङ्गात्	.तत्र इपाधिसन्देहानुद्भावनप्रसङ्गात्
tag: धृतराष्ट्र मित्रम् आगच्छति ।	धृतराष्ट्र|NOUN मित्रम्|NOUN आगच्छति|VERB ।|SYM
tag: कः इन्जिनियरः कुर्वत ।	कः|PRON इन्जिनियरः|NOUN कुर्वत|VERB ।|SYM
segment: सब्रह्मेन्द्रमरुद्गणं त्रिभुवनं	सब्रह्मेन्द्रमरुद्गणम् त्रिभुवनम्
segment: सूर्योद्भवो वह्निः	सूर्योद्भवः वह्निः
tag: तेन मन्यते ।	तेन|PRON मन्यते|VERB ।|SYM
tag: घोड़ा च धर्मः श्रावयामास ।	घोड़ा|NOUN च|CONJ धर्मः|NOUN श्रावयामास|VERB ।|SYM
segment: विकृतवपुषोऽप्युग्राचारा घृणा	विकृतवपुषः अपि उग्राचाराः घृणा
segment: सततं द्यूतशालिना	सततम् द्यूतशालिना
segment: त्विति	तु इति
segment: मुक्तित्वादिमतापेक्षया	मुक्तित्वादिमत आपेक्षया
segment: तन्न	तत् न
tag: कापि श्रुत्वा ।	कापि|PRON श्रुत्वा|VERB ।|SYM
segment: प्रियो भवेत्	प्रियः भवेत्
segment: त्वं दुर्निवारैः	त्वम् दुर्निवारैः
segment: गोचरत्वगर्भमपि	गोचरत्वगर्भम् अपि
segment: गुणत्वेनैव	गुणत्वेन एव
segment: संभ्रम इति	संभ्रमः इति
segment: स्वपितेव	स्वपिता इव
segment: मनुष्याणामस्त्येव	मनुष्याणाम् अस्ति एव
segment: फलसत्वं करणासत्वेग्रिमक्षणे	फलसत्वम् करणासत्वे अग्रिमक्षणे
segment: त्वमवरोधनम्	त्वम् अवरोधनम्
segment: स्वनिलयमेव	स्वनिलयम् एव
segment: कर्णोऽर्जुनस्य	कर्णः अर्जुनस्य
segment: गतवानस्मि	गतवान् अस्मि
segment: त्वदागमनादेव	त्वदागमनात् एव
segment: चैवमेवेति	च एवम् एव इति
tag: मित्रम् च सेवायाम् खेलामः ।	मित्रम्|NOUN च|CONJ सेवायाम्|NOUN खेलामः|VERB ।|SYM
segment: मकरालयं वा	मकरालयम् वा
tag: व्यूढाम् रूपम् भविष्यति ।	व्यूढाम्|ADJ रूपम्|NOUN भविष्यति|VERB ।|SYM
segment: .तत्त्वमुभयत्राप्यस्तीति--ख	.तत्त्वम् उभयत्र अपि अस्ति इति--ख
segment: पूर्वोपस्थितेश्वरस्यैवोपस्थापनात्	पूर्वोपस्थितेश्वरस्य एव उपस्थापनात्
segment: दुरितनाशत्वावच्छिन्नं प्रति	दुरितनाशत्वावच्छिन्नम् प्रति
segment: दुःखवृत्तिजातित्वं न	दुःखवृत्तिजातित्वम् न
segment: तदनुयायिभिर्नित्यसुखाभिव्यक्तिरिति	तदनुयायिभिः नित्यसुखाभिव्यक्तिः इति
tag: नरपुङ्गवः सिंहनादम् अभ्यहन्यन्त ।	नरपुङ्गवः|NOUN सिंहनादम्|NOUN अभ्यहन्यन्त|VERB ।|SYM
segment: तत्त्वज्ञानं प्रत्यपि	तत्त्वज्ञानम् प्रत्यपि
segment: न्निर्धावितोऽस्मि	निर्धावितः अस्मि
segment: ज्वलनाद् वर्धितप्रभा	ज्वलनात् वर्धितप्रभा
segment: हनूमान्---अयमस्मि	हनूमान्---अयम् अस्मि
segment: मन्त्रशालामेव	मन्त्रशालाम् एव
segment: अतस्तासु	अतः तासु
segment: तदवाच्छिन्नं प्रति	तदवच्छिन्नम् प्रति
segment: सकर्तृकं	सकर्तृकम्
segment: प्रतिगृह्यतामस्मत्कुलधनं	प्रतिगृह्यताम् अस्मत्कुलधनं
segment: ग्रहगणचरितं वा	ग्रहगणचरितम् वा
segment: इमां सागरपर्यन्तां	इमाम् सागरपर्यन्ताम्
segment: प्रतूर्णं	प्रतूर्णम्
segment: तिष्ठेदानीम्	तिष्ठ इदानीम्
segment: ममैते	मम एते
tag: द्वारम् प्रकाशयति ।	द्वारम्|NOUN प्रकाशयति|VERB ।|SYM
segment: तवैव	तव एव
segment: ततस्ततः	ततः ततः
segment: मत्यैव	मत्या एव
segment: कल्पनाधिक्येपि	कल्पनाधिक्ये अपि
segment: नक्षत्रवंशमखिलं भुवि	नक्षत्रवंशम् अखिलम् भुवि
segment: तत्रैव	तत्र एव
segment: गोवृषमेव	गोवृषम् एव
tag: राज्यम् भुङ्क्ते ।	राज्यम्|NOUN भुङ्क्ते|VERB ।|SYM
segment: संबन्धज्ञानस्यानपेक्षिततया	संबन्धज्ञानस्य अनपेक्षिततया
segment: राज-	राजन्
segment: वयं तु	वयम् तु
segment: आत्मानं मृगमुद्दिश्य	आत्मानम् मृगम् उद्दिश्य
segment: प्रत्येव	प्रति एव
segment: विशिष्टदुरितवद्भिन्नत्वं वेत्यत्र	विशिष्टदुरितवद्भिन्नत्वम् वेति अत्र
tag: किमपि कुर्वत ।	किमपि|PRON कुर्वत|VERB ।|SYM
segment: कौतूहलमेनं वृत्तान्तं	कौतूहलम् एनम् वृत्तान्तम्
segment: स्वपदं स्वलक्ष्याभिमतमुक्त्यात्मकदुः	स्वपदम् स्वलक्ष्य अभिमतमुक्ति
segment: वृत्तान्तं श्रोतुम्	वृत्तान्तम् श्रोतुम्
segment: यावद्विषयतया	यावत् विषयतया
segment: स वानरः	सः वानरः
segment: वनान्तरस्याभितः	वनान्तरस्य अभितः
segment: .विशेषो न-क	.विशेषः न-क
tag: हनुमान् ज्ञानम् उवाच ।	हनुमान्|NOUN ज्ञानम्|NOUN उवाच|VERB ।|SYM
segment: द्वितीयेऽपि	द्वितीये अपि
tag: यत् पितामहः गच्छति ।	यत्|PRON पितामहः|NOUN गच्छति|VERB ।|SYM
segment: गतायुषं कामपथान्निवृत्तम्	गतायुषम् कामपथात् निवृत्तम्
tag: असत्यम् च व्यासं भवति ।	असत्यम्|NOUN च|CONJ व्यासं|NOUN भवति|VERB ।|SYM
tag: त्वरितः रामः जगाद ।	त्वरितः|ADJ रामः|NOUN जगाद|VERB ।|SYM
segment: विगतविषयदर्पं राक्षसेशं	विगतविषयदर्पम् राक्षसेशम्
segment: योऽन्यस्मै	यः अन्यस्मै
tag: पिता च ब्रह्मन् निरीक्षते ।	पिता|NOUN च|CONJ ब्रह्मन्|NOUN निरीक्षते|VERB ।|SYM
tag: वै कुन्तिभोजः अवलोकयति ।	वै|ADV कुन्तिभोजः|NOUN अवलोकयति|VERB ।|SYM
segment: चरमत्वं द्विविधमिति	चरमत्वम् द्विविधम् इति
segment: लाघवेनापाकर्तुमशक्यत्वात्	लाघवेन अपाकर्तुम् अशक्यत्वात्
tag: का समीक्षते ।	का|PRON समीक्षते|VERB ।|SYM
segment: तथापि	तथा अपि
segment: स्वादृष्टकृष्टशरीरसंबन्धस्यैव	स्वादृष्टकृष्टशरीरसंबन्धस्य एव
tag: राजा सर्वेषाम् प्रजानाम् रक्षकः भवति । स च सर्वेषाम् शास्त्राणाम् ज्ञाता भवति । तस्य च राज्ये सर्वे सुखिनः भवन्ति । तस्य च राज्ये सर्वे धनिनः भवन्ति ।	राजा|NOUN सर्वेषाम्|PRON प्रजानाम्|NOUN रक्षकः|NOUN भवति|VERB ।|SYM स|PRON च|CONJ सर्वेषाम्|PRON शास्त्राणाम्|NOUN ज्ञाता|ADJ भवति|VERB ।|SYM तस्य|PRON च|CONJ राज्ये|NOUN सर्वे|PRON सुखिनः|ADJ भवन्ति|VERB ।|SYM तस्य|PRON च|CONJ राज्ये|NOUN सर्वे|PRON धनिनः|ADJ भवन्ति|VERB ।|SYM
segment: राघवेणाद्य	राघवेण अद्य
tag: मधुरः पितुः सन्ति ।	मधुरः|ADJ पितुः|NOUN सन्ति|VERB ।|SYM
segment: केशवा भवन्ति	केशवाः भवन्ति
segment: पार्थिवानां समक्षं	पार्थिवानाम् समक्षम्
segment: वालिहृदयं भेत्तुं	वालिहृदयम् भेत्तुम्
segment: तदेकव्यक्तिकं	तत् एकव्यक्तिकं
segment: भिक्षां याचे]	भिक्षाम् याचे]
segment: (कोटरादवरुह्य)	(कोटरात् अवरुह्य)
segment: राज्यमाशङ्के	राज्यम् आशङ्के
segment: एष आर्यककुभः	एषः आर्यककुभः
segment: नातिप्रसङ्गः	न अतिप्रसङ्गः
segment: नास्तीति	न अस्ति इति
tag: मनुष्यः व्यापारिणाम् निगच्छति ।	मनुष्यः|NOUN व्यापारिणाम्|NOUN निगच्छति|VERB ।|SYM
segment: तद्वत्त्वगोचरयथार्थज्ञानविशेष्यत्वमतिप्रसक्तम्	तद्वत् तु अगोचरयथार्थज्ञानविशेष्यत्वम् अतिप्रसक्तम्
segment: विशेषादर्शनदशायामेकपुरुषं	विशेषादर्शनदशायाम् एकपुरुषं
tag: तेन आसीत् ।	तेन|PRON आसीत्|VERB ।|SYM
segment: स वाली	सः वाली
segment: भगवतो वाहनो	भगवतः वाहनः
segment: इत्यादिश्रुतयस्तत्र	इति आदिश्रुतयः तत्र
segment: कुमारो लक्ष्मणः	कुमारः लक्ष्मणः
segment: धर्म्येव	धर्मे एव
segment: स चित्रपटो	सः चित्रपटः
segment: जननीवद् विमातापि	जननीवत् विमाता अपि
segment: परुषमभिधातुम्	परुषम् अभिधातुम्
segment: गुहां धर्षयितुं	गुहाम् धर्षयितुम्
segment: व्याप्यत्वावच्छेदकत्वाभावेभाव	व्याप्यत्वावच्छेदकत्वाभावे अभाव
segment: गम्भीरं भेर्यस्त्रिदिवसद्मनाम्	गम्भीरम् भेर्यः त्रिदिवसद्मनाम्
segment: हेत्वाभासभेदप्रयोजकत्वादत्र	हेत्वाभासभेदप्रयोजकत्वात् अत्र
segment: नान्त्यः	न अन्त्यः
segment: भवतीति	भवति इति
segment: बोधयतीति	बोधयति इति
segment: विपक्षत्वमन्योन्याभावगर्भम्	विपक्षत्वम् अन्योन्याभावगर्भम्
segment: देवीमुपसर्पितुम्	देवीम् उपसर्पितुम्
segment: विभीषणः---एष एष	विभीषणः---एषः एषः
segment: साम्प्रतं	साम्प्रतम्
segment: मां वञ्चयितुकामो	माम् वञ्चयितुकामः
segment: रूपेणान्यत्रवात्रापि	रूपेण अन्यत्र इव अत्र अपि
segment: ब्राह्मणवचनाद् गृह्यताम्	ब्राह्मणवचनात् गृह्यताम्
segment: लक्ष्मणः---यदाज्ञापयत्यार्यः	लक्ष्मणः---यद् आज्ञापयति आर्यः
segment: नान्यथासिद्धत्वेन	न अन्यथासिद्धत्वेन
segment: मां प्राणाः	माम् प्राणाः
segment: मानुषं रूपमास्थाय	मानुषम् रूपम् आस्थाय
segment: तत्संबन्धादीश्वरो दूरस्थामपि	तत् संबन्धात् ईश्वरः दूरस्थाम् अपि
segment: ग्रहणमापन्नो राक्षसेशदिदृक्षया	ग्रहणम् आपन्नः राक्षसेशदिदृक्षया
tag: ते संगच्छति ।	ते|PRON संगच्छति|VERB ।|SYM
segment: तथापि	तथा अपि
segment: विगतधैर्यं हीयमानं	विगतधैर्यम् हीयमानम्
segment: पाकाद्रक्ते	पाकात् रक्ते
segment: बहुशो दीयतामिति	बहुशः दीयताम् इति
segment: मामन्तरेण	माम् अन्तरेण
segment: इत्थं च	इत्थम् च
segment: सुखवाचकानन्दपदस्य	सुखवाचक आनन्दपदस्य
segment: स एव	सः एव
segment: कथमस्माकमेवं स्यात्	कथम् अस्माकम् एवम् स्यात्
tag: सत्यम् सुतं दध्मौ ।	सत्यम्|NOUN सुतं|NOUN दध्मौ|VERB ।|SYM
segment: भावरूपाज्ञानस्य	भावरूप अज्ञानस्य
segment: रोषं धारयितुम्	रोषम् धारयितुम्
segment: तत्त्वज्ञानस्यापि	तत्त्वज्ञानस्य अपि
segment: सम्प्रत्यवन्त्वनिमिषा इह	सम्प्रति अवन्तु अनिमिषाः इह
tag: सञ्जय द्वारम् संभवति ।	सञ्जय|NOUN द्वारम्|NOUN संभवति|VERB ।|SYM
segment: वालिनं हन्तुं	वालिनम् हन्तुम्
segment: त्रैलोक्यनाथो भगवांश्चक्रायुधः	त्रैलोक्यनाथः भगवान् चक्रायुधः
segment: विरुद्धादिविशेषो नित्यदोषो	विरुद्धादिविशेषः नित्यदोषः
segment: मातलिवाहितो रथः	मातलिवाहितः रथः
segment: मुक्तित्वौचित्यम्	मुक्तित्व औचित्यम्
segment: स्वजनपरिभवादासन्नविलयम्	स्वजनपरिभवात् आसन्नविलयम्
segment: सुग्रीवः---यदाज्ञापयति	सुग्रीवः---यद् आज्ञापयति
segment: गुरुत्वं बालस्य	गुरुत्वम् बालस्य
segment: राघवं तं	राघवम् तम्
tag: पुनः सिंहः आगच्छति ।	पुनः|ADV सिंहः|NOUN आगच्छति|VERB ।|SYM
segment: त्वमपि	त्वम् अपि
segment: अप्रकाशा इव	अप्रकाशाः इव
segment: विद्यमानोऽप्यकिंचित्कर एव	विद्यमानः अपि अकिंचित्करः एव
segment: पटत्वाभाववानित्यादि	पटत्वाभाववान् इति आदि
segment: वाजिनां ते	वाजिनाम् ते
segment: हनूमान्---यदाज्ञापयति	हनूमान्---यद् आज्ञापयति
tag: किसानः पणवानकगोमुखाः आगच्छति ।	किसानः|NOUN पणवानकगोमुखाः|NOUN आगच्छति|VERB ।|SYM
segment: जातिव्याप्यविरूद्धभेदेनापि	जातिव्याप्यविरूद्धभेदेन अपि
segment: कस्तावन्मुक्तिजनकस्तत्त्वज्ञानपदार्थः	कः तावत् मुक्तिजनकः तत्त्वज्ञानपदार्थः
segment: प्रमाण्यमिति	प्रमाण्यम् इति
segment: रूपमुपस्थितेन	रूपम् उपस्थितेन
segment: सकर्तृकत्वप्रकारकसंदेहविशेष्यतावच्छेदकत्वमेव	सकर्तृकत्वप्रकारकसंदेहविशेष्यतावच्छेदकत्वम एव
segment: एवं नित्यसुखविषयकसाक्षात्कारत्वस्य	एवम् नित्यसुखविषयकसाक्षात्कारत्वस्य
segment: यत्त्वङ्कुरत्वं द्व्यणुकत्वं	यत्तु अङ्कुरत्वम् द्रव्यणुकत्वम्
segment: जातो	जातः
segment: नमस्कारं कर्तुमर्हति	नमस्कारम् कर्तुम् अर्हति
segment: अपरहेतुविषयतयापि	अपरहेतुविषयतया अपि
segment: सिद्धसाधनस्यादोषत्वमिति	सिद्धसाधनस्य अदोषत्वम् इति
tag: महेष्वासाः ऋषीणाम् स्मरति ।	महेष्वासाः|ADJ ऋषीणाम्|NOUN स्मरति|VERB ।|SYM
segment: यैस्तस्य	यैः तस्य
tag: ज्येष्ठः शुकं द्वेष्टि ।	ज्येष्ठः|ADJ शुकं|NOUN द्वेष्टि|VERB ।|SYM
segment: एह्येहि	एहि एहि
tag: विक्रमादित्यः आचारात् ताडयति ।	विक्रमादित्यः|NOUN आचारात्|NOUN ताडयति|VERB ।|SYM
segment: तद्गर्भव्यभिचारज्ञानस्यैव	तद्गर्भव्यभिचारज्ञानस्य एव
segment: तृतीयः---मुष्टिप्रक्षेपैर्जानुसङ्घट्टनैश्च	तृतीयः---मुष्टिप्रक्षेपैः जानुसङ्घट्टनैः च
segment: इत्यत्रैवात्रापि	इति अत्र एव अत्र अपि
tag: तस्य धर्मः नमस्कृत्य ।	तस्य|PRON धर्मः|NOUN नमस्कृत्य|VERB ।|SYM
segment: गुरोर्धैर्यात्तदा	गुरोः धैर्यात् तदा
segment: कनकखचितपृष्ठं भाति	कनकखचितपृष्ठम् भाति
segment: सकाशं गतवानस्मि	सकाशम् गतवान् अस्मि
segment: मुरारे-	मुरारेः
segment: तेनैव	तेन एव
segment: सर्वसपक्षव्यावृत्तस्योद्भावनमिति	सर्वसपक्षव्यावृत्तस्य उद्भावनम् इति
segment: दुर्योधनः---एतद्धास्यते	दुर्योधनः---एतत् हास्यते
segment: कथं वा	कथम् वा
tag: मामकाः नारायणं रक्ष्यते ।	मामकाः|ADJ नारायणं|NOUN रक्ष्यते|VERB ।|SYM
segment: मृणालवदुत्पाटिताः	मृणालवत् उत्पाटिताः
tag: नहि गंगा शक्नोति ।	नहि|ADV गंगा|NOUN शक्नोति|VERB ।|SYM
tag: कमरबन्दः मातृ रक्ष्यते ।	कमरबन्दः|NOUN मातृ|NOUN रक्ष्यते|VERB ।|SYM
segment: स्मो भो	स्मः भो
segment: प्रतिबन्धकमस्तु	प्रतिबन्धकम् अस्तु
segment: मयातिक्रान्तपूर्वम्	मया अतिक्रान्तपूर्वम्
segment: मुद्धाटयेन्नष्टघृणः	उद्घाटयेत् नष्टघृणः
segment: तद् मलिनं	तत् मलिनं
segment: तादृशश्रुतेस्तथाविधार्थ	तादृशश्रुतेः तथाविध अर्थ
segment: जानतापि	जानता अपि
segment: तथापि	तथा अपि
segment: भवन्तं पद्मपत्राक्षं	भवन्तम् पद्मपत्राक्षम्
segment: कस्यचिद् ब्राह्मणस्य	कस्यचित् ब्राह्मणस्य
segment: स्वैरमेकान्ते	स्वैरम् एकान्ते
tag: एषः शङ्खाः कामयते ।	एषः|PRON शङ्खाः|NOUN कामयते|VERB ।|SYM
tag: रक्षकाः सुतं दध्मौ ।	रक्षकाः|NOUN सुतं|NOUN दध्मौ|VERB ।|SYM
segment: किमस्माकं बले	किम् अस्माकम् बले
segment: त्वयेव	त्वया एव
segment: मुनिवरं भृगुवंशकेतुं	मुनिवरम् भृगुवंशकेतुम्
tag: ब्रह्मन् काशी भुङ्क्ते ।	ब्रह्मन्|NOUN काशी|NOUN भुङ्क्ते|VERB ।|SYM
segment: यथेष्टं कर्तुमर्हति	यथेष्टम् कर्तुम् अर्हति
segment: कार्यमिदम्	कार्यम् इदम्
tag: वेतालः निबोध ।	वेतालः|NOUN निबोध|VERB ।|SYM
segment: तदिदमुक्तं	तत् इदम् उक्तं
tag: वै राज्यम् पश्यति ।	वै|ADV राज्यम्|NOUN पश्यति|VERB ।|SYM
segment: सत्प्रतिपक्ष इव	सत्प्रतिपक्षः इव
tag: अत्र शास्त्राणाम् शिक्षयति ।	अत्र|ADV शास्त्राणाम्|NOUN शिक्षयति|VERB ।|SYM
segment: एवमार्यमिश्रान्	एवम् आर्यमिश्रान्
segment: तिष्ठेद् धनं	तिष्ठेत् धनं
segment: स विन्दति	सः विन्दति
segment: प्रभुरेव	प्रभुः एव
tag: यथाभागम् किसानः बुभूषति ।	यथाभागम्|ADV किसानः|NOUN बुभूषति|VERB ।|SYM
tag: तदा यज्ञः विचारयति ।	तदा|ADV यज्ञः|NOUN विचारयति|VERB ।|SYM
segment: इमां भगवतीं	इमाम् भगवतीम्
segment: तद्विरोधेनानुमानस्यैव	तद्विरोधेन अनुमानस्य एव
segment: भावरूपत्वाङ्गीकारात्	भावरूपत्व अङ्गीकारात्
segment: तथाविधानुभवस्य	तथाविध अनुभवस्य
segment: विजातीयैकवत्त्वेन	विजातीय एकवत्त्वेन
tag: आचार्यम् जल्पति ।	आचार्यम्|NOUN जल्पति|VERB ।|SYM
segment: जनो जातु	जनः जातु
segment: बहूनां समवेतानामेकस्मिन्निर्घृणात्मनाम्	बहूनाम् समवेतानाम् एकस्मिन् निर्घृणात्मनाम्
tag: माता कृष्णः कामयते ।	माता|NOUN कृष्णः|NOUN कामयते|VERB ।|SYM
segment: बहुमायाश्छलयोधिनश्च	बहुमायाः छलयोधिनः च
segment: तज्ज्ञानं	तत् ज्ञानं
segment: स दारनिस्पृहः	सः दारनिस्पृहः
segment: ईदृशेऽपि	ईदृशे अपि
segment: कैरातं वपुरास्थितः	कैरातम् वपुः आस्थितः
segment: देवाश्च	देवाः च
segment: लक्ष्मणः---एष एष	लक्ष्मणः---एषः एषः
segment: गतोऽसि	गतः असि
segment: चैवमेवेति	च एवम् इति
segment: किं नु	किम् नु
segment: कृष्णेनैतदुदाहृतम्	कृष्णेन एतत् उदाहृतम्
segment: व्यर्थं बहु	व्यर्थम् बहु
segment: अत एव	अतः एव
segment: रावणः---कथं त्वमवगच्छसि	रावणः---कथम् त्वम् अवगच्छसि
segment: तावदीदृशी	तावत् ईदृशी
segment: उषिताया रिपुक्षये	उषितायाः रिपुक्षये
segment: ब्रह्मणो रूपं	ब्रह्मणः रूपम्
segment: तस्यैव	तस्य एव
segment: सर्वे---भीमश्चित्रं भोः	सर्वे---भीमः चित्रम् भोः
tag: वयम् निवेदयति ।	वयम्|PRON निवेदयति|VERB ।|SYM
segment: वृत्तिलाभश्चौर्यकर्मनिवारकः	वृत्तिलाभः चौर्यकर्मनिवारकः
segment: नानात्वस्वीकार	गोवधादिजन्यतावच्छेदकजातेः एव
segment: मामयं सक्तसायकम्	माम् अयम् सक्तसायकम्
segment: वच्छेदकत्वस्योपदर्शि	वच्छेदकत्वस्य उपदर्शि
tag: पर्याप्तम् अशोकः वसति ।	पर्याप्तम्|ADJ अशोकः|NOUN वसति|VERB ।|SYM
tag: मधुरः वचनम् बुभूषति ।	मधुरः|ADJ वचनम्|NOUN बुभूषति|VERB ।|SYM
segment: प्रेषितश्चक्रपाणिना	प्रेषितः चक्रपाणिना
segment: स्थितं रथगतं	स्थितम् रथगतम्
segment: चोपाधावतिप्रसङ्गः	च उपाधौ अतिप्रसङ्गः
tag: कृष्णा च काशी मन्यते ।	कृष्णा|NOUN च|CONJ काशी|NOUN मन्यते|VERB ।|SYM
segment: पतन्त्येते	पतन्ति एते
segment: .तथापि-क	.तथा अपि-क
segment: बाधासंभवाज्जन्यत्वस्य	बाधासंभवात् जन्यत्वस्य
segment: वानरत्वाद्	वानरत्वात्
segment: निश्चय इति	निश्चयः इति
segment: वेदानुवचनेन	वेद अनुवचनेन
segment: दातुमर्हसि	दातुम् अर्हसि
segment: सत्प्रतिपक्षवदुभयप्रतिबन्धकतया	सत्प्रतिपक्षवत् उभयप्रतिबन्धकतया
segment: शक्तिमुल्लालयन्तं	शक्तिम् उल्लालयन्तम्
tag: चन्द्रः शैब्यः निरीक्षते ।	चन्द्रः|NOUN शैब्यः|NOUN निरीक्षते|VERB ।|SYM
segment: तावद् भो	तावत् भो
segment: स्पर्शो जातिविशेषस्य	स्पर्शः जातिविशेषस्य
segment: हयं गोवृषमेव	हयम् गोवृषम् एव
segment: शरीरजन्यत्वं	शरीरजन्यत्वम्
segment: कार्यश्चापि	कार्यः च अपि
segment: पक्षस्यापि	पक्षस्य अपि
segment: सोऽन्यापशकुनं	सः अन्यापशकुनं
segment: तदिच्छाजनकत्वेन	तत् इच्छाजनकत्वेन
segment: त्वां लक्षये	त्वाम् लक्षये
segment: असितभुजगकल्पां धारयन्त्येकवेणीं	असितभुजगकल्पाम् धारयन्तीं एकवेणीम्
segment: तद्वतोऽप्रसिद्धेः	तद्वतः अप्रसिद्धेः
segment: कदाचिज्ज्येष्ठस्य	कदाचित् ज्येष्ठस्य
segment: किमिति	किम् इति
segment: .एकत्रानुकूलतर्कावतारे	.एकत्र अनुकूलतर्कावतारे
segment: शाब्दबोधस्तदनन्तरं मननादितत्सहकृतमनसोत्पादितं	शाब्दबोधः तदनन्तरम् मननादितत् सहकृतमनस उत्पादितम्
tag: वेतालः भवतु ।	वेतालः|NOUN भवतु|VERB ।|SYM
segment: रुचिमन्यस्य	रुचिम् अन्यस्य
tag: यत् बोधयति ।	यत्|PRON बोधयति|VERB ।|SYM
tag: यथाभागम् शङ्खम् दर्शयति ।	यथाभागम्|ADV शङ्खम्|NOUN दर्शयति|VERB ।|SYM
segment: नित्यदोषेऽव्याप्तिरिति	नित्यदोषे अव्याप्तिः इति
segment: भिक्षां याचे	भिक्षाम् याचे
segment: शरनिर्भिन्नहृदयो विभाति	शरनिर्भिन्नहृदयः विभाति
tag: द्रौपदेयाः धर्मः उवाच ।	द्रौपदेयाः|NOUN धर्मः|NOUN उवाच|VERB ।|SYM
segment: तस्माद् वृक्षात्	तस्मात् वृक्षात्
segment: दिवसोऽयमागतः	दिवसः अयम् आगतः
segment: एवैकत्रानुकूलतर्काव.तारे	एव एकत्र अनुकूलतर्कावतारे
segment: एवञ्च	एवम् च
segment: लिङ्गव्यत्यासेनान्दपदस्य	सुखम् एवार्थः
tag: सेवायाम् राज्यम् संभवति ।	सेवायाम्|NOUN राज्यम्|NOUN संभवति|VERB ।|SYM
segment: व्यर्थविशेषणतेति	व्यर्थविशेषणता इति
tag: राज्यम् अब्रवीत् ।	राज्यम्|NOUN अब्रवीत्|VERB ।|SYM
segment: स्वमीश्वरं	स्वम् ईश्वरं
segment: साक्षान्मुक्तिहेतुत्वप्रतिपादनादिति चेन्मैवम्	चेत् म एवम्
segment: मग्नेयं हि	मग्ना इयम् हि
segment: गाढमुद्वृत्तदंष्ट्रः	गाढम् उद्वृत्तदंष्ट्रः
segment: खल्विदम्	खलु इदम्
segment: जन्यत्वमेवात्र	जन्यत्वम् एव अत्र
segment: तदिति	तत् इति
segment: यत्तु	यत् तु
segment: एष भोः	एषः भोः
segment: ध्रुवमहो	ध्रुवम् अहो
segment: अन्यदपि	अन्यत् अपि
segment: पाण्डवाग्नीनामात्मा	पाण्डवाग्नीनाम् आत्मा
segment: समूहालम्बनीभूतैकहेत्वाभासविषयकतादृशज्ञानविशेष्येऽन्यत्र	समूहालम्बनीभूतैकहेत्वाभासविषयकतादृशज्ञानविशेष्ये अन्यत्र
segment: तादात्म्यसंबंधेनेश्वरात्मनो हि	तादात्म्यसंबंधेन ईश्वरात्मनः हि
segment: ग्रहणसमर्थं बलमाज्ञापयितुमर्हति	ग्रहणसमर्थम् बलम् आज्ञापयितुम् अर्हति
segment: गोवधजन्युदुःखमेव	गोवधजन्युदुःखम् एव
segment: तच्च	तत् च
tag: सर्वेषाम् अस्ति ।	सर्वेषाम्|PRON अस्ति|VERB ।|SYM
segment: चाव्यप्तम्	च अव्याप्तम्
segment: किं पक्षतावच्छेदकम्	किम् पक्षतावच्छेदकम्
segment: चास्मिस्सिद्धान्ते-ख	च अस्मत् सिद्धान्ते-ख
tag: प्रतापवान् शास्त्राणाम् ब्रवीमि ।	प्रतापवान्|ADJ शास्त्राणाम्|NOUN ब्रवीमि|VERB ।|SYM
segment: धृतराष्ट्रः---किं किं	धृतराष्ट्रः---किम् किम्
segment: तस्यानुजं रघुपतिः	तस्य आनुजम् रघुपतिः
segment: वरुणः---एष मार्गः	वरुणः---एषः मार्गः
segment: प्रहरध्वं समाहृताः	प्रहरध्वम् समाहृताः
segment: इतस्तावत्	इतः तावत्
segment: भोगान्नाशे	भोगात् नाशे
segment: शरीरं	शरीरम्
segment: पक्षतावच्छेदकमिति	पक्षतावच्छेदकम् इति
segment: रामं त्वया	रामम् त्वया
segment: प्रतिबन्धकाननुगम.स्यादोषत्वेन	प्रतिबन्धकाननुगमस्य अदोषत्वेन
segment: शक्रो वा	शक्रः वा
segment: साम्प्रतं धैर्यं	साम्प्रतम् धैर्यम्
tag: उपनिषत् प्रादुरासीत् ।	उपनिषत्|NOUN प्रादुरासीत्|VERB ।|SYM
segment: तत्तत्संदेहत्वेनैव	तत्तत्संदेहत्वेन एव
segment: [अङ्घो भणतं	[अङ्घः भणतम्
segment: सिद्धावीश्वर	सिद्धौ ईश्वर
segment: प्रशान्तं	प्रशान्तम्
segment: महाराजो लङ्केश्वर	महाराजः लङ्केश्वरः
segment: सद्धेतुगोचरपरामर्शस्यानुमितिप्रतिबन्धकतया	सद्हेतुगोचरपरामर्शस्य अनुमितिप्रतिबन्धकतया
segment: दुःखमिदं ममापि	दुःखम् इदम् मम अपि
segment: तेषां दक्षिणापथमुख्यस्य	तेषाम् दक्षिणापथमुख्यस्य
segment: अथानया	अथ अनया
tag: अत्र नारायणं प्रादुरासीत् ।	अत्र|ADV नारायणं|NOUN प्रादुरासीत्|VERB ।|SYM
segment: नियामकत्वात्	बलत् द्वेषविषयाभावत्वस्य
segment: वानरेन्द्रास्तिष्ठन्तु	वानरेन्द्राः तिष्ठन्तु
segment: .तन्निश्चयस्तत्र	.तन्निश्चयः तत्र
segment: बान्धवानां भवतां	बान्धवानाम् भवताम्
segment: देहमारोपयन्त्यर्जुनदर्शनार्थम्	देहम् आरोपयन्ति अर्जुनदर्शनार्थम्
segment: किं करिष्यामि]	किम् करिष्यामि]
segment: व्यभिचारादेरिव	व्यभिचारादेः इव
segment: चास्य	च अस्य
segment: वरोऽपि	वरः अपि
tag: मित्रम् बहवः प्रहरति ।	मित्रम्|NOUN बहवः|ADJ प्रहरति|VERB ।|SYM
segment: प्रपञ्चोपादान	प्रपञ्च उपादान
tag: गुरुः बहवः युध्यति ।	गुरुः|NOUN बहवः|ADJ युध्यति|VERB ।|SYM
segment: विभीषणः---प्रष्टुमर्हति	विभीषणः---प्रष्टुम् अर्हति
segment: वाहयन्तं	वाहयन्तम्
segment: लिङ्गज्ञानस्यानुमितिप्रतिबन्धकत्वात्	लिङ्गज्ञानस्य अनुमितिप्रतिबन्धकत्वात्
tag: अर्जुनः सन्ति ।	अर्जुनः|NOUN सन्ति|VERB ।|SYM
segment: शरीरत्वमिति	शरीरत्वम् इति
segment: वो व्यवसायेन	वः व्यवसायेन
segment: संसारितादशायामपि	संसारितादशायाम् अपि
segment: नाम्रा लभ्याः	न आम्राः लभ्याः
segment: पतितोऽत्रभवान्	पतितः अत्रभवान्
segment: कुरुवंशोऽयमचिरान्नाशमेष्यति	कुरुवंशः अयम् अचिरात् नाशम् एष्यति
segment: धृतराष्ट्रः---सत्यमाह	धृतराष्ट्रः---सत्यम् आह
segment: धारयन्त्येकवेणीं	धारयन्तीं एकवेणीम्
segment: क इह	कः इह
segment: युद्धदृष्टापदानं	युद्धदृष्टापदानम्
segment: नापि	न अपि
segment: नोपदर्शितानुपपत्तिरिति	न उपदर्शितानुपपत्तिः इति
tag: गरमः पुत्रः भवतु ।	गरमः|ADJ पुत्रः|NOUN भवतु|VERB ।|SYM
segment: द्वितीयः---एवमेतत्	द्वितीयः---एवम् एतत्
segment: स एव	सः एव
tag: कर्म कुरूपः अभ्यहन्यन्त ।	कर्म|NOUN कुरूपः|ADJ अभ्यहन्यन्त|VERB ।|SYM
segment: वैधव्यमादिष्टम्)	वैधव्यम् आदिष्टम्)
segment: नीलो वानरैर्गृह्यमाणौ	नीलः वानरैः गृह्यमाणौ
segment: स सनातनधर्मसभायाः	सः सनातनधर्मसभायाः
segment: अनित्यत्वादनित्यदोषत्वम्	अनित्यत्ववत् अनित्यदोषत्वम्
segment: जीवात्मविषयकं वेति	जीवात्मविषयकम् वेति
tag: नरं अल्पः अवलोकयति ।	नरं|NOUN अल्पः|ADJ अवलोकयति|VERB ।|SYM
segment: सच्छत्रचामरवरो रचिताङ्गरागः	सच्छत्रचामरवरः रचिताङ्गरागः
segment: एतद भगवदायुधवरं	एतत् भगवदायुधवरम्
segment: यन्निर्दोषत्वं तेनैव	यत् निर्दोषत्वम् तेन एव
segment: इत्यत्र	इति अत्र
segment: तद् अपि	तत् अपि
segment: तस्याहेतुतयोपदर्शितप्रबादोपि	तस्य अहेतुतया उपदर्शितप्रवादः अपि
segment: तन्नूनं	तत् नूनं
segment: आनीयतां स	आनीयताम् सः
segment: बाधितमिदमिति	बाधितम् इदम् इति
tag: कार्यालयः वाजश्रवाः भुङ्क्ते ।	कार्यालयः|NOUN वाजश्रवाः|NOUN भुङ्क्ते|VERB ।|SYM
tag: पितृ पुत्रः प्रादुरासीत् ।	पितृ|NOUN पुत्रः|NOUN प्रादुरासीत्|VERB ।|SYM
segment: स्वैरमासतां भवन्तः	स्वैरम् आसताम् भवन्तः
segment: .हेतुभेदमात्रस्याप्रयोजकत्वात्	.हेतुभेदमात्रस्य अप्रयोजकत्वात्
segment: शैलैर्द्रुमैः	शैलैः द्रुमैः
tag: शृगालः च अन्नम् निरीक्षते ।	शृगालः|NOUN च|CONJ अन्नम्|NOUN निरीक्षते|VERB ।|SYM
segment: लक्ष्मणः---यदाज्ञापयत्यार्यः	लक्ष्मणः---यद् आज्ञापयति आर्यः
segment: दृष्परिहमेव	दृष्परिहम् एव
segment: दर्शनशास्त्रम्	दर्शन शास्त्रम्
segment: कस्याद्य	कस्य अद्य
segment: कृष्णो गच्छति	कृष्णः गच्छति
segment: सत्यनुमित्यभावनियमस्तादृशं	सति अनुमित्यभावनियमः तादृशं
segment: तद्वत्वगोचरयथार्थज्ञानविषयत्वं	तद्वत् अगोचरयथार्थज्ञानविषयत्वं
segment: कोटावव्यवहितोत्तरत्व	कोटौ अव्यवहितोत्तरत्व
segment: पुनरपि	पुनः अपि
segment: योऽन्यायं	यः अन्यायं
segment: कम्पितेयं वसुन्धरा	कम्पिता इयम् वसुन्धरा
segment: भवत्येव	भवति एव
segment: जीवीयनित्यसुखसाक्षात्कारो वा	जीवीयनित्यसुखसाक्षात्कारः वा
segment: ईश्वरप्रयत्नस्यापि	ईश्वरप्रयत्नस्य अपि
segment: मनुजयुगलं सकलवानरकुलं	मनुजयुगलम् सकलवानरकुलम्
segment: तत्तथैव	तत् तथा एव
tag: कमरबन्दः सूचयति ।	कमरबन्दः|NOUN सूचयति|VERB ।|SYM
segment: एवाभिवर्तते	एव अभिवर्तते
segment: तदर्थं प्रतिबध्यप्रतिबंधकभावकल्पने	तदर्थम् प्रतिबध्यप्रतिबंधकभावकल्पने
segment: तावदस्माभिर्वद	तावद् अस्माभिः वद
segment: गौरवस्यापि	गौरवस्य अपि
tag: याः भीष्मम् खादति ।	याः|PRON भीष्मम्|NOUN खादति|VERB ।|SYM
segment: मृगाणामिष्यते	मृगाणाम् इष्यते
segment: अत्रैव	अत्र एव
segment: दत्तं शप्तं	दत्तम् शप्तम्
segment: कर्तुमर्हति	कर्तुम् अर्हति
segment: अनुत्तरा वयम्	अनुत्तराः वयम्
segment: तदिति	तत् इति
segment: व्याप्तिग्रहप्रतिबन्धकत्वाभावादिति	व्याप्तिग्रहप्रतिबन्धकत्वाभावात् इति
segment: स्वैरं प्रविशन्तु	स्वैरम् प्रविशन्तु
segment: कार्यत्वावच्छिन्नं प्रत्युपादानत्वेनापि	कार्यत्वावच्छिन्नम् प्रति उपादानत्वेन अपि
segment: प्रविशतां भवन्तौ	प्रविशताम् भवन्तौ
segment: आर्यरामो महाराजश्च	आर्यः रामः महाराजः च
segment: नास्त इति	न आस्ते इति
segment: प्रेषितोऽहं नरेन्द्रेण	प्रेषितः अहम् नरेन्द्रेण
segment: एवमीश्वरज्ञानेच्छयोरपि	एवम् ईश्वरज्ञान इच्छयोः अपि
segment: सुप्रवेशं करोमि	सुप्रवेशम् करोमि
segment: यो नित्यानन्दस्वरूपशुद्धबुद्धात्मकचैतन्यस्वरूपात्मतः	यः नित्यानन्दस्वरूपशुद्धबुद्धात्मकचैतन्यस्वरूपात्मतः
segment: नानुमितिप्रतिबन्धकम्	न अनुमितिप्रतिबन्धकम्
segment: प्रलयसागरघोषतुल्यं	प्रलयसागरघोषतुल्यम्
tag: सीता फलम् ददति ।	सीता|NOUN फलम्|NOUN ददति|VERB ।|SYM
segment: क्षितित्वमत्र	क्षितित्वम् अत्र
segment: सुखवाचकानन्दपदस्य	सुखवाचक आनन्दपदस्य
tag: भगवान् दिदृक्षते ।	भगवान्|NOUN दिदृक्षते|VERB ।|SYM
segment: साध्यो	साध्यः
segment: समास्थायच्छलेनापहृता	समास्थाय छलेन अपहृता
segment: मुक्तिपूर्वं तत्त्वज्ञानस्यावश्यसत्वप्रतिपादनेन	मुक्तिपूर्वम् तत्त्वज्ञानस्यावश्यसत्वप्रतिपादनेन
segment: वाऽबली	वा अबली
segment: भिक्षां याचे]	भिक्षाम् याचे]
segment: शलभ इवाशु	शलभः इव आशु
segment: लक्ष्मणः---यदाज्ञापयत्यार्यः	लक्ष्मणः---यद् आज्ञापयति आर्यः
segment: दुर्योधनः---संभ्रम इति	दुर्योधनः---संभ्रमः इति
segment: इदमपि	इदम् अपि
tag: अहम् ददति ।	अहम्|PRON ददति|VERB ।|SYM
segment: सत्यमेव	सत्यम् एव
segment: इयं कौमोदकी	इयम् कौमोदकी
segment: सकर्तृकत्वमिह	सकर्तृकत्वम् इह
tag: मम दृश्यते ।	मम|PRON दृश्यते|VERB ।|SYM
segment: धर्मेऽतिव्याप्तिः	धर्मे अतिव्याप्तिः
segment: तथात्वमिति	तथात्वम् इति
segment: किमाह	किम् आह
segment: ज्ञानं प्रति	ज्ञानम् प्रति
segment: क्वचिदपि	क्वचित् अपि
segment: तत्रातिव्याप्तिरिति	तत्र अतिव्याप्तिः इति
segment: भवितुमर्हति	भवितुम् अर्हति
segment: कोऽन्यः	कः अन्यः
segment: अयमेव	अयम् एव
segment: साध्याभावप्रतियोगिकव्यतिरेकव्याप्तेरेव	साध्याभावप्रतियोगिकव्यतिरेकव्याप्तेः एव
segment: काञ्चुकीयः---अनुगृहीतोऽस्मि	काञ्चुकीयः---अनुगृहीतः अस्मि
tag: एतेषाम् पिबति ।	एतेषाम्|PRON पिबति|VERB ।|SYM
segment: शल्यः---ततस्ततः	शल्यः---ततः ततः
segment: तत्साध्यता	तत् साध्यता
segment: ज्ञानादिकमपि	ज्ञानादिकम् अपि
segment: ईश्वरात्मानि	ईश्वर आत्मानि
segment: सुव्यक्तमालिखितोऽयं चित्रपटः	सुव्यक्तम् अलिखितः अयम् चित्रपटः
tag: तया किसानः भाषते ।	तया|PRON किसानः|NOUN भाषते|VERB ।|SYM
tag: तीक्ष्णः किसानः कुर्वत ।	तीक्ष्णः|ADJ किसानः|NOUN कुर्वत|VERB ।|SYM
segment: शब्दत्वाभाववानिति	शब्दत्वाभाववान् इति
segment: रामः---दण्डितस्त्वं हि	रामः---दण्डितः त्वम् हि
segment: विष्णुरुच्यते	विष्णुः उच्यते
segment: किमाहतुर्भवन्तौ	किम् आहतुः भवन्तौ
segment: कार्यकारण-भावानन्त्यमिति	कार्यकारणभावानन्त्यम् इति
segment: हीतरसामग्रीसमवहितस्यापि	हि इतरसामग्रीसमवहितस्य अपि
tag: नरपुङ्गवः पाणिनिः व्याख्याति ।	नरपुङ्गवः|NOUN पाणिनिः|NOUN व्याख्याति|VERB ।|SYM
segment: प्रयोज्यत्वादेरनुपस्थिति	प्रयोज्यत्वादेः अनुपस्थिति
tag: तत्र रामः आगच्छति ।	तत्र|ADV रामः|NOUN आगच्छति|VERB ।|SYM
segment: करोत्यपाङ्गविक्षेपैः	करोति अपाङ्गविक्षेपैः
segment: युधिष्ठिरादयश्च	युधिष्ठिरादयः च
tag: यज्ञः शङ्खम् जगाद ।	यज्ञः|NOUN शङ्खम्|NOUN जगाद|VERB ।|SYM
segment: प्रतियोगिताकस्तथा	प्रतियोगिताकः तथा
segment: नाहं गन्तुं	न अहम् गन्तुम्
segment: निश्चितसाध्यवद्विपक्षयोरुभयेरपि	निश्चितसाध्यवद्विपक्षयोः उभयो अपि
segment: किमेतद्]	किम् एतत्]
segment: दुःखनिवृत्तिर्मुक्तिरित्याचार्याः	दुःखनिवृत्तिः मुक्तिः इति आचार्याः
segment: किमास्से	किम् आस्से
segment: तमेतं वेदानुवचनेन	तम् एतम् वेद अनुवचनेन
segment: भयाभिभूता	भया अभिभूताः
segment: अन्यथोदाहरणमपि	अन्यथा उदाहरणम् अपि
segment: युद्धेष्वनिवर्तिताशा	युद्धेषु अनिवर्तिताशा
segment: चैवं	च एवं
segment: तत्त्वज्ञानं	तत्त्वज्ञानम् विनापि
segment: किमिति	किम् इति
tag: मन्दम् हनुमान् निगच्छति ।	मन्दम्|ADV हनुमान्|NOUN निगच्छति|VERB ।|SYM
segment: बालो न	बालः न
segment: इत्याकारकं	इति आकारकम्
segment: वर्षतीवाञ्जनं नभः	वर्षति इव अञ्जनम् नभः
segment: वच्छिन्नस्यार्थ	वच्छिन्नस्य अर्थ
segment: व्यभिचारादावपि-क	व्यभिचारादौ अपि-क
segment: वृद्धं स्वपितरं	वृद्धम् स्वपितरम्
segment: वृद्धोऽप्यनाततवलीगुरुसंहतांसः	वृद्धः अपि अनाततवलीगुरुसंहतांसः
segment: काशीमरणादेर्हेतुत्वा	काशीमरणादेः हेतुत्वा
segment: चेष्टमेवैतदपरोक्षत्वस्वजातित्वमनभ्युपगच्छतामस्माकमिति	च एष्टम् एव एतत् अपरोक्षत्वस्वजातित्वमनभ्युपगच्छताम् अस्माकम् इति
segment: राहोर्वदनमण्डले	राहोः वदनमण्डले
segment: योऽत्र	यः अत्र
segment: तृणान्तराभिभाष्यो भवान्	तृणान्तराभिभाष्यः भवान्
segment: तावदवलोकयामि	तावत् अवलोकयामि
tag: मातृ अयोध्या भुङ्क्ते ।	मातृ|NOUN अयोध्या|NOUN भुङ्क्ते|VERB ।|SYM
segment: निरवच्छिन्नज्ञानत्वावच्छिन्नं प्रति	निरवच्छिन्नज्ञानत्वावच्छिन्नम् प्रति
segment: नमुचिर्येन	नमुचिः येन
segment: यो हि	यः हि
segment: एष भस्मीकरोम्यस्मत्	एषः भस्मीकरोमि अस्मत्
segment: प्रवादोपि	प्रवादः अपि
segment: ईश्वरविषयकं जीवात्मविषयकं	ईश्वरविषयकम् जीवात्मविषयकम्
tag: द्रुपदः स्मरति ।	द्रुपदः|NOUN स्मरति|VERB ।|SYM
segment: तत्पुरस्कारेणैवोक्तलक्षणगमनं	तत्पुरस्कारेण एव उक्तलक्षणगमनं
tag: यः कुर्वत ।	यः|PRON कुर्वत|VERB ।|SYM
segment: दौत्येनागतः	दौत्येन आगतः
segment: बलवीर्यज्ञा मया	बलवीर्यज्ञाः मया
segment: विरूध्यतेति	विरूध्यत इति
segment: नौर्विपन्ना	नौः विपन्ना
segment: प्रथमः---रावणमपि	प्रथमः---रावणम् अपि
segment: एतत्त्वादित्यादौ	एतत्त्वात् इत्यादौ
segment: भगवतो विपुलप्रसादा-	भगवतः विपुलप्रसादात्
tag: अत्र गंगा घोषयति ।	अत्र|ADV गंगा|NOUN घोषयति|VERB ।|SYM
tag: यः अशोकः संभवति ।	यः|PRON अशोकः|NOUN संभवति|VERB ।|SYM
segment: वयमपि	वयम् अपि
segment: एवमार्यमिश्रान्	एवम् आर्यमिश्रान्
segment: एवं शोचन्तमार्यपुत्रं	एवम् शोचन्तम् आर्यपुत्रम्
segment: स्वाचरणे	स्व आचरणे
segment: सुदर्शनः---कथं कथं	सुदर्शनः---कथम् कथम्
segment: पितामहमाह	पितामहम् आह
segment: .प्रतिबन्धकम्--तत्सामग्र्यपि-ख	.प्रतिबन्धकम्--तत्सामग्री अपि-ख
segment: शब्दत्वादेर्वृत्तिमत्त्वग्रहे	शब्दत्वादेः वृत्तिमत्त्वग्रहे
segment: मार्गं दातुमर्हति	मार्गम् दातुम् अर्हति
segment: सत्प्रति	सत् प्रति
segment: एतदेव	एतद् एव
segment: हरिरिव	हरिः इव
tag: उत्तमः ज्ञानम् विमृशति ।	उत्तमः|ADJ ज्ञानम्|NOUN विमृशति|VERB ।|SYM
segment: स किं	सः किं
segment: विरुद्धस्येति	विरुद्धस्य इति
segment: .एतत्पूर्वमपि	.एतत्पूर्वम् अपि
segment: धूमादावपीत्यत उक्तम्---सर्वेति	धूमादौ अपि इत्यतः उक्तम्---सर्वे इति
segment: भवेद् विफलश्रमः	भवेत् विफलश्रमः
segment: हरीणामधिपेन	हरीणाम् अधिपेन
segment: संग्रह इति	संग्रहः इति
segment: तज्ञानस्यानुमितिप्रतिबन्धकत्वादनुमितिप्रतिबन्धकतावच्छेदकरूप.सत्प्रतिपक्षत्वासाधारणत्वयोर्भावान्न	तत् ज्ञानस्य अनुमितिप्रतिबन्धकत्वात् अनुमितिप्रतिबन्धकतावच्छेदकरूपसत्प्रतिपक्षत्वासाधारणत्वयोः भावात् न
segment: केनचिद् वानरेण	केनचित् वानरेण
segment: यावदपसर्पामि	यावद् अपसर्पामि
segment: पुनर्भवतो भविष्यति	पुनः भवतः भविष्यति
segment: स्यादिति	स्यात् इति
segment: शूरश्च	शूरः च
segment: तत्त्वज्ञानजन्यतानुपपत्तेश्च	तत्त्वज्ञानजन्यतानुपपत्तेः च
segment: ब्रह्मणो रूपमित्यस्यापि	ब्रह्मणः रूपम् इति अस्य अपि
segment: हेत्वाभासतोपाधित्वमस्तु	हेत्वाभासतोपाधित्वम् अस्तु
segment: मेऽद्य	मे अद्य
segment: स एव	सः एव
segment: लक्ष्मणः---जयत्वार्यः	लक्ष्मणः---जयतु आर्यः
segment: विद्ब्रह्म	वित् ब्रह्म
segment: नित्यसुखज्ञानादन्यदलीकमिति	नित्यसुखज्ञानादन्यदलीकम् इति
segment: हेतुरित्येवोद्भाव्यत इत्यर्थः	हेतुः इति एव उद्भाव्यते इति अर्थः
segment: प्रतिष्ठित	प्रतिष्ठितम् इति अस्य अपि
segment: अतो दूरेऽवतिष्ठेत	अतः दूरे अवतिष्ठेत
segment: कर्तुमिच्छति	कर्तुम् इच्छति
segment: वत्सेनेन्द्रजिता	वत्सेन इन्द्रजिता
segment: तद्विषयीभूतस्यैव	तद्विषयीभूतस्य एव
segment: वासुदेवः---सर्वं गृह्णामि	वासुदेवः---सर्वम् गृह्णामि
segment: यद्यहं रावणं	यदि अहम् रावणम्
segment: किमिति	किम् इति
segment: कुशलमनामयं च	कुशलम् अनामयम् च
segment: एवं परस्परविरोधविवर्धनेन	एवम् परस्परविरोधविवर्धनेन
segment: तद्वत्त्वरूपं	तद्वत् तु अरूपं
segment: स रणे	सः रणे
segment: शब्द इव	शब्दः इव
segment: सत्यमेतत्	सत्यम् एतत्
tag: कस्मिंश्चित् ऋतुः ब्रवीमि ।	कस्मिंश्चित्|PRON ऋतुः|NOUN ब्रवीमि|VERB ।|SYM
segment: यथोक्ताः'	यथा उक्ताः'
segment: कथं वा	कथम् वा
segment: रूपेणान्यत्रेवात्रापि	रूपेण अन्यत्र एव अत्र अपि
segment: त्वरिततरहयं स्यन्दनं	त्वरिततरहयम् स्यन्दनम्
segment: दत्तं च	दत्तम् च
segment: आसातां भवन्तौ	आसाताम् भवन्तौ
segment: नैवाप्नोति	नैव आप्नोति
segment: प्रतिस्थापनानुमान	प्रतिस्थापन अनुमान
segment: स्वजननस्वरूपस्वो	स्वजननस्वरूपस्वः
segment: एकलव्यस्तयैवाभूत्	एकलव्यः तया एव अभूत्
segment: हितं पश्यामि	हितम् पश्यामि
segment: साम्प्रतं	साम्प्रतम्
tag: कुन्तिभोजः श्रावयामास ।	कुन्तिभोजः|NOUN श्रावयामास|VERB ।|SYM
tag: उच्चैः वचनम् शिक्षते ।	उच्चैः|ADV वचनम्|NOUN शिक्षते|VERB ।|SYM
segment: अस्तमितो भगवान्	अस्तम् इतः भगवान्
segment: किमर्थमिहागत इति	किम् अर्थम् इह आगतः इति
tag: धृतराष्ट्र फलम् ब्रवीमि ।	धृतराष्ट्र|NOUN फलम्|NOUN ब्रवीमि|VERB ।|SYM
segment: प्रस्थितो नागकेतुः	प्रस्थितः नागकेतुः
segment: तस्मादुभयं परिहृत्य	तस्मात् उभयम् परिहृत्य
segment: स क्षामवक्त्रं	सः क्षामवक्त्रम्
segment: मुनिशापमाप्तवान्	मुनिशापम् आप्तवान्
segment: ह्यत्रेव	हि अत्र एव
segment: व्याप्तिज्ञानेनैवान्यथासिद्धतया	व्याप्तिज्ञानेन एव अन्यथासिद्धतया
tag: स्थूलः सिंहः पिबति ।	स्थूलः|ADJ सिंहः|NOUN पिबति|VERB ।|SYM
segment: चतुर्थोऽङ्कः	चतुर्थः अङ्कः
segment: त्वेवं हि	तु एवम् हि
segment: श्रोतुमर्हति	श्रोतुम् अर्हति
segment: चेन्मैवम्	चेत् मा एवम्
segment: यथार्कः	यथा अर्कः
segment: सुरैरद्य	सुरैः अद्य
segment: चाद्वैतवादापत्तिः	च अद्वैतवाद आपत्तिः
segment: सुतेनाप्रतिमं हृतं	सुतेन अप्रतिमम् हृतम्
segment: सुखदुःखाभावान्यतरस्य	सुखदुःखाभाव अन्यतरस्य
tag: युधामन्युः भुङ्क्ते ।	युधामन्युः|NOUN भुङ्क्ते|VERB ।|SYM
tag: ऋषिकेशः काशी गच्छति ।	ऋषिकेशः|NOUN काशी|NOUN गच्छति|VERB ।|SYM
segment: .व्याप्तिरेव	.व्याप्तिः एव
tag: मनोहरः सेवायाम् स्मरति ।	मनोहरः|ADJ सेवायाम्|NOUN स्मरति|VERB ।|SYM
segment: महाराजायाङ्गेश्वराय	महाराजाय अङ्गेश्वराय
tag: पाणिनिः च रक्षकाः श्रावयामास ।	पाणिनिः|NOUN च|CONJ रक्षकाः|NOUN श्रावयामास|VERB ।|SYM
segment: दुःखं तद्ध्वंसत्वं	दुःखम् तत् ध्वंसत्वम्
segment: अलमलं विषादेन	अलम् अलम् विषादेन
segment: त्रिचरणातिक्रान्तत्रिलोको नारायणः	त्रिचरणातिक्रान्तत्रिलोकः नारायणः
segment: अतो नातिव्याप्तिरिति	अतः न अतिव्याप्तिः इति
segment: व्यभिचारज्ञानत्वेनैव	व्यभिचारज्ञानत्वेन एव
segment: तत्सामग्र्यपि	तत्सामग्री अपि
segment: निश्चित-साध्यवद्वृत्तित्वे	निश्चित-साध्यवत् वृत्तित्वे
segment: पाशैर्बध्नामि	पाशैः बध्नामि
segment: सुग्रीवः---यदाज्ञापयति	सुग्रीवः---यद् आज्ञापयति
segment: काञ्चुकीयः---यदाज्ञापयति	काञ्चुकीयः---यद् आज्ञापयति
segment: परमिच्छामि	परम् इच्छामि
segment: पतितं शिरः	पतितम् शिरः
segment: भ्रातार्जुनो मे	भ्राता अर्जुनः मे
segment: तमोऽङ्गानि	तमः अङ्गानि
segment: बहिर्वृत्तिश्चक्षुरादीन्द्रियसंबन्धोपि	बहिर्वृत्तिः चक्षुरादि इन्द्रियसंबन्धः अपि
tag: एतत् संभवति ।	एतत्|PRON संभवति|VERB ।|SYM
segment: को हि	कः हि
tag: चमूम् युद्धविशारदाः भुङ्क्ते ।	चमूम्|NOUN युद्धविशारदाः|ADJ भुङ्क्ते|VERB ।|SYM
segment: प्रवेश्यतां विभीषणः	प्रवेश्यताम् विभीषणः
segment: आवामार्यकुमुदस्य	आवाम् आर्यकुमुदस्य
segment: करोतीत्यादिकमपि	करोति इति आदिकम् अपि
segment: समाधेय इति	समाधेयः इति
segment: रावणस्याचिरेण	रावणस्य अचिरेण
segment: प्रायशिचत्तादौ	दुरितध्वंसम् उद्दिश्य
segment: वचनादिह	वचनात् इह
segment: तद् भवत्यच्छमेव	तत् भवति अच्छम् एव
segment: तत्त्वज्ञानम्	तत् त्व ज्ञानम्
segment: श्रोतव्यो जनार्दनसन्देशः	श्रोतव्यः जनार्दनसन्देशः
segment: पञ्चभिरुपाधिभिर्विभज्यन्त इत्याह----ते	पञ्चभिः उपाधिभिः विभज्यन्ते इति आह----ते
segment: प्रामाणिकगौरवस्यादोषत्वादिति	प्रामाणिकगौरवस्यादोषत्वात् इति
tag: असौ शास्त्रम् पश्यति ।	असौ|PRON शास्त्रम्|NOUN पश्यति|VERB ।|SYM
tag: विद्यालयः भीष्मम् रक्ष्यते ।	विद्यालयः|NOUN भीष्मम्|NOUN रक्ष्यते|VERB ।|SYM
segment: कनकरचितदण्डां शक्तिमुल्लालयन्तं	कनकरचितदण्डाम् शक्तिम् उल्लालयन्तम्
segment: कर्तुं जातस्य	कर्तुम् जातस्य
segment: प्रतिबन्धकत्वमिति	प्रतिबन्धकत्वम् इति
segment: नान्यः	न अन्यः
segment: व्यक्तं दैवगतिं	व्यक्तम् दैवगतिम्
tag: तत्तत् सत्त्वम् अभ्यहन्यन्त ।	तत्तत्|PRON सत्त्वम्|NOUN अभ्यहन्यन्त|VERB ।|SYM
tag: रूपम् द्वारम् निवेदयति ।	रूपम्|NOUN द्वारम्|NOUN निवेदयति|VERB ।|SYM
segment: वारिधारा वृषं	वारिधाराः वृषम्
tag: व्याघ्रः सूचयति ।	व्याघ्रः|NOUN सूचयति|VERB ।|SYM
segment: खल्वार्यपुत्रस्यागमनेन	खलु आर्यपुत्रस्य आगमनेन
segment: सूर्याविव	सूर्यौ इव
segment: तं हत्वा	तम् हत्वा
segment: नन्वज्ञानपदस्य	ननु अज्ञानपदस्य
segment: यतो दुःखवद्भिन्न	यतः दुःखवद्भिन्न
segment: मित्रातनयत्वादित्यत्र	मित्रातनयत्वात् इति अत्र
tag: द्रौपदेयाः राज्ञाम् प्रादुरासीत् ।	द्रौपदेयाः|NOUN राज्ञाम्|NOUN प्रादुरासीत्|VERB ।|SYM
segment: चिरं स्वैर्दुष्कृतैर्जीवितम्	चिरम् स्वैः दुष्कृतैः जीवितम्
tag: तुमुलः महेशः गायति ।	तुमुलः|ADJ महेशः|NOUN गायति|VERB ।|SYM
tag: समानः वाल्मीकिः शिक्षते ।	समानः|ADJ वाल्मीकिः|NOUN शिक्षते|VERB ।|SYM
segment: निवेद्यतां निवेद्यतां	निवेद्यताम् निवेद्यताम्
segment: साक्षादतिरिक्तविषयता	साक्षात् अतिरिक्तविषयता
segment: धूमविषयत्वेनैव	धूमविषयत्वेन एव
segment: पक्षीयव्यभिचारसंशयान्न	पक्षीयव्यभिचारसंशयात् न
segment: साक्षात्कारस्तत्त्वज्ञानपदार्थः	साक्षात्कारः तत्त्वज्ञानपदार्थः
segment: परार्थानुमाने	परार्थ अनुमाने
segment: प्रथमः---तदागम्यताम्	प्रथमः---तद् आगम्यताम्
segment: दुरूपवादमेवेति	दुरूपवादम् एव इति
segment: देहान्तरं गता	देहान्तरम् गता
segment: स्वयं नरपतिर्दत्तास्पदो	स्वयम् नरपतिः दत्तास्पदः
segment: तद्वारणार्थं घटदिवृत्तिलौकिकविषयतासंबन्धेन	तद्वारणार्थम् घटदिवृत्तिलौकिकविषयतासंबन्धेन
segment: तदप्रमत्ता भवन्तु	तद् अप्रमत्ताः भवन्तु
segment: गौरवाच्च	गौरवात् च
segment: ईश्वरस्यैकमेव	ईश्वरस्य एकम् एव
tag: धनवान् अर्जुनः कामयते ।	धनवान्|ADJ अर्जुनः|NOUN कामयते|VERB ।|SYM
segment: स्वैरं वा	स्वैरम् वा
segment: एष सहस्रहंसप्रयुक्तो	एषः सहस्रहंसप्रयुक्तः
segment: गर्वाद्धरिगणपरिवारो हाससम्फुल्लनेत्रः	गर्वात् हरिगणपरिवारः हाससम्फुल्लनेत्रः
segment: सुनिर्लज्जो वक्तुमिच्छसि	सुनिर्लज्जः वक्तुम् इच्छसि
segment: त्वद्वचोभिर्न	त्वद्वचोभिः न
segment: निदिध्यासितव्यश्चेति	निदिध्यासितव्यः च इति
segment: जन्यमिति	जन्यम् इति
segment: सुयोधनोऽयं स्वजनावमानं	सुयोधनः अयम् स्वजनावमानम्
segment: युक्तं राघवमेवं	युक्तम् राघवम् एवम्
segment: स्वच्छन्दमृत्युर्निहतो हि	स्वच्छन्दमृत्युः निहतः हि
segment: यावद् गच्छामि	यावत् गच्छामि
segment: दुर्योधनः---कथं कथम्	दुर्योधनः---कथम् कथम्
segment: किमिति	किम् इति
segment: ईदृशो लोकधर्मः	ईदृशः लोकधर्मः
tag: नहि मन्त्री अब्रवीत् ।	नहि|ADV मन्त्री|NOUN अब्रवीत्|VERB ।|SYM
segment: तादृशजातिसिद्धिरिति	तादृशजातिसिद्धिः इति
tag: प्रतापवान् पर्वतः चिन्तयति ।	प्रतापवान्|ADJ पर्वतः|NOUN चिन्तयति|VERB ।|SYM
segment: चैवं सति	च एवम् सति
segment: पूर्णेन्दुकुन्दकुमुदोदरहारगौरो	पूर्णेन्दुकुन्दकुमुदोदरहारगौरः
segment: राजानं दशरथं	राजानम् दशरथम्
segment: यद् रोचते	यत् रोचते
segment: वानरा आगताः	वानराः आगताः
segment: सन्दिधक्षुर्यथैव	सन्दिधक्षुः यथा एव
segment: विषयताप्रत्यासत्त्यैव	विषयताप्रत्यासत्त्या एव
tag: वेगवान् राज्ञाम् विमृशति ।	वेगवान्|ADJ राज्ञाम्|NOUN विमृशति|VERB ।|SYM
tag: कविर्मुनिः उवाच ।	कविर्मुनिः|NOUN उवाच|VERB ।|SYM
segment: नित्यं पुष्पफलाढ्यपादपयुता	नित्यम् पुष्पफलाढ्यपादपयुताः
segment: यतो जनः	यतः जनः
segment: कर्तव्यं रणशिरसि	कर्तव्यम् रणशिरसि
segment: राज्ञस्तस्य	राज्ञः तस्य
segment: हृतं यशः	हृतम् यशः
segment: महानुद्घोषः	महान् उद्घोषः
segment: जयद्रथो निहतः	जयद्रथः निहतः
segment: मुद्यत्प्रभावलयिनं परशुं	उद्यत्प्रभावलयिनम् परशुम्
segment: नरपतिर्दत्तास्पदो वीर्यवान्	नरपतिः दत्तास्पदः वीर्यवान्
tag: राजा च वाजश्रवाः ब्रवीमि ।	राजा|NOUN च|CONJ वाजश्रवाः|NOUN ब्रवीमि|VERB ।|SYM
segment: चेति	च इति
segment: प्रतिष्ठित	प्रतिष्ठितम् इति अस्य
segment: सत्प्रतिपक्षभेदो न	सत्प्रतिपक्षभेदः न
tag: फलम् उपदिशति ।	फलम्|NOUN उपदिशति|VERB ।|SYM
segment: स तु	सः तु
segment: स्वप्रकृतेस्त्यागं	स्वप्रकृतेः त्यागं
tag: चतुरः कमरबन्दः करोति ।	चतुरः|ADJ कमरबन्दः|NOUN करोति|VERB ।|SYM
tag: इयम् भाषते ।	इयम्|PRON भाषते|VERB ।|SYM
segment: अदण्ड्यो नैव	अदण्ड्यः न एव
segment: दृष्टा मया	दृष्टाः मया
segment: जातिस्तेजस्त्वादिना	जातिः तेजस्त्वादिना
segment: चितारोहणं चितारोहणम्	चितारोहणम् चितारोहणम्
segment: दैवगतिं गतेन	दैवगतिम् गतेन
tag: शुकं महतीम् समीक्षते ।	शुकं|NOUN महतीम्|ADJ समीक्षते|VERB ।|SYM
segment: तत्त्वमसि	तत्त्वम् असि
segment: छलयितुमक्रमेण	छलयितुम् अक्रमेण
segment: कल्पनीयमिति	कल्पनीयम् इति
segment: शङ्कुकर्णः---अनन्तरीयं बलमाज्ञापयितुमर्हति	शङ्कुकर्णः---अनन्तरीयम् बलम् आज्ञापयितुम् अर्हति
segment: तद्वदिदं	तद्वत् इदं
segment: सन्तो	सन्तः
segment: तदवच्छिन्नस्यापत्ति	तदवच्छिन्नस्य आपत्ति
tag: अत्र शूराः महेष्वासाः भीमार्जुनसमाः युधि । युयुधानः विराटः च द्रुपदः च महारथः ॥	अत्र|ADV शूराः|NOUN महेष्वासाः|ADJ भीमार्जुनसमाः|ADJ युधि|NOUN ।|SYM युयुधानः|NOUN विराटः|NOUN च|CONJ द्रुपदः|NOUN च|CONJ महारथः|NOUN ॥|SYM
segment: को भवान्	कः भवान्
segment: पुनर्वानराणाम्	पुनः वानराणाम्
tag: वाक्यम् राजा रक्ष्यते ।	वाक्यम्|NOUN राजा|NOUN रक्ष्यते|VERB ।|SYM
segment: पतितैरभिषेकतोयैः	पतितैः अभिषेकतोयैः
segment: वाऽराजा	वा अराजा
segment: राक्षसकुलं दृष्ट्वास्पदमलभमानौ	राक्षसकुलम् दृष्ट्वा आस्पदम् अलभमानौ
segment: .तद्विषयकत्वेन	.तत् विषयकत्वेन
segment: प्रारब्धकर्मणां न	प्रारब्धकर्मणाम् न
segment: [अनिष्टान्यनर्हाण्यनिमित्तानीदानीं कुर्वतो	[अनिष्टानि अनर्हाणि अनिमित्तानि इदानीम् कुर्वतः
segment: विद्यारक्षितमद्य	विद्यारक्षितम् अद्य
segment: प्रीतोऽस्मि	प्रीतः अस्मि
tag: द्वारम् जानाति ।	द्वारम्|NOUN जानाति|VERB ।|SYM
segment: रामः---सम्यगभिहितं लक्ष्मणेन	रामः---सम्यक् अभिहितम् लक्ष्मणेन
segment: ब्रह्मणो	ब्रह्मणः रूपम्
segment: चेन्नृपतित्वमाप्तुमचिरात्	चेत् नृपतित्वम् आप्तुम् अचिरात्
segment: नास्ति	न अस्ति
segment: स्यादिति	स्यात् इति
segment: पादपमूलमाश्रित्य	पादपमूलम् आश्रित्य
segment: तत्तत्पुरूषीयात्मनां	तत्तत् पुरुषीयात्मनाम्
segment: संभ्रान्तो भृत्यो	संभ्रान्तः भृत्यः
segment: समुत्पन्नो मारुतस्यौरसः	समुत्पन्नः मारुतस्य औरसः
segment: बाणैरङ्किता भूमिपालाः	बाणैः अङ्किताः भूमिपालाः
segment: दातव्यं न	दातव्यम् न
tag: एताः विमृशति ।	एताः|PRON विमृशति|VERB ।|SYM
segment: यद् उक्तवान्	यत् उक्तवान्
tag: भगवान् स्थापयति ।	भगवान्|NOUN स्थापयति|VERB ।|SYM
segment: पुष्पफलाढ्यपादपयुता देशाश्च	पुष्पफलाढ्यपादपयुताः देशाः च
segment: लक्ष्मीं जानीहि	लक्ष्मीम् जानीहि
segment: फलवृत्तित्वादिति	फलवृत्तित्वात् इति
segment: व्यभिचारादिति	व्यभिचारात् इति
segment: प्रशान्तरोषो भगवान्	प्रशान्तरोषः भगवान्
segment: द्रौपदीकेशघर्षणमत्रालिखितम्	द्रौपदीकेशघर्षणम् अत्र आलिखितम्
segment: भवत्येव	भवति एव
segment: चावश्यक्लृप्तेश्वर	च आवश्यक्लृप्तेश्वर
segment: सुतरां तदीयनित्य	सुतराम् तदीयनित्य
segment: तत्सन्देहे	तत् संदेहे
segment: स बालभावाददृष्टदोषः	सः बालभावात् अदृष्टदोषः
segment: नीचोऽहमेव	नीचः अहम् एव
segment: खल्वेतस्मिन्	खलु एतस्मिन्
segment: युक्तिकमेव	युक्तिकम् एव
tag: युयुधानः अप्रशस्तः दृश्यते ।	युयुधानः|NOUN अप्रशस्तः|ADJ दृश्यते|VERB ।|SYM
segment: धर्मराजवचनाद् धनञ्जयाकृत्रिममित्रतया	धर्मराजवचनात् धनञ्जयाकृत्रिममित्रतया
segment: कञ्चिद् दर्शयते	कञ्चित् दर्शयते
segment: सहकारिताभ्युपगमेनैव	सहकारिता अभ्युपगमेन एव
tag: यथाभागम् गुरुः ब्रवीमि ।	यथाभागम्|ADV गुरुः|NOUN ब्रवीमि|VERB ।|SYM
segment: एष खलु	एषः खलु
segment: कनकं ददामि	कनकम् ददामि
segment: इत्यादीना	इति आदीना
tag: सर्वः मूलम् मारयति ।	सर्वः|ADJ मूलम्|NOUN मारयति|VERB ।|SYM
tag: सः दिदृक्षते ।	सः|PRON दिदृक्षते|VERB ।|SYM
segment: .विशेषणमेव	.विशेषणम् एव
segment: कुरूणां	कुरूणाम्
segment: अयमार्यां	अयम् आर्यां
segment: येनाहं कृतमङ्गलप्रतिसरो	येन अहम् कृतमङ्गलप्रतिसरः
segment: नास्ति	न अस्ति
segment: पुनरम्बिकायाम्	पुनः अम्बिकायाम्
segment: विसंज्ञं	विसंज्ञम्
segment: योगक्षेमसाधारणं तज्जन्यत्वं	योगक्षेमसाधारणम् तज्जन्यत्वम्
tag: अन्यायः च कविर्मुनिः विमृशति ।	अन्यायः|NOUN च|CONJ कविर्मुनिः|NOUN विमृशति|VERB ।|SYM
segment: कस्यचिद् वस्तु	कस्यचित् वस्तु
segment: स्खलन्तो विवशास्तुरङ्गमाः	स्खलन्तः विवशाः तुरङ्गमाः
segment: कथं केशवं	कथम् केशवम्
segment: खल्वापः	खलु आपः
segment: तन्नोद्भाव्यते	तत् न उद्भाव्यते
segment: चारिभिरेतौ	चारिभिः एतौ
segment: देवं च	देवम् च
segment: सविषयकत्वमिति	सविषयकत्वम् इति
segment: वार्जुनसमीपे	वा अर्जुनसमीपे
segment: दुःखेनात्यन्तविमुक्तश्ररतीति"	दुःखेन अत्यन्तविमुक्तश्ररति इति"
segment: वक्तुकाममिव	वक्तुकामम् इव
segment: शासको गुणयुक्तश्चेत्	शासकः गुणयुक्तः चेत्
segment: सितनखदशनानां वारणानामनेकं	सितनखदशनानाम् वारणानाम् अनेकम्
segment: घटात्वादिमत्त्वमादाय	घटात्वादिमत्त्वम् आदाय
segment: आपस्तावत्	आपः तावत्
segment: व्यभिचारादिवद्धेत्वाभासान्तरतापत्तेः	व्यभिचारादिवत् हेत्वाभासान्तरतापत्तेः
segment: सुग्रीवः---सम्यगाह	सुग्रीवः---सम्यक् आह
segment: एष युधिष्ठिरः	एषः युधिष्ठिरः
segment: किं न	किम् न
tag: सहसा द्रुपदपुत्रेण संभवति ।	सहसा|ADV द्रुपदपुत्रेण|NOUN संभवति|VERB ।|SYM
segment: सलक्ष्मणेनाद्य	सलक्ष्मणेन अद्य
tag: कः निबोध ।	कः|PRON निबोध|VERB ।|SYM
segment: कनकरचितविद्रुमेन्द्रनीलैर्विकृतमहाद्रुमपङ्क्तिचित्रदेशा	कनकरचितविद्रुमेन्द्रनीलैः विकृतमहाद्रुमपङ्क्तिचित्रदेशा
segment: एवमाज्ञापयत्यार्यः	एवम् आज्ञापयति आर्यः
segment: बाधस्यैव-ख	बाधस्य एव-ख
segment: द्विधाभूत इव	द्विधाभूतः इव
segment: कृत्रिमतामुपाश्रयेत्	कृत्रिमताम् उपाश्रयेत्
segment: तादृशज्ञानस्याप्ययथार्थत्वेनाव्याप्तिर्वज्रलेपायितैव	तादृशज्ञानस्य अपि अयथार्थत्वेन अव्याप्तिः वज्रलेपायितः एव
segment: लिखत्यभिखं नयज्ञः	लिखति अभिखम् नयज्ञः
segment: सत्प्रतिपक्षविशेषतापत्तेश्च	सत्प्रतिपक्षविशेषतापत्तेः च
segment: स्वैर्दुष्कृतैर्जीवितम्	स्वैः दुष्कृतैः जीवितम्
segment: स्पृशधातोरूत्पत्तौ	स्पृशधातोः उत्पत्तौ
segment: प्रकृतयो भवन्तमुपस्थिताः	प्रकृतयः भवन्तम् उपस्थिताः
segment: नयनान्यालोक्य	नयनानि आलोक्य
segment: सुहृदश्च	सुहृदः च
segment: तस्माद् वयमप्येतेषामेतान्	तस्मात् वयम् अपि एतेषाम् एतान्
segment: क्षयमवघोषयत्यभीतः	क्षयम् अवघोषयति अभीतः
segment: ईदृशमिव	ईदृशम् इव
segment: रुद्रश्च	रुद्रः च
segment: ज्ञानं च	ज्ञानम् च
segment: .चाप्तवाक्यादेवानित्यत्व-क	.च आप्तवाक्यात् एव अनित्यत्व-क
segment: हेत्वाभासत्वमित्यर्थः	हेत्वाभासत्वम् इति अर्थः
segment: सृष्टं त्वयेव	सृष्टम् त्वया एव
tag: महान् अग्निः करोति ।	महान्|ADJ अग्निः|NOUN करोति|VERB ।|SYM
segment: प्रेषितास्तेषामस्म्यहमद्य	प्रेषिताः तेषाम् अस्मि अहम् अद्य
segment: ज्ञानादिजनकत्वं त्वन्तः	ज्ञानादिजनकत्वम् त्वन्तः
segment: कान्तां मेरुगुहामेव	कान्ताम् मेरुगुहाम् एव
tag: क्षेत्रम् च पितृ करोति ।	क्षेत्रम्|NOUN च|CONJ पितृ|NOUN करोति|VERB ।|SYM
segment: शक्तो न	शक्तः न
segment: अनुभूतं महद्	अनुभूतम् महत्
segment: वानरेन्द्रस्तु	वानरेन्द्रः तु
segment: कवचं सह	कवचम् सह
tag: नगरम् च आचार्यम् नमस्कृत्य ।	नगरम्|NOUN च|CONJ आचार्यम्|NOUN नमस्कृत्य|VERB ।|SYM
segment: विभीषणः---यदाज्ञापयति	विभीषणः---यद् आज्ञापयति
segment: तत्तद्दुरितध्वंसत्व	तत्तत् दुरितध्वंसत्व
segment: वास्ति	वा अस्ति
segment: रभसविवृतवक्त्रा राक्षसाः	रभसविवृतवक्त्राः राक्षसाः
tag: सर्वे राज्ञाम् संगच्छति ।	सर्वे|PRON राज्ञाम्|NOUN संगच्छति|VERB ।|SYM
segment: कालचक्रं तवाद्य	कालचक्रम् तव अद्य
segment: सार्धं	सार्धम्
segment: इदानीमपि	इदानीम् अपि
segment: .सत्प्रतिपक्षरूपतयैव-ख	.सत्प्रतिपक्षरूपतया एव-ख
segment: सौभद्रेणेदृशं कृतम्	सौभद्रेण ईदृशम् कृतम्
tag: चमूम् अग्निः प्रकाशयति ।	चमूम्|NOUN अग्निः|NOUN प्रकाशयति|VERB ।|SYM
segment: सागरोऽद्य	सागरः अद्य
segment: स विकरोति	सः विकरोति
segment: इदं कुलं	इदम् कुलम्
segment: (अधो विलोक्य)	(अधः विलोक्य)
segment: पदयात्रया तयोः	पदयात्रायाः तयोः
tag: सौभद्रः वाजश्रवाः दध्मौ ।	सौभद्रः|NOUN वाजश्रवाः|NOUN दध्मौ|VERB ।|SYM
tag: धर्मः अत्यधिकः संभवति ।	धर्मः|NOUN अत्यधिकः|ADJ संभवति|VERB ।|SYM
segment: नास्तीति--ख	न अस्ति इति--ख
segment: रावणः---कथं हता	रावणः---कथम् हताः
segment: ...इत्याशयेनह--ख	...इति आशयेन आह--ख
tag: अधीरः धर्मक्षेत्रे बुभूषति ।	अधीरः|ADJ धर्मक्षेत्रे|NOUN बुभूषति|VERB ।|SYM
segment: ...व्यावृत्तत्वस्योभय-ख	...व्यावृत्तत्वस्य उभय-ख
segment: बाधकाभावाच्च	बाधकाभावात् च
tag: प्रौढः कुरुवृद्धः ताडयति ।	प्रौढः|ADJ कुरुवृद्धः|NOUN ताडयति|VERB ।|SYM
segment: तं विदित्वैवेति	तम् विदित्व एव इति
segment: नररूपमुपाश्रितस्य	नररूपम् उपाश्रितस्य
segment: प्रियमण्डनापि	प्रियमण्डन अपि
segment: सद्यस्तत्	सद्यः तत्
segment: सूर्यादिस्तत्र	सूर्यादिः तत्र
segment: किन्त्वन्यो	किन्तु अन्यः
segment: स प्रियपाण्डवत्वात्	सः प्रियपाण्डवत्वात्
segment: कर्णः---किं नेच्छति	कर्णः---किम् न इच्छति
segment: पुरुषोत्तमो नारायणः	पुरुषोत्तमः नारायणः
segment: विद्यतेयनायेति	विद्यते अयनायेति
segment: पाण्डवेष्वेकपुरुषवधार्थममोघमस्त्रं विमला	पाण्डवेषु एकपुरुषवधार्थम् अमोघम् अस्त्रम् विमला
segment: सयोधा	सयोधाः
segment: ज्वलनमिहाशु	ज्वलनम् इह आशु
segment: सेयं कौमोदकी	सा इयम् कौमोदकी
tag: कार्यान्तरे संभवति ।	कार्यान्तरे|NOUN संभवति|VERB ।|SYM
segment: पुनरगसुतया	पुनः अगसुतया
tag: शङ्खम् प्रहरति ।	शङ्खम्|NOUN प्रहरति|VERB ।|SYM
segment: कथं वानरेणेति	कथम् वानरेण इति
segment: सत्सङ्गो न	सत्सङ्गः न
segment: देशाश्च	देशाः च
tag: ब्रह्मन् श्रेयः निबोध ।	ब्रह्मन्|NOUN श्रेयः|NOUN निबोध|VERB ।|SYM
segment: इतो महाराजः	इतः महाराजः
segment: जनश्चौर्ये	जनः चौर्ये
segment: मद्वचनात्	मद् वचनात्
segment: शङ्करं वा	शङ्करम् वा
segment: तादृशानुमितेरप्यपरोक्षत्वे	तादृश अनुमितेः अपि अपरोक्षत्वे
segment: पुनर्वीजन्ति	पुनः वीजन्ति
segment: निष्ठवैजात्यम्भ्युपेत्य	निष्ठवैजात्यम् अभ्युपेत्य
tag: या विराटः चिन्तयति ।	या|PRON विराटः|NOUN चिन्तयति|VERB ।|SYM
segment: (अधोऽवलोक्य)	(अधः अवलोक्य)
tag: किमपि काशी भविष्यति ।	किमपि|PRON काशी|NOUN भविष्यति|VERB ।|SYM
segment: दोषो न	दोषः न
segment: छलमपनेतुमुद्यतेन	छलम् अपनेतुम् उद्यतेन
segment: भृशं	भृशम्
segment: यद् इच्छसि	यत् इच्छसि
segment: हेत्वाभासान्तरता.पत्तिश्च	हेत्वाभासान्तरतापत्तिः च
segment: चासाधाररण्यं	च असाधाररण्यं
segment: दारप्रदानान्न	दारप्रदानात् न
tag: नहि पुत्रः स्थापयति ।	नहि|ADV पुत्रः|NOUN स्थापयति|VERB ।|SYM
segment: स लभ्यताम्	सः लभ्यताम्
segment: कन्दरं वा	कन्दरम् वा
segment: खल्वयमर्थः	खलु अयम् अर्थः
segment: इयमियं लङ्का	इयम् इयम् लङ्का
segment: कुमारेन्द्रजिदभिगतवांस्तं वनौकसम्	कुमारेन्द्रजित् अभिगतवान् तम् वनौकसम्
segment: शत्रोर्बलं	शत्रोः बलम्
segment: तारल्यात्किञ्चिदुच्यते	तारल्यात् किञ्चित् उच्यते
segment: मज्जमानमकार्येषु	मज्जमानम् अकार्येषु
segment: तद् ब्रूहि	तत् ब्रूहि
segment: दीर्घत्वं केशवस्य	दीर्घत्वम् केशवस्य
segment: मुष्टिं कृत्वा	मुष्टिम् कृत्वा
segment: ब्रह्मातिरिक्तस्यानित्यतया	ब्रह्म अतिरिक्तस्य अनित्यतया
segment: इत एवाभिवर्तते	इतः एव अभिवर्तते
segment: दैत्याश्चापि	दैत्याः च अपि
tag: मूल्यवान् पुरुजित् जगाद ।	मूल्यवान्|ADJ पुरुजित्|NOUN जगाद|VERB ।|SYM
segment: सेनानिनादपटहस्वनशङ्खनादै-	सेनानिनादपटहस्वनशङ्खनादैः
segment: कि कंसभृत्यो	किम् कंसभृत्यः
segment: त्वयार्यपुत्रस्य	त्वया आर्यपुत्रस्य
tag: अज्ञः सत्त्वम् पश्यति ।	अज्ञः|ADJ सत्त्वम्|NOUN पश्यति|VERB ।|SYM
segment: त्वत्कारणादग्रजं	त्वत्कारणाद् अग्रजम्
segment: युद्धार्थमागतः	युद्धार्थम् आगतः
segment: वक्तव्यं	वक्तव्यम्
segment: अथवाज्ञाननिवृत्तिरेव	अथवा अज्ञाननिवृत्तिः एव
segment: किञ्चिद् हृदयप्रसादः	किञ्चित् हृदयप्रसादः
segment: उक्तदोषावकाशस्तदेव	उक्तदोषावकाशः तदेव
segment: दुर्योधनोऽहं स्थितः	दुर्योधनः अहम् स्थितः
segment: वयसाऽपि	वयसा अपि
tag: यवत्वे हि उच्चयोः यत्र इवर्णः उकारयोः अपि ।	यवत्वे|NOUN हि|PART उच्चयोः|NOUN यत्र|ADV इवर्णः|NOUN उकारयोः|NOUN अपि|PART ।|SYM
tag: अस्थि रक्षायाम् जल्पति ।	अस्थि|NOUN रक्षायाम्|NOUN जल्पति|VERB ।|SYM
segment: लिङ्गस्यासंग्रहापत्तेः	लिङ्गस्य असंग्रहापत्तेः
segment: व्यूहमभेद्यरूपम्	व्यूहम् अभेद्यरूपम्
segment: कण्ठताल्वादिभेदाभावादतद्रूपशब्दकारणासंभवादिति	कण्ठताल्वादिभेदाभावादतद्रूपशब्दकारणासंभवात् इति
segment: वीराणां वधो	वीराणाम् वधः
segment: एह्येहि	एहि एहि
segment: अनार्यशतस्योत्पादयिता	अनार्यशतस्य उत्पादयिता
segment: चैवमनल्पसत्त्वचरितं दोर्भ्यां	च एवम् अनल्पसत्त्वचरितम् दोर्भ्याम्
segment: रामोऽस्ति	रामः अस्ति
segment: .तदेव	.तत् एव
segment: यवीयसो दाराभिमर्शनम्	यवीयसः दाराभिमर्शनम्
tag: शिक्षायाम् ब्रवीमि ।	शिक्षायाम्|NOUN ब्रवीमि|VERB ।|SYM
segment: .प्रत्यक्षाप्रतिबन्धकत्वादिति	प्रत्यक्षाप्रतिबन्धकत्वात् इति
tag: वाजश्रवसः रक्ष्यते ।	वाजश्रवसः|NOUN रक्ष्यते|VERB ।|SYM
segment: जितवतां भवताम्	जितवताम् भवताम्
segment: वृत्तिश्चेद् मिलते	वृत्तिः चेत् मिलते
segment: शास्त्रसिद्धांतमितज्ञतापि	शास्त्रसिद्धांतम् इतज्ञत अपि
segment: एवागमबाधितोदाहरण.मिदमित्यग्रे	एव आगमबाधितोदाहरणम् इदम् इति अग्रे
segment: सुखमाप्नोति	सुखम् आप्नोति
segment: अद्यैव	अद्य एव
segment: समरमधिगतार्थः	समरम् अधिगतार्थः
tag: कविर्मुनिः शब्दः व्याख्याति ।	कविर्मुनिः|NOUN शब्दः|NOUN व्याख्याति|VERB ।|SYM
segment: गुरुश्च वदति	गुरुः च वदति
tag: घोड़ा दर्शयति ।	घोड़ा|NOUN दर्शयति|VERB ।|SYM
segment: कष्टमाविन्दन्	कष्टम् आविन्दन्
segment: भीष्मं छलैर्हत्वा	भीष्मम् छलैः हत्वा
segment: इमां गृह्णीष्व	इमाम् गृह्णीष्व
segment: प्रच्छन्नं तस्य	प्रच्छन्नम् तस्य
tag: कालः संगच्छति ।	कालः|NOUN संगच्छति|VERB ।|SYM
segment: रामः---कथं विभीषणः	रामः---कथम् विभीषणः
tag: अदः वसति ।	अदः|PRON वसति|VERB ।|SYM
segment: ईश्वरानुमानविवेचनप्रस्तावे	ईश्वर अनुमानविवेचनप्रस्तावे
segment: .गुरुविषयस्यापि	.गुरुविषयस्य अपि
tag: पुनः जलम् वसति ।	पुनः|ADV जलम्|NOUN वसति|VERB ।|SYM
segment: दण्ड्योऽस्मि	दण्ड्यः अस्मि
segment: नान्त्यः	न अन्त्यः
segment: एवोचित	एव उचित
tag: अस्थि शृणोति ।	अस्थि|NOUN शृणोति|VERB ।|SYM
segment: (तच्छ्रुत्वा	(तत् श्रुत्वा
segment: केवलं द्विजवरो	केवलम् द्विजवरः
segment: किलाद्य	किल अद्य
segment: तोरणमाश्रित्य	तोरणम् आश्रित्य
segment: सत्यवश्यमनुमितिप्रतिबन्धस्तस्यैव	सति अवश्यम् अनुमितिप्रतिबन्धः तस्य एव
segment: प्रवेशयत्वेतौ	प्रवेशयतु एतौ
segment: विमलविकृतसञ्चितैर्विमानैर्वियति	विमलविकृतसञ्चितैः विमानैः वियति
segment: चोदन्तिमकल्पोपरिनिर्भरः	च उदन्तिमकल्पोपरिनिर्भरः
segment: स भक्तोत्तमो	सः भक्तोत्तमः
segment: ज्ञानकर्मसमुच्चयवादस्तु	ज्ञानकर्मसमुच्चयवादः तु
segment: स्वकार्यमनुष्ठीयताम्	स्वकार्यम् अनुष्ठीयताम्
tag: पितुः भविष्यति ।	पितुः|NOUN भविष्यति|VERB ।|SYM
segment: अप्रमत्ता भवन्तु	अप्रमत्ताः भवन्तु
segment: रावणः---(रथमारुह्य)	रावणः---(रथम् आरुह्य)
segment: तादृशप्रतीतेर्विषयत्वसत्वाच्च	तादृशप्रतीतेः विषयत्वसत्वात् च
segment: सुग्रीवः---यदाज्ञापयति	सुग्रीवः---यत् आज्ञापयति
segment: चापि	च अपि
segment: इत इतः	इतः इतः
segment: त्वमप्यास्स्व	त्वम् अपि आस्स्व
segment: निर्जितविष्टपत्रयभुजो निर्जीयते	निर्जितविष्टपत्रयभुजः निर्जीयते
segment: व्यक्तं मातलिना	व्यक्तम् मातलिना
segment: व्याविद्धो नमुचिर्येन	व्याविद्धः नमुचिः येन
segment: विजातीयैकत्ववत्वं तद्वक्तव्यम्	विजातीय एकत्ववत्वम् तद्वक्तव्यम्
segment: अनशनपरितप्तं पाण्डु	अनशनपरितप्तम् पाण्डु
segment: यैषा	या एषा
segment: त्रैलोक्यमाजौ	त्रैलोक्यम् आजौ
tag: दीर्घः व्याघ्रः आसीत् ।	दीर्घः|ADJ व्याघ्रः|NOUN आसीत्|VERB ।|SYM
segment: कुलालादिकृतीनामन्व	कुलालादिकृतीनाम् अन्वय
segment: किं दुश्शासनो	किम् दुश्शासनः
segment: दातुमर्हति	दातुम् अर्हति
segment: रावणः---कथं कथं	रावणः---कथम् कथम्
segment: .ह्यर्थे	.हि अर्थे
segment: स्वीय एव	स्वीयः एव
segment: अन्वयव्यतिरेकाभ्यां कार्यत्वावच्छिन्नं	अन्वयव्यतिरेकाभ्याम् कार्यत्वावच्छिन्नम्
segment: ममैकादशाक्षौहिणीबलसमुदयः	मम एकादश अक्षौहिणीबलसमुदयः
tag: त्वया नमस्कृत्य ।	त्वया|PRON नमस्कृत्य|VERB ।|SYM
segment: तज्ज्ञानं घटत्वादिवृत्तिविषयतासंबन्धेन	तज्ज्ञानम् घटत्वादिवृत्तिविषयतासंबन्धेन
segment: नन्वेतल्लक्षणं	ननु एतत् लक्षणं
segment: नास्तीतीश्वरस्य	नास्ति इति ईश्वरस्य
segment: सांसारिकपदार्था हि	सांसारिकपदार्थाः हि
segment: घटोत्कचो यदुपतेर्वाक्यं	घटोत्कचः यदुपतेः वाक्यम्
segment: सुग्रीवः---यदाज्ञापयति	सुग्रीवः---यद् आज्ञापयति
segment: तद्ध्वंसत्वं तत्त्वज्ञानजन्यता	तत् ध्वंसत्वम् तत्त्वज्ञानजन्यता
segment: चरमत्वं द्विविधम्	चरमत्वम् द्विविधम्
segment: किं चात्र	किम् च अत्र
segment: ज्ञायतां वृत्तान्तः	ज्ञायताम् वृत्तान्तः
segment: समरमुखमसह्य पाण्डवानां	समरमुखम् असह्यम् पाण्डवानाम्
segment: सैषा	सा एषा
segment: तज्ज्ञानप्रमात्वविषयतया	तत् ज्ञानप्रमात्वविषयतया
segment: तत्साध्याभावोपापकत्वात्दुद्भावनमृचिम्	तत्साध्याभावोपापकत्वात् उद्भावनमृचिम्
segment: अनुमित्यसाधारणदोषत्वमपि	अनुमित्यसाधारणदोषत्वम् अपि
tag: तया वदति ।	तया|PRON वदति|VERB ।|SYM
segment: विदित्वैवेति	विदित्व एव इति
segment: ब्रह्मवधस्यापि	ब्रह्मवधस्य अपि
segment: मन्त्रशालायां केशवा	मन्त्रशालायाम् केशवाः
segment: कृतापराधो मुनिशापमाप्तवान्	कृतापराधः मुनिशापम् आप्तवान्
segment: ध्वंसत्वस्यार्थसमाजग्रस्तत्वे	ध्वंसत्वस्य अर्थसमाजग्रस्तत्वे
segment: एवं क्रियताम्	एवम् क्रियताम्
segment: साधारण्यसंशयमपि	साधारण्यसंशयम् अपि
segment: लिङ्गमित्याकारकस्य	लिङ्गम् इति आकारकस्य
segment: त्वमहमेवैनमासाद्य	त्वम् अहम् एव एनम् आसाद्य
segment: प्रत्युपादानत्वेनापि	प्रति उपादानत्वेन अपि
segment: एवं मन्ये	एवम् मन्ये
segment: मङ्गीकर्तृणां भट्टानुयायीनां	मङ्गीकर्तृणाम् भट्टानुयायीनाम्
segment: वेदान्तिनां द्वैतवादापत्तेरिति	वेदान्तिनाम् द्वैतवाद आपत्तेः इति
segment: कर्णः---पूर्वमेवाहं जामदग्न्यस्य	कर्णः---पूर्वम् एव अहम् जामदग्न्यस्य
segment: यावदवतरामि	यावत् अवतरामि
segment: सुघोरं बाणजालं	सुघोरम् बाणजालम्
segment: राघवमेवं वक्तुम्	राघवम् एवम् वक्तुम्
tag: मूर्खः राज्यम् दर्शयति ।	मूर्खः|ADJ राज्यम्|NOUN दर्शयति|VERB ।|SYM
segment: निरूक्तिर्मुक्तिभिन्नत्वे	निरूक्तिः मुक्तिभिन्नत्वे
tag: कुत्र कार्यालयः खेलामः ।	कुत्र|ADV कार्यालयः|NOUN खेलामः|VERB ।|SYM
segment: व्याप्तिसत्त्वादिति	व्याप्तिसत्त्वात् इति
segment: सत्यदृष्टजनकास्मदादितथाविधकृतिजन्यत्वमादाय	सत्यदृष्टजनकास्मत् आदितथाविधकृतिजन्यत्वम् आदाय
segment: स किम्	सः किम्
tag: यत्र कुर्ता नमस्कृत्य ।	यत्र|ADV कुर्ता|NOUN नमस्कृत्य|VERB ।|SYM
segment: हनूमान्---एवं विधेन	हनूमान्---एवम् विधेन
segment: मां चैव	माम् च एव
segment: श्रीमानेष न	श्रीमान् एषः न
segment: एवं ब्रह्मवध	एवम् ब्रह्मवध
tag: पाण्डुपुत्राणाम् व्याख्याति ।	पाण्डुपुत्राणाम्|NOUN व्याख्याति|VERB ।|SYM
segment: प्रतिज्ञातं किलानेन	प्रतिज्ञातम् किल अनेन
segment: यो व्यभिचारसंशयः	यः व्यभिचारसंशयः
segment: श्यामो युवा	श्यामः युवा
segment: निवेद्यतां निवेद्यतां	निवेद्यताम् निवेद्यताम्
segment: यावदहमपि	यावद् अहम् अपि
segment: स्थापनानुमानप्रयुक्तहेतोस्तूपदर्शित	स्थापन अनुमानप्रयुक्तहेतोः तु उपदर्शित
segment: भुजबलयोगप्राप्तसंजातवेगं	भुजबलयोगप्राप्तसंजातवेगम्
segment: प्रविशामस्तावत्	प्रविशामः तावत्
segment: मारुतो भीमरूपी	मारुतः भीमरूपी
segment: नित्यत्वं ध्वंसाप्रतियोगित्वं	नित्यत्वम् ध्वंसाप्रतियोगित्वम्
segment: भात्यसौ	भाति असौ
tag: कृशः पुत्रः चिन्तयति ।	कृशः|ADJ पुत्रः|NOUN चिन्तयति|VERB ।|SYM
segment: नानित्यदोषता	न अनित्यदोषता
segment: अतो न	अतः न
segment: राक्षसः---यदाज्ञापयति	राक्षसः---यद् आज्ञापयति
segment: सलिलनिचयमध्यादुत्थितस्त्वेष शीघ्र-	सलिलनिचयमध्यात् उत्थितः तु एषः शीघ्रम्
segment: ज्ञानत्वव्याप्यत्वादिति	ज्ञानत्वव्याप्यत्वात् इति
segment: महाराजश्च	महाराजः च
segment: श्रूयतां	श्रूयताम्
tag: धर्मः यज्ञः स्थापयति ।	धर्मः|NOUN यज्ञः|NOUN स्थापयति|VERB ।|SYM
segment: दष्टोष्ठो मुष्टिमुद्यम्य	दष्टोष्ठः मुष्टिम् उद्यम्य
segment: स्वोत्तरोत्पन्नाविशेषगुणेनान्यथासिद्धत्वात्	स्वोत्तरोत्पन्नाविशेषगुणेन अन्यथासिद्धत्वात्
segment: अलमन्यशङ्कया	अलम् अन्यशङ्कया
segment: महेन्द्रपुरीव	महेन्द्रपुरी इव
segment: किमनया	किम् अनया
segment: बाधस्यापि	बाधस्य अपि
tag: कालः च धर्मक्षेत्रे उपदिशति ।	कालः|NOUN च|CONJ धर्मक्षेत्रे|NOUN उपदिशति|VERB ।|SYM
segment: दृष्टमिदं हि	दृष्टम् इदम् हि
segment: भोगादेव	भोगात् एव
segment: यान्तं हरिमृक्षगणेश्वरम्	यान्तम् हरिम् ऋक्षगणेश्वरम्
segment: तत्त्वज्ञानबलान्न	तत्त्वज्ञानबलात् न
segment: मातुलेनाभिधीयताम्	मातुलेन अभिधीयताम्
segment: सपक्षविपक्ष.व्यावृत्तत्वज्ञानकालेऽपि	सपक्षविपक्षव्यावृत्तत्वज्ञानकाले अपि
segment: पक्ष एव	पक्षः एव
segment: नाद्यः	न अद्यः
segment: तस्मादहमप्यैरावतमारुह्यार्जुनकर्णयोर्द्वन्द्वयुद्धं पश्यामि	तस्मात् अहम् अपि ऐरावतम् आरुह्य अर्जुनकर्णयोः द्वन्द्वयुद्धम् पश्यामि
segment: व्यभिचारसंशयोऽपि	व्यभिचारसंशयः अपि
segment: शुचितां धूमकेतन	शुचिताम् धूमकेतन
segment: रामः---किं वरुणोऽयम्	रामः---किम् वरुणः अयम्
segment: रावणमाहवेऽद्य	रावणम् आहवे अद्य
segment: पश्येतां भवन्तौ	पश्येताम् भवन्तौ
segment: स वैफल्यं	सः वैफल्यं
segment: नित्यत्वं न	नित्यत्वम् न
segment: चैवं	च एवं
segment: धर्मं	धर्मम्
segment: क एष	कः एषः
segment: वयं भक्तास्तथा	वयम् भक्ताः तथा
segment: परस्परं व्यभिचारेण	परस्परम् व्यभिचारेण
segment: अवश्यं च	अवश्यम् च
segment: चाक्षुषत्वावच्छिन्नं प्रति	चाक्षुषत्वावच्छिन्नम् प्रति
segment: ककुभः---किं न	ककुभः---किम् न
segment: विशेषतोन्वय	विशेषतः अन्वय
tag: अन्ये कर्म स्थापयति ।	अन्ये|PRON कर्म|NOUN स्थापयति|VERB ।|SYM
tag: पितृ उपदिशति ।	पितृ|NOUN उपदिशति|VERB ।|SYM
tag: तेन शृणोति ।	तेन|PRON शृणोति|VERB ।|SYM
segment: इत इतो	इतः इतः
tag: वेदः बभूव ।	वेदः|NOUN बभूव|VERB ।|SYM
segment: कुर्यादेवेत्यर्थः	कुर्यात् एव इति अर्थः
tag: औषधम् मुनिः भाषते ।	औषधम्|NOUN मुनिः|NOUN भाषते|VERB ।|SYM
segment: चापि	च अपि
segment: सदुःखास्ता	सदुःखाः ताः
segment: कथं लम्बसटः	कथम् लम्बसटः
segment: विभीषणः---(सावधानं शुकसारणौ	विभीषणः---(सावधानम् शुकसारणौ
segment: यद् एकेन	यत् एकेन
segment: पुरस्कृत्येत एवाभिवर्तते	पुरस्कृत्य इतः एव अभिवर्तते
segment: फलवृत्तित्वं मन्यते	फलवृत्तित्वम् मन्यते
segment: तदन्तर्भावशङ्कापि	तदन्तर्भावशङ्का अपि
segment: कार्योपादानमज्ञानरूपं सिद्ध्यति	कार्योपादानमज्ञानरूपम् सिद्ध्यति
tag: मातृ अयनेषु द्वेष्टि ।	मातृ|NOUN अयनेषु|NOUN द्वेष्टि|VERB ।|SYM
segment: उपदर्शितकार्यकारणभावो निर्युक्तिक	उपदर्शितकार्यकारणभावः निर्युक्तिक
segment: प्रदातुं	प्रदातुम्
segment: नैवाभिवर्षति	नैव अभिवर्षति
segment: काञ्चुकीयः---भो भोः	काञ्चुकीयः---भोः भोः
segment: विमलविकृतदंष्ट्रं स्यन्दनं	विमलविकृतदंष्ट्रम् स्यन्दनम्
segment: षड्जातयः	षट् जातयः
segment: तद् अहं	तत् अहं
segment: सम्बन्धस्तावदेव	सम्बन्धः तावत् एव
tag: अन्ततः रामः अब्रवीत् ।	अन्ततः|ADV रामः|NOUN अब्रवीत्|VERB ।|SYM
segment: कदापि	कदा अपि
segment: प्राणान्तिकेऽपि	प्राणान्तिके अपि
segment: दारहरणं न	दारहरणम् न
segment: चैतावता	च एतावता
tag: वचनम् मूल्यवान् संभवति ।	वचनम्|NOUN मूल्यवान्|ADJ संभवति|VERB ।|SYM
tag: ज्ञानम् भाषते ।	ज्ञानम्|NOUN भाषते|VERB ।|SYM
tag: अर्जुनः कार्यान्तरे संभवति ।	अर्जुनः|NOUN कार्यान्तरे|NOUN संभवति|VERB ।|SYM
segment: राज्ञां बलं	राज्ञाम् बलम्
segment: तावद् वानरमानय	तावत् वानरम् आनय
segment: देशसंपन्नोत्पत्तिकतया	देशसंपन्न उत्पत्तिकतया
segment: तच्च	तत् च
segment: तत्रातिव्याप्तिवारणसंभवे	तत्र अतिव्याप्तिवारणसंभवे
segment: चात्रनियमतः	च अत्रनियमतः
segment: दैत्यकुलच्युतेव	दैत्यकुलच्युता इव
segment: सहृद् तं	सहृत् तं
segment: चेन्न	चेत् न
tag: मूल्यवान् फलम् विमृशति ।	मूल्यवान्|ADJ फलम्|NOUN विमृशति|VERB ।|SYM
segment: इतो भवान्	इतः भवान्
tag: बृहत् पितृ अभवत् ।	बृहत्|ADJ पितृ|NOUN अभवत्|VERB ।|SYM
segment: इदं रघुकुलवृषभस्य	इदम् रघुकुलवृषभस्य
segment: बाधमात्रविषयस्यैव	बाधमात्रविषयस्य एव
tag: द्वारम् ज्ञानम् निरीक्षते ।	द्वारम्|NOUN ज्ञानम्|NOUN निरीक्षते|VERB ।|SYM
segment: पितरमुद्दिश्य	पितरम् उद्दिश्य
segment: लोकयोरुभयोरपि	लोकयोः उभयोः अपि
segment: चतुर्थोऽङ्कः	चतुर्थः अङ्कः
segment: भगवत्प्रसादान्निष्कम्पवीचिमन्तं सलिलाधिपतिम्	भगवत्प्रसादात् निष्कम्पवीचिमन्तम् सलिलाधिपतिम्
segment: प्रतिपादकत्वमिति	प्रतिपादकत्वम् इति
tag: चमूम् च द्रुपदः मारयति ।	चमूम्|NOUN च|CONJ द्रुपदः|NOUN मारयति|VERB ।|SYM
segment: अलमलमिदानीमरिबलावलेपमन्तरेणानवरतवृथाप्रयासेन	अलम् अलम् इदानीम् अरिबलावलेपम् अन्तरेण अनवरतवृथाप्रयासेन
segment: साक्षात्कारापत्तिरिति	साक्षात्कारापत्तिः इति
segment: तत्क्लृप्ततया	तत् क्लृप्ततया
segment: दोष इति	दोषः इति
segment: सामान्यलक्षणेनासंग्रहो न	सामान्यलक्षणेन असंग्रहः न
segment: पैतामहं पार्थिवः	पैतामहम् पार्थिवः
segment: नातिव्याप्तिः	न अतिव्याप्तिः
segment: लिङ्गमनेन	लिङ्गम् अनेन
segment: मातलिं दृष्ट्वा	मातलिम् दृष्ट्वा
tag: द्रुपदपुत्रेण कन्याकुब्जा कुर्वत ।	द्रुपदपुत्रेण|NOUN कन्याकुब्जा|NOUN कुर्वत|VERB ।|SYM
segment: खेऽभिगर्जताम्	खे अभिगर्जताम्
segment: उभयव्यावृत्तत्वमेकत्र	उभयव्यावृत्तत्वम् एकत्र
segment: तद्रथं लङ्घयित्वा	तत् रथम् लङ्घयित्वा
segment: वेत्यत्र	वेति अत्र
segment: नोद्भावनीयः	न उद्भावनीयः
segment: कल्याणानां प्रसूतिं	कल्याणानाम् प्रसूतिम्
segment: गुरोर्मम	गुरोः मम
segment: ननुपदर्शितरीत्या	ननु उपदर्शितरीत्या
segment: काञ्चुकीयः---यदाज्ञापयति	काञ्चुकीयः---यद् आज्ञापयति
tag: कोऽपि असत्यम् अवलोकयति ।	कोऽपि|PRON असत्यम्|NOUN अवलोकयति|VERB ।|SYM
segment: धृतराष्ट्रः---को भवान्	धृतराष्ट्रः---कः भवान्
tag: ग्रामः पठति ।	ग्रामः|NOUN पठति|VERB ।|SYM
segment: घण्टाघोषमारचयन्ति	घण्टाघोषम् आरचयन्ति
segment: पितामह एव	पितामहः एव
segment: किं न	किम् न
tag: प्रतिभाशाली हर्षम् दध्मौ ।	प्रतिभाशाली|ADJ हर्षम्|NOUN दध्मौ|VERB ।|SYM
segment: प्रशान्तरोषो भगवान्	प्रशान्तरोषः भगवान्
segment: गिरिमिव	गिरिम् इव
segment: सर्वदेवैर्यत्	सर्वदेवैः यत्
tag: अत्यन्तम् अर्थः दृश्यते ।	अत्यन्तम्|ADV अर्थः|NOUN दृश्यते|VERB ।|SYM
segment: वालिनमाहवे	वालिनम् आहवे
tag: कापि भवति ।	कापि|PRON भवति|VERB ।|SYM
segment: ब्रह्मज्ञानस्यावश्यं भावे	ब्रह्मज्ञानस्य अवश्यम् भावे
segment: वेदोपि	वेदः अपि
segment: मुक्तिरिति	मुक्तिः इति
segment: तेऽस्ति	ते अस्ति
segment: बाल इति	बालः इति
tag: शीतः कन्याकुब्जा शृणोति ।	शीतः|ADJ कन्याकुब्जा|NOUN शृणोति|VERB ।|SYM
segment: एवाग्रे	एव अग्रे
segment: उच्चरितशब्दत्वादित्यनुमानादति	उच्चरितशब्दत्वात् इति अनुमानात् अति
segment: मैवम्	मा एवम्
segment: इत इतः	इतः इतः
segment: सद्धेतावतिव्याप्तिस्तदवस्थैव	सद्धेतौ अतिव्याप्तिः तदवस्था एव
tag: भूमिः अल्पः करोति ।	भूमिः|NOUN अल्पः|ADJ करोति|VERB ।|SYM
segment: गतो वाली	गतः वाली
segment: चैवं	च एवं
segment: स्वगणपरिवृतं साकमाकम्प्य	स्वगणपरिवृतम् साकम् आकम्प्य
tag: वनम् कार्यान्तरे मारयति ।	वनम्|NOUN कार्यान्तरे|NOUN मारयति|VERB ।|SYM
segment: भवानस्मानवधीरयितुम्	भवान् अस्मान् अवधीरयितुम्
segment: असाधारणस्यापि	असाधारणस्य अपि
segment: .तत्प्रतिबन्धकत्वाविशेषादिति	.तत्प्रतिबन्धकत्वाविशेषात् इति
segment: तद्धनं	तत् धनं
tag: मन्त्री जल्पति ।	मन्त्री|NOUN जल्पति|VERB ।|SYM
segment: शुभमतिं लङ्केश्वरं	शुभमतिम् लङ्केश्वरम्
segment: तात्कालिकतद्वत्त्वगोचरत्वम्	तात्कालिकतद्वत् तु अगोचरत्वम्
segment: निषेधेऽप्यधिकारं	निषेधे अपि अधिकारं
segment: इष्टापत्तेश्च	इष्टापत्तेः च
segment: कालो वार्तासु	कालः वार्तासु
segment: दोष इति	दोषः इति
segment: उल्काभिश्च	उल्काभिः च
segment: विपत्तावपि	विपत्तौ अपि
segment: रघुवरकार्मुकनादनिर्जितस्त्वम्	रघुवरकार्मुकनादनिर्जितः त्वम्
segment: आश्चर्यमाश्चर्यम्	आश्चर्यम् आश्चर्यम्
segment: तद् अच्छम्	तत् अच्छम्
segment: सूर्य इव	सूर्यः इव
segment: एवेति	एव इति
segment: वक्ष्यतीति	वक्ष्यति इति
segment: अयमेतत्कपिसंयोगी	अयम् एतत्कपिसंयोगी
segment: एवमनादिभावत्वं ज्ञाननिर्वृत्त्यवृत्ति	एवम् अनादिभावत्वम् ज्ञाननिर्वृत्त्यवृत्ति
tag: पुरुषः भविष्यति ।	पुरुषः|NOUN भविष्यति|VERB ।|SYM
segment: सर्वसपक्षव्यावृत्तेऽपि	सर्वसपक्षव्यावृत्ते अपि
segment: पृच्छाग्निं भुजगाहुतिप्रणयिनं	पृच्छ अग्निम् भुजगाहुतिप्रणयिनम्
segment: मनस्तीर्थ-स्नानेन	मनः तीर्थस्नानेन
segment: श्रुतिर्विरूध्येतेति	श्रुतिः विरूध्येत इति
tag: उशन् ह वै वाजश्रवसः पुत्रः । स च पितुः शिक्षायाम् निरतः आसीत् । तस्य च पिता वाजश्रवाः आसीत् । स च सर्वेषाम् ऋषीणाम् श्रेष्ठः आसीत् ।	उशन्|PRON ह|PART वै|PART वाजश्रवसः|NOUN पुत्रः|NOUN ।|SYM स|PRON च|CONJ पितुः|NOUN शिक्षायाम्|NOUN निरतः|ADJ आसीत्|VERB ।|SYM तस्य|PRON च|CONJ पिता|NOUN वाजश्रवाः|NOUN आसीत्|VERB ।|SYM स|PRON च|CONJ सर्वेषाम्|PRON ऋषीणाम्|NOUN श्रेष्ठः|ADJ आसीत्|VERB ।|SYM
segment: नाद्यः	न आद्यः
segment: पौलस्त्यमाशु	पौलस्त्यम् आशु
tag: ब्रह्मन् च आचारात् विचारयति ।	ब्रह्मन्|NOUN च|CONJ आचारात्|NOUN विचारयति|VERB ।|SYM
segment: साहाय्यमाचरेत्	साहाय्यम् आचरेत्
tag: हनुमान् नदी भवतु ।	हनुमान्|NOUN नदी|NOUN भवतु|VERB ।|SYM
tag: एतस्य करोति ।	एतस्य|PRON करोति|VERB ।|SYM
segment: किमसि	किम् असि
segment: एता रावणजीमूताद्	एताः रावणजीमूतात्
segment: ज्ञानस्यैवेत्यपरितोषात्	ज्ञानस्य एव इति अपरितोषात्
segment: निषेधादित्यलमतिविस्तरेण	निषेधात् इति अलम् अतिविस्तरेण
segment: भवतापि	भवता अपि
segment: मुक्तो देव	मुक्तः देव
segment: तदुद्भावनमपीति	तत् उद्भावनम् अपि इति
segment: प्रमदां हत्वा	प्रमदाम् हत्वा
segment: चापि	च अपि
segment: वचनं सुहृदां	वचनम् सुहृदाम्
segment: साक्षादनुमितिप्रतिबन्धकम्	साक्षात् अनुमितिप्रतिबन्धकम्
segment: पूर्ववदेव	पूर्ववत् एव
segment: लङ्केश्वरं साम्प्रतम्	लङ्केश्वरम् साम्प्रतम्
segment: किञ्चिद् व्याहरन्	किञ्चित् व्याहरन्
segment: 'हेत्वाभासाश्च	'हेत्वाभासाः च
segment: शरणं व्रजन्तु	शरणम् व्रजन्तु
segment: .व्यावृत्तस्वरूपमुपयव्यावृत्तत्वमेकत्र-क	.व्यावृत्तस्वरूपम् उभयव्यावृत्तत्वम् एकत्र-क
segment: सुखदुःखाद्यवच्छेदकत्वमादाय	सुखदुःखादि अवच्छेदकत्वम् आदाय
segment: मुक्ता येन	मुक्ताः येन
tag: स्त्री च वेतालः वसति ।	स्त्री|NOUN च|CONJ वेतालः|NOUN वसति|VERB ।|SYM
segment: जडघटत्वादित्यनुमानाद्वातिरिक्ताभाव	जडघटत्वादित्यनुमानात् वा अतिरिक्ताभाव
segment: वासुदेवः---पुराविदं भवन्तं	वासुदेवः---पुराविदम् भवन्तम्
segment: विभीषणः---बलवद्विग्रहश्च	विभीषणः---बलवद्विग्रहः च
segment: सगर्वं	सगर्वम्
segment: बालेनार्जुनकर्म	बालेन अर्जुनकर्म
segment: तदविषयकस्य	.तत् विषयकस्य
tag: धर्मक्षेत्रे घोड़ा अवलोकयति ।	धर्मक्षेत्रे|NOUN घोड़ा|NOUN अवलोकयति|VERB ।|SYM
segment: अभिषेकनाटकं समाप्तम्	अभिषेकनाटकम् समाप्तम्
segment: परस्यास्मिन्‌	परस्य अस्मिन्‌
segment: वैधव्यमश्लाघ्यमवाप्स्यतीति	वैधव्यम् अश्लाघ्यम् अवाप्स्यति इति
segment: संवृत्तोऽस्मि	संवृत्तः अस्मि
segment: समन्ताद् देवमायाः	समन्तात् देवमायाः
segment: पूर्वं पुरे	पूर्वम् पुरे
segment: तावदस्मद्गतः	तावत् अस्मद्गतः
segment: वासनानाशानुरोधेनावश्यं क्लृप्ततया	वासनानाशानुरोधेनावश्यम् क्लृप्ततया
segment: बलमाज्ञापयितुमर्हति	बलम् आज्ञापयितुम् अर्हति
segment: केशवो बध्यताम्	केशवः बध्यताम्
segment: सङ्‌कटेऽप्यागते	सङ्‌कटे अपि आगते
segment: प्रियं कुरूणां	प्रियम् कुरूणाम्
segment: तल्लक्षणमिति	तल्लक्षणम् इति
segment: (प्रविश्यान्यो राक्षसः)	(प्रविश्यान्यः राक्षसः)
segment: वेषग्रहणमहमप्युपधारयिष्यामीति)	वेषग्रहणम् अहम् अपि उपधारयिष्यामि इति)
segment: व्यर्थत्वान्न	व्यर्थत्वात् न
tag: एते भूमिः शृणोति ।	एते|PRON भूमिः|NOUN शृणोति|VERB ।|SYM
segment: येनासिनार्यपुत्रस्यासदृशं	येन आसिना आर्यपुत्रस्य असदृशं
segment: (आचम्योपसृत्य)	(आचम्य उपसृत्य)
segment: विषयस्यैव	विषयस्य एव
segment: हतोऽपि	हतः अपि
segment: शिशुवधपातकाङ्कितानां	शिशुवधपातकाङ्कितानाम्
segment: नावेक्षितः	न अवेक्षितः
segment: विस्रष्टुमर्हति	विस्रष्टुम् अर्हति
segment: कोटावव्यवहितोत्तरत्वं निवेशनीयम्	कोटौ अव्यवहितोत्तरत्वम् निवेशनीयम्
segment: सशोकमुपैति	सशोकम् उपैति
segment: जगन्मातेव	जगन्माता इव
segment: शल्यः---ततस्ततः	शल्यः---ततः ततः
segment: एवं तादृशवैजात्यं	एवम् तादृशवैजात्यम्
segment: दुर्योधनोऽहमभिवादये	दुर्योधनः अहम् अभिवादये
segment: रावणः---कोऽत्र	रावणः---कः अत्र
segment: अपनीयतामेष चित्रपटः	अपनीयताम् एषः चित्रपटः
segment: मलयानिला अपि	मलयानिलाः अपि
segment: दुरितवद्भिन्नदुरितध्वंसत्वं तत्तद्दुरितध्वंसत्व	दुरितवद्भिन्नदुरितध्वंसत्वम् तत्तत् दुरितध्वंसत्व
segment: घटपटाद्यनित्यव्योमादिनित्य-व्यावृत्तत्वनिश्चयपर्यवसन्न एव	घटपटाद्यनित्यव्योमादिनित्य-व्यावृत्तत्वनिश्चयपर्यवसन्नः एव
segment: खिन्नाशयास्ते	खिन्नाशयाः ते
segment: एकेनैकः	एकेन एकः
segment: रामः---अभिधीयतां मद्वचनात्	रामः---अभिधीयताम् मद्वचनात्
segment: गतोऽसि	गतः असि
segment: सृजन्तं नदन्तं	सृजन्तम् नदन्तम्
segment: विवृद्धश्चिरं	विवृद्धः चिरम्
segment: यो यस्माज्जायते	यः यस्मात् जायते
segment: ज्ञानेच्छयोरसिद्धयापत्तेः	ज्ञानेच्छयोः असिद्धयापत्तेः
tag: शीघ्रम् अस्थि निन्दति ।	शीघ्रम्|ADV अस्थि|NOUN निन्दति|VERB ।|SYM
segment: स विप्रः	सः विप्रः
segment: निर्वास्यतामयं वानरः	निर्वास्यताम् अयम् वानरः
segment: .सत्प्रतिपक्षतयैवास्य	.सत्प्रतिपक्षतया एव अस्य
segment: साम्नायं न	साम्ना अयम् न
segment: बाणमवेक्ष्य	बाणम् अवेक्ष्य
tag: जीवानाम् भाषते ।	जीवानाम्|NOUN भाषते|VERB ।|SYM
segment: वीराग्रगण्यमतुलं त्रिदशेन्द्रकल्पम्	वीराग्रगण्यम् अतुलम् त्रिदशेन्द्रकल्पम्
segment: ध्वजं चापि	ध्वजम् च अपि
segment: लक्ष्मणः---जयत्वार्यः	लक्ष्मणः---जयतु आर्यः
segment: [किं किम्]	[किम् किम्]
segment: किङ्करा द्रुमयोधिना	किङ्कराः द्रुमयोधिना
segment: तद् धनं	तत् धनं
tag: अशक्तः शङ्खाः गच्छति ।	अशक्तः|ADJ शङ्खाः|NOUN गच्छति|VERB ।|SYM
segment: चरमं तत्र	चरमम् तत्र
segment: .सामान्यान्योभन्याभावाविवक्षायामिदम्	.सामान्यान्योन्याभावौ अविवक्षायाम् इदम्
segment: अहमेव	अहम् एव
tag: शङ्खम् भुङ्क्ते ।	शङ्खम्|NOUN भुङ्क्ते|VERB ।|SYM
segment: निद्राच्छेदभयादसह्यत	निद्राच्छेदभयात् असह्यत
segment: मैवम्	मा एवम्
segment: व्याप्तिपक्षधर्मतान्यतरभङ्गानुमित्यनुकूलो व्याप्त्यादिपरामर्शो	व्याप्तिपक्षधर्मतान्यतरभङ्गानुमित्यनुकूलः व्याप्त्यादिपरामर्शः
segment: निहतं श्रुत्वा	निहतम् श्रुत्वा
tag: भगवान् जानाति ।	भगवान्|NOUN जानाति|VERB ।|SYM
tag: यावत् वाजश्रवसः दर्शयति ।	यावत्|ADV वाजश्रवसः|NOUN दर्शयति|VERB ।|SYM
segment: संदेहस्तत्र	संदेहः तत्र
segment: कथं न	कथम् न
segment: महान्तमादित्यवर्णं तमसः	महान्तम् आदित्यवर्णम् तमसः
tag: त्वया संभवति ।	त्वया|PRON संभवति|VERB ।|SYM
segment: स शब्दत्वाभाववानिति	सः शब्दत्वाभाववान् इति
segment: कृतकत्वादिहेतोर्हेत्वाभासत्वे	कृतकत्वादिहेतोः हेत्वाभासत्वे
segment: भाट्टमतेनुपपन्ना	भाट्टमते अनुपपन्ना
segment: बाधप्रतिरोधयोरप्यै.क्यापत्तेः	बाधप्रतिरोधयोः अपि एक्यापत्तेः
segment: साध्याभाववत्त्वमेव	साध्याभाववत्त्वम् एव
segment: तवाद्य	तव अद्य
segment: पक्षतावच्छेदकावच्छेदेन	पक्षतावच्छेदका अवच्छेदेन
segment: तद् भवद्भिः	तत् भवद्भिः
segment: ससुरदनुसुतं यन्मया	ससुरदनुसुतम् यत् मया
tag: मार्गः श्रुत्वा ।	मार्गः|NOUN श्रुत्वा|VERB ।|SYM
segment: सन्तो हि	सन्तः हि
segment: .तद्यावृत्तत्वेनेव-ख	.तद्यावृत्तत्वेन एव-ख
segment: भगवतीं लक्ष्मीं	भगवतीम् लक्ष्मीम्
segment: वच्छेदकमित्यामनन्ति	वच्छेदकम् इति आमनन्ति
tag: ताः अशोकः जल्पति ।	ताः|PRON अशोकः|NOUN जल्पति|VERB ।|SYM
segment: युक्त्यैव	युक्त्या एव
segment: निर्मनस्कतायामिष्टापत्तेः	निर्मनस्कतायाम् इष्टापत्तेः
segment: क्रमलब्धशोभनो	क्रमलब्धशोभनः
segment: राक्षसेशं करोमि	राक्षसेशम् करोमि
segment: चेश्वरस्य	च ईश्वरस्य
segment: कारणविघटकत्वापत्तौ	कारणविघटकत्व आपत्तौ
segment: जातिकल्पनापत्तेरनन्त	जातिकल्पनापत्तेः अनन्त
tag: शुकं भविष्यति ।	शुकं|NOUN भविष्यति|VERB ।|SYM
segment: सर्गादिकालीनघटादिकं पक्षीकृत्य	सर्गादिकालीनघटादिकम् पक्षीकृत्य
segment: कार्यत्वावच्छिन्नं प्रति	कार्यत्वावच्छिन्नम् प्रति
segment: किमिति	किम् इति
segment: सन्देहो न	सन्देहः न
segment: शमायाश्रमम्	शमाय आश्रमम्
segment: अक्षयोऽस्तु	अक्षयः अस्तु
segment: वधूस्तर्हि	वधूः तर्हि
tag: मया विचारयति ।	मया|PRON विचारयति|VERB ।|SYM
segment: भवत एवेति	भवतः एव इति
segment: बाणधारा विनिस्सृताः	बाणधाराः विनिस्सृताः
tag: देवः कायरः करोति ।	देवः|NOUN कायरः|ADJ करोति|VERB ।|SYM
segment: श्रुतेर्ब्रह्मणि	श्रुतेः ब्रह्मणि
segment: बृहद् महाभारतम्	बृहत् महाभारतम्
segment: सीतां समाश्वासितुम्	सीताम् समाश्वासितुम्
segment: नागालयं	नागालयम्
segment: नेच्छति	न इच्छति
tag: राज्ञाम् च चन्द्रः अवलोकयति ।	राज्ञाम्|NOUN च|CONJ चन्द्रः|NOUN अवलोकयति|VERB ।|SYM
tag: मया विमृशति ।	मया|PRON विमृशति|VERB ।|SYM
segment: राक्षसराजभवनमानीतानिष्टान्यनर्हाणि	राक्षसराजभवनम् आनीता अनिष्टानि अनर्हाणि
segment: पञ्चमोऽङ्कः	पञ्चमः अङ्कः
tag: वाजश्रवसः महेशः गायति ।	वाजश्रवसः|NOUN महेशः|NOUN गायति|VERB ।|SYM
segment: महतीमिमाम्	महतीम् इमाम्
segment: हेतुत्वं कल्पनीयम्	हेतुत्वम् कल्पनीयम्
segment: दुःखात्यन्तनिवृत्ति	दुःख अत्यन्तनिवृत्ति
segment: अन्यदपि	अन्यत् अपि
segment: विद्युल्लेखेव	विद्युल्लेख इव
segment: किमाहुर्भवन्तः	किम् आहुः भवन्तः
segment: शरीरादिभ्यो भिन्न	शरीरादिभ्यः भिन्न
segment: को वा	कः वा
tag: सीता शास्त्रम् भवति ।	सीता|NOUN शास्त्रम्|NOUN भवति|VERB ।|SYM
segment: निर्देशान्यथानुपपत्तेरेव	निर्देशान्यथा अनुपपत्तेः एव
segment: विष्णुर्भवान्	विष्णुः भवान्
tag: पशूनाम् च धृतराष्ट्र कामयते ।	पशूनाम्|NOUN च|CONJ धृतराष्ट्र|NOUN कामयते|VERB ।|SYM
segment: मिलत्यच्छम्	मिलति अच्छम्
segment: प्रतियोगिकत्ववंध्वंसत्वादीनां	प्रतियोगिकत्वध्वंसत्वादीनाम्
tag: ब्रह्मा विष्णुः महेशः च एते त्रयः देवाः । ते च सर्वेषाम् जीवानाम् रक्षकाः सन्ति । तेषाम् च मध्ये विष्णुः सर्वेषाम् श्रेष्ठः अस्ति । स च सर्वेषाम् रक्षायाम् निरतः अस्ति ।	ब्रह्मा|NOUN विष्णुः|NOUN महेशः|NOUN च|CONJ एते|PRON त्रयः|ADJ देवाः|NOUN ।|SYM ते|PRON च|CONJ सर्वेषाम्|PRON जीवानाम्|NOUN रक्षकाः|NOUN सन्ति|VERB ।|SYM तेषाम्|PRON च|CONJ मध्ये|ADP विष्णुः|NOUN सर्वेषाम्|PRON श्रेष्ठः|ADJ अस्ति|VERB ।|SYM स|PRON च|CONJ सर्वेषाम्|PRON रक्षायाम्|NOUN निरतः|ADJ अस्ति|VERB ।|SYM
segment: मनसिजशरदग्धं बाष्पपर्याकुलाक्षम्	मनसिजशरदग्धम् बाष्पपर्याकुलाक्षम्
segment: तैस्तदा	तैः तदा
segment: धैर्यं मन्युर्मे	धैर्यम् मन्युः मे
segment: मननादितत्सहकृतमनसोत्पादितं शुद्धब्रह्मविषयकमेव	मननादितत् सहकृतमनस उत्पादितम् शुद्धब्रह्मविषयकम् एव
tag: नाट्यम् सर्वेषाम् कलानाम् श्रेष्ठम् अस्ति । तत् च सर्वेषाम् शास्त्राणाम् मूलम् अस्ति । तस्य च ज्ञाने सर्वे कलावन्तः भवन्ति । तस्य च अज्ञाने सर्वे अकलावन्तः भवन्ति ।	नाट्यम्|NOUN सर्वेषाम्|PRON कलानाम्|NOUN श्रेष्ठम्|ADJ अस्ति|VERB ।|SYM तत्|PRON च|CONJ सर्वेषाम्|PRON शास्त्राणाम्|NOUN मूलम्|NOUN अस्ति|VERB ।|SYM तस्य|PRON च|CONJ ज्ञाने|NOUN सर्वे|PRON कलावन्तः|ADJ भवन्ति|VERB ।|SYM तस्य|PRON च|CONJ अज्ञाने|NOUN सर्वे|PRON अकलावन्तः|ADJ भवन्ति|VERB ।|SYM
tag: बलवान् नारायणं भाषते ।	बलवान्|ADJ नारायणं|NOUN भाषते|VERB ।|SYM
segment: चाज्ञानपदार्थाभावः	च अज्ञानपदार्थाभावः
segment: सुग्रीवं रामलक्ष्मणौ	सुग्रीवम् रामलक्ष्मणौ
segment: स्वनिलयमेव	स्वनिलयम् एव
segment: श्रावितं पार्थकर्मेदमहो	श्रावितम् पार्थकर्म इदम् अहो
segment: तावश्विसुतौ	तौ अश्विसुतौ
segment: कस्त्वमिति	कः त्वम् इति
segment: कर्तुमर्हति	कर्तुम् अर्हति
segment: दायाद्यं तद्	दायाद्यम् तत्
segment: तदवच्छिन्नस्यापत्तित्यसंभवेन	तदवच्छिन्नस्य आपत्तित्यसंभवेन
segment: अद्यापि	अद्य अपि
segment: शासकास्ततः	शासकाः ततः
tag: अशक्तः सिंहनादम् भवति ।	अशक्तः|ADJ सिंहनादम्|NOUN भवति|VERB ।|SYM
segment: नैवाहं धर्षितस्तेन	न एव अहम् धर्षितः तेन
segment: प्रशंसामन्यतः	प्रशंसाम् अन्यतः
segment: हास्यमभिधानम्	हास्यम् अभिधानम्
tag: कुन्तिभोजः धीमता जल्पति ।	कुन्तिभोजः|NOUN धीमता|ADJ जल्पति|VERB ।|SYM
segment: तस्येति	तस्य इति
segment: घटपटादिरूपकार्यसंभवादिति	घटपटादिरूपकार्यसंभवात् इति
segment: चोद्यतां मम	चोद्यताम् मम
segment: परिमाणादिनिष्ठतामादाय	परिमाणादिनिष्ठताम् आदाय
segment: सम्प्राप्तोऽस्मि	सम्प्राप्तः अस्मि
segment: नगरद्वारं संश्रयामि	नगरद्वारम् संश्रयामि
tag: शब्दः च सिंहनादम् जल्पति ।	शब्दः|NOUN च|CONJ सिंहनादम्|NOUN जल्पति|VERB ।|SYM
segment: अद्यैव	अद्य एव
segment: पुरूषार्थत्वमङ्गीकृत्य	पुरूषार्थत्वम् अङ्गीकृत्य
segment: नेच्छति	न इच्छति
segment: व्यक्तिरुपभुङ्‌क्ते	व्यक्तिः उपभुङ्‌क्ते
segment: सोकामयत	सः अकामयत
segment: कर्तुमर्हति	कर्तुम् अर्हति
segment: दोलायत इव	दोलायते इव
segment: धीरमाकर्षमाणः	धीरम् आकर्षमाणः
segment: हनूमान्---यदाज्ञापयति	हनूमान्---यद् आज्ञापयति
segment: स्वसमानाधिकरणदुःखप्रागभावासमानकालीनदुःखध्वंसो मोक्ष	स्वसमानाधिकरणदुःखप्रागभावासमानकालीनदुःखध्वंसः मोक्ष
tag: रक्षायाम् च ग्रामः करोति ।	रक्षायाम्|NOUN च|CONJ ग्रामः|NOUN करोति|VERB ।|SYM
segment: वानरवाहिनीति	वानरवाहिनी इति
segment: बलाध्यक्षः---किमिति	बलाध्यक्षः---किम् इति
segment: पूर्णबिम्बं शशाङ्कं	पूर्णबिम्बम् शशाङ्कम्
tag: अयनेषु च महेशः भाषते ।	अयनेषु|NOUN च|CONJ महेशः|NOUN भाषते|VERB ।|SYM
tag: रक्षायाम् अब्रवीत् ।	रक्षायाम्|NOUN अब्रवीत्|VERB ।|SYM
segment: विद्युल्लताकपिलतुङ्गजटाकलाप-	विद्युल्लताकपिलतुङ्गजटाकलापम्
segment: कृतं मनुजतापसेन	कृतम् मनुजतापसेन
segment: निवृत्तिर्ब्रह्मस्वरूपा	निवृत्तिः ब्रह्मस्वरूपा
segment: आश्रयाभाससामग्रीं विनापि	आश्रयाभाससामग्रीम् विना अपि
segment: नाद्यः	न आद्यः
segment: निवेशनीयमित्युभयत्राव्यहितोत्तरत्वानिवेशप्रयुक्तगौरवं दुष्परिहरमेवेत्यधिकं	निवेशनीयम् इति उभयत्रव्यहितोत्तरत्वानिवेशप्रयुक्तगौरवम् दुष्परिहरम् एव इति अधिकम्
segment: सपक्षव्यावृत्तत्वमपि	सपक्षव्यावृत्तत्वम् अपि
tag: द्रुपदपुत्रेण सर्वः बुभूषति ।	द्रुपदपुत्रेण|NOUN सर्वः|ADJ बुभूषति|VERB ।|SYM
tag: नवीनः शास्त्राणाम् उवाच ।	नवीनः|ADJ शास्त्राणाम्|NOUN उवाच|VERB ।|SYM
segment: व्यभिचारित्वेनैवोक्तलक्षणगमनं	व्यभिचारित्वेन एव उक्तलक्षणगमनं
segment: कथं ते	कथम् ते
segment: दूषकत्वमिति	दूषकत्वम् इति
segment: स वानरः	सः वानरः
segment: (असिमुद्यम्य)	(असिम् उद्यम्य)
segment: एष स्थितोऽस्मि	एषः स्थितः अस्मि
segment: रामं सम्भावयिष्यामः	रामम् सम्भावयिष्यामः
segment: आर्यपुत्रो भवेत्	आर्यपुत्रः भवेत्
segment: तथापि	तथा अपि
segment: निहतं दृष्ट्वा	निहतम् दृष्ट्वा
segment: कर्मकाल इति	कर्मकालः इति
segment: अत्युद्धूतो वायुः	अत्युद्धूतः वायुः
tag: तया द्वेष्टि ।	तया|PRON द्वेष्टि|VERB ।|SYM
segment: स्वरश्मिजालैर्धरणिं दहन्तौ	स्वरश्मिजालैः धरणिम् दहन्तौ
segment: शरवरवेगैरर्जुनं पातयित्वा	शरवरवेगैः अर्जुनम् पातयित्वा
segment: तदप्राप्तं प्राप्तमिति	तदप्राप्तम् प्राप्तम् इति
segment: निर्विकारमुपागता	निर्विकारम् उपागता
segment: कर्णः---ब्राह्मणवचनमिति	कर्णः---ब्राह्मणवचनम् इति
segment: परित्यजन्तीव	परित्यजन्ति इव
segment: विजातीयदुःखत्वावछिन्नं प्रति	विजातीयदुःखत्वावछिन्नम् प्रति
segment: गच्छामस्तावत्	गच्छामः तावत्
segment: संवृत्तं तुमुलं	संवृत्तम् तुमुलम्
segment: विशेषणमुपलक्षणं	विशेषणम् उपलक्षणं
tag: धृतराष्ट्र उवाच । धर्मक्षेत्रे कुरुक्षेत्रे समवेता युयुत्सवः । मामकाः पाण्डवाश्च एव किम् कुर्वत सञ्जय ।	धृतराष्ट्र|NOUN उवाच|VERB ।|SYM धर्मक्षेत्रे|NOUN कुरुक्षेत्रे|NOUN समवेता|ADJ युयुत्सवः|ADJ ।|SYM मामकाः|ADJ पाण्डवाश्च|NOUN एव|PART किम्|PRON कुर्वत|VERB सञ्जय|NOUN ।|SYM
segment: गुणा धरन्ते	गुणाः धरन्ते
segment: बाधमात्रस्यैव	बाधमात्रस्य एव
segment: सोऽधिगच्छति	सः अधिगच्छति
segment: एवं च	एवम् च
tag: सभा भेर्यः दध्मौ ।	सभा|NOUN भेर्यः|NOUN दध्मौ|VERB ।|SYM
segment: तन्मम	तत् मम
segment: कारणभावयोर्बाधकं विना	कारणभावयोः बाधकम् विना
segment: ककुभः---कोऽभिप्रायो महाराजस्य	ककुभः---कः अभिप्रायः महाराजस्य
tag: कः पिता पश्यति ।	कः|PRON पिता|NOUN पश्यति|VERB ।|SYM
segment: श्रीरस्तु	श्रीः अस्तु
segment: शक्ररिपोरशोकवनिका	शक्ररिपोः अशोकवनिका
segment: प्रागभावासमानकालीनदुःखध्वंसत्वस्य	प्रागभाव असमानकालीनदुःखध्वंसत्वस्य
segment: नित्यसुखभेदस्यापि	नित्यसुखभेदस्य अपि
segment: गुणप्रकर्षो दिवसोऽयमागतः	गुणप्रकर्षः दिवसः अयम् आगतः
tag: उशन् सन्ति ।	उशन्|PRON सन्ति|VERB ।|SYM
segment: विद्यतेयनायेति	विद्यते अयनायेति
segment: गच्छामस्तावत्	गच्छामः तावत्
segment: द्रष्टुं तस्मादेष	द्रष्टुम् तस्मात् एषः
segment: साकमाकम्प्य	साकम् आकम्प्य
segment: रावणं	रावणम्
segment: रोषं परित्यजतमद्य	रोषम् परित्यजतम् अद्य
segment: पूर्तिरसम्भवा	पूर्तिः असम्भवा
segment: कपीन्द्रसैन्यसहितो वेलातटं	कपीन्द्रसैन्यसहितः वेलातटम्
segment: नाहमभिमन्युरिह	न अहम् अभिमन्युः इह
segment: युक्तिबलेनैव	युक्तिबलेन एव
segment: बाधमात्रेणेत्यर्थो	बाधमात्रेण इत्यर्थः
segment: राक्षसैर्गृहीतो हनूमान्	राक्षसैः गृहीतः हनूमान्
tag: एते पश्यति ।	एते|PRON पश्यति|VERB ।|SYM
segment: अतो नानित्यदोषता	अतः न अनित्यदोषता
segment: शाब्दबोधस्तस्यैवापरोक्षत्वमङ्गीकृत्य	शाब्दबोधः तस्य एव अपरोक्षत्वम् अङ्गीकृत्य
tag: अद्य व्यासं उवाच ।	अद्य|ADV व्यासं|NOUN उवाच|VERB ।|SYM
segment: कर्णः---ततो जामदग्निना	कर्णः---ततः जामदग्निना
segment: पुनरयं सम्प्राप्तवान्	पुनः अयम् सम्प्राप्तवान्
segment: अलमलं विषादेन	अलम् अलम् विषादेन
tag: क्षेत्रम् द्वेष्टि ।	क्षेत्रम्|NOUN द्वेष्टि|VERB ।|SYM
segment: प्रकृतिं गतः	प्रकृतिम् गतः
segment: आत्मनैवात्मानं निवेदयिष्ये	आत्मना एव आत्मानम् निवेदयिष्ये
segment: स्वविभवैर्भवन्तं वर्धयन्ति	स्वविभवैः भवन्तम् वर्धयन्ति
segment: चापमवलम्ब्य	चापम् अवलम्ब्य
segment: धर्मसमयं संक्लेश्यमाना	धर्मसमयम् संक्लेश्यमाना
segment: सन्तापयेन्न	सन्तापयेत् न
tag: वाल्मीकिः च असत्यम् समीक्षते ।	वाल्मीकिः|NOUN च|CONJ असत्यम्|NOUN समीक्षते|VERB ।|SYM
segment: अप्रतिहतपराक्रमो भव	अप्रतिहतपराक्रमः भव
segment: प्राणमयं हविरिति	प्राणमयम् हविः इति
segment: युक्तिरूपन्यस्यते	युक्तिः उपन्यस्यते
segment: (पुनर्नेपथ्ये	(पुनः नेपथ्ये
segment: जातिव्याप्यचरमत्वस्यैव	गोवधजन्यतावच्छेदकजातिव्याप्यचरमत्वस्य एव
segment: हेतुत्वासंभवात्	प्रायश्रित्तस्य अन्यथासिद्वत्वेन
segment: सीतां गृहीत्वा)	सीताम् गृहीत्वा)
segment: रिपुसमरविमर्दं वृन्दमेतद्ददामि	रिपुसमरविमर्दम् वृन्दम् एतत् ददामि
segment: कथमिदानीं ममागमनं	कथम् इदानीम् मम आगमनम्
segment: विनिगमनाविरहेणानन्त	विनिगमनाविरहेण अनन्त
segment: .व्यभिचारादावपि	.व्यभिचारादौ अपि
segment: बहिर्निर्गमयत्	बहिः निर्गमयत्
segment: सत्प्रतिपक्षेऽव्याप्तिरेव	सत्प्रतिपक्षे अव्याप्तिः एव
segment: निहतं पुत्रमङ्कस्थमश्रुभिः	निहतम् पुत्रम् अङ्कस्थम् अश्रुभिः
segment: धर्मराजं च	धर्मराजम् च
segment: तत्सम्बन्धस्य	तत् सम्बन्धस्य
segment: एवं ब्रह्मस्वरूप	एवम् ब्रह्मस्वरूप
segment: द्वेषविषयाभावत्वात्	दुःखजनकाभावस्य अपि
segment: द्विषतो मुरारे-	द्विषतः मुरारेः
segment: काञ्चुकीयः---श्रूयतां	काञ्चुकीयः---श्रूयताम्
segment: चात्रापि	च अत्र अपि
segment: निवेशो न	निवेशः न
tag: अस्माकम् बभूव ।	अस्माकम्|PRON बभूव|VERB ।|SYM
segment: धूमेऽपि	धूमे अपि
segment: ईश्वरज्ञानमवश्यमङ्गीकर्त्तव्यम्	ईश्वरज्ञानम् अवश्यम् अङ्गीकर्त्तव्यम्
segment: धूर्तो वाक्छलतोऽवश्यं	धूर्तः वाक्छलतः अवश्यं
tag: असत्यम् अभवत् ।	असत्यम्|NOUN अभवत्|VERB ।|SYM
segment: करैर्नन्दकाख्यः	करैः नन्दकाख्यः
segment: यदाज्ञापयति	यद् आज्ञापयति
segment: दापितं	दापितम्
segment: अनुगृहीतोऽस्मि	अनुगृहीतः अस्मि
tag: महेष्वासाः काशी नमस्कृत्य ।	महेष्वासाः|ADJ काशी|NOUN नमस्कृत्य|VERB ।|SYM
segment: अवश्यं युधि	अवश्यम् युधि
tag: वाजश्रवाः च हृदयम् मन्यते ।	वाजश्रवाः|NOUN च|CONJ हृदयम्|NOUN मन्यते|VERB ।|SYM
segment: जगत्यत्र	जगति अत्र
segment: केशव इति	केशवः इति
segment: स्याद्वाक्यमात्रेण	स्यात् वाक्यमात्रेण
segment: गोवधजन्यतावच्छेदकजातेर्नानात्वान्न	गोवधजन्यतावच्छेदकजातेः नानात्वात् न
segment: सेव्यमानं	सेव्यमानम्
tag: स्त्री यज्ञः अभिरक्षन्तु ।	स्त्री|NOUN यज्ञः|NOUN अभिरक्षन्तु|VERB ।|SYM
segment: स भवेद्धनञ्जयो	सः भवेत् धनञ्जयः
segment: सम्बन्धिभूतज्ञानस्यैवानुमितिप्रतिबन्धकतया	सम्बन्धिभूतज्ञानस्य एव अनुमितिप्रतिबन्धकतया
segment: सतीश्वरस्य	सति ईश्वरस्य
segment: कुतो भवान्	कुतः भवान्
segment: विप्रतिपत्तयोर्विवादाध्यासितकर्तुकं सकर्तृकं	विप्रतिपत्तयोः विवादाध्यासितकर्तुकम् सकर्तृकम्
segment: राक्षसः---यदाज्ञापयति	राक्षसः---यद् आज्ञापयति
segment: इत्यपि	इति अपि
segment: भवत्यच्छमेव	भवति अच्छम् एव
segment: एष वाली	एषः वाली
segment: प्रकृतिनियमाग्रे	प्रकृतिनियम अग्रे
segment: एषोऽस्माकं धर्मः	एषः अस्माकम् धर्मः
tag: बुद्धिमान् वेदः बोधयति ।	बुद्धिमान्|ADJ वेदः|NOUN बोधयति|VERB ।|SYM
segment: तस्यानित्यदोषता	तस्य अनित्यदोषता
segment: कर्णः---किं नेच्छति	कर्णः---किम् न इच्छति
segment: तत एतौ	ततः एतौ
segment: बलं परीक्षिष्यामहे	बलम् परीक्षिष्यामहे
tag: वृक्षः अवस्थिताः गच्छति ।	वृक्षः|NOUN अवस्थिताः|ADJ गच्छति|VERB ।|SYM
tag: विराटः कनिष्ठः शिक्षयति ।	विराटः|NOUN कनिष्ठः|ADJ शिक्षयति|VERB ।|SYM
segment: इत्याह----ते	इति आह----ते
segment: शंकास्पदमपि	शंकास्पदम् अपि
tag: धृतराष्ट्र च विक्रमादित्यः कथयति ।	धृतराष्ट्र|NOUN च|CONJ विक्रमादित्यः|NOUN कथयति|VERB ।|SYM
segment: समूहालम्बनीभूतैकहेत्वाभासविषयकतादृशज्ञानविषयेऽन्यत्र	समूहालम्बनीभूतैकहेत्वाभासविषयकतादृशज्ञानविषये अन्यत्र
segment: मच्चक्षुष्पथमासाद्य	मच्चक्षुष्पथम् आसाद्य
segment: तादृशकार्यकारणभावो निर्युक्तिक	तादृशकार्यकारणभावः निर्युक्तिक
tag: चन्द्रः उत्तमः नमस्कृत्य ।	चन्द्रः|NOUN उत्तमः|ADJ नमस्कृत्य|VERB ।|SYM
segment: अक्षयोऽस्तु	अक्षयः अस्तु
tag: अस्थि च विष्णुः स्थापयति ।	अस्थि|NOUN च|CONJ विष्णुः|NOUN स्थापयति|VERB ।|SYM
segment: कार्यकारणभावलाघवमपि	कार्यकारणभावलाघवम् अपि
segment: समस्तैश्च	समस्तैः च
segment: नैव	न एव
segment: चापि	च अपि
segment: वपुरास्थितः	वपुः आस्थितः
segment: नित्यमुद्यतशासनम्	नित्यम् उद्यतशासनम्
segment: तन्मतेपि	तन्मते अपि
segment: साध्यवन्निष्ठहेतुसामानाधिकरणान्योन्याभावप्रतियोगित्वज्ञानादेश्च	साध्यवन्निष्ठहेतुसामानाधिकरणान्योन्याभावप्रतियोगित्वज्ञानादेः च
segment: पुरुषं महान्तमादित्यवर्णं	पुरुषम् महान्तम् आदित्यवर्णम्
segment: .विरुद्धमपीति	.विरुद्धम् अपि इति
tag: यानि कृष्णः दिदृक्षते ।	यानि|PRON कृष्णः|NOUN दिदृक्षते|VERB ।|SYM
segment: हृदयं सहर्षं	हृदयम् सहर्षम्
segment: अहमवधृतपाण्डरातपत्रो	अहम् अवधृतपाण्डरातपत्रः
segment: स कथं	सः कथं
segment: द्वितीयोऽङ्कः	द्वितीयः अङ्कः
tag: वृक्षः सर्वेषु सूचयति ।	वृक्षः|NOUN सर्वेषु|ADJ सूचयति|VERB ।|SYM
tag: लोकः बोधयति ।	लोकः|NOUN बोधयति|VERB ।|SYM
segment: काञ्चुकीयः---यदाज्ञापयति	काञ्चुकीयः---यद् आज्ञापयति
segment: भवन्मतेपि	भवन्मते अपि
segment: वेदान्ततिवाक्यादन्तः	वेदान्ततिवाक्यात् अन्तः
segment: वचनगतसिद्धिमपि	वचनगतसिद्धिम् अपि
segment: एकपुत्रविनाशादर्जुनस्य	एकपुत्रविनाशात् अर्जुनस्य
segment: ममास्त्रस्य	मम अस्त्रस्य
segment: तस्मादेतौ	तस्मात् एतौ
segment: कथं नामाभिधत्ते	कथम् नाम अभिधत्ते
segment: भगवदायुधवरं शार्ङ्गं	भगवदायुधवरम् शार्ङ्गम्
tag: मदर्थे अर्थः नमस्कृत्य ।	मदर्थे|ADV अर्थः|NOUN नमस्कृत्य|VERB ।|SYM
segment: शरीरत्वमिति	शरीरत्वम् इति
tag: चमूम् कामयते ।	चमूम्|NOUN कामयते|VERB ।|SYM
segment: अयं तु	अयम् तु
segment: क्षितिरखिलापि	क्षितिः अखिलापि
segment: तुदत्यलम्	तुदति अलम्
tag: तत्तत् सौभद्रः निबोध ।	तत्तत्|PRON सौभद्रः|NOUN निबोध|VERB ।|SYM
segment: जननीं मातुलं	जननीम् मातुलम्
segment: सर्वो भवति	सर्वः भवति
segment: कार्यस्याहारव्यापृताः	कार्यस्य आहारव्यापृताः
segment: धैर्यादुद्धरते	धैर्यात् उद्धरते
tag: तानि देवाः ददति ।	तानि|PRON देवाः|NOUN ददति|VERB ।|SYM
segment: तत्त्वज्ञानबलात्प्रारब्धान्य	तत्त्वज्ञानबलात् प्रारब्ध अन्य
segment: कामपथान्निवृत्तम्	कामपथात् निवृत्तम्
tag: यथा महेशः गायति ।	यथा|ADV महेशः|NOUN गायति|VERB ।|SYM
segment: गर्भा निशम्य	गर्भाः निशम्य
tag: नारायणं नमस्कृत्य नरं च नारायणं देवं । वाल्मीकिः कविर्मुनिः प्रादुरासीत् । तस्य ब्रह्मा यथा वाक्यम् जगाद । हे ब्रह्मन् भवतः श्रेयः भविष्यति ।	नारायणं|NOUN नमस्कृत्य|VERB नरं|NOUN च|CONJ नारायणं|NOUN देवं|NOUN ।|SYM वाल्मीकिः|NOUN कविर्मुनिः|NOUN प्रादुरासीत्|VERB ।|SYM तस्य|PRON ब्रह्मा|NOUN यथा|ADV वाक्यम्|NOUN जगाद|VERB ।|SYM हे|INTJ ब्रह्मन्|NOUN भवतः|PRON श्रेयः|NOUN भविष्यति|VERB ।|SYM
segment: श्रुत्वैवाग्निप्रवेशाय	श्रुत्वा एव अग्निप्रवेशाय
segment: एवमार्यमिश्रान्	एवम् आर्यमिश्रान्
segment: तावन्मम	तावत् मम
segment: शीघ्रं महोल्केव	शीघ्रम् महोल्का इव
segment: व्यभिचाराननुमितौ	व्यभिचारान् अनुमितौ
segment: पक्षतावच्छेदकं पक्षतावच्छेदकावच्छेदेन	पक्षतावच्छेदकम् पक्षतावच्छेदका अवच्छेदेन
segment: तदनुद्भावनस्यैव	तदनुद्भावनस्य एव
segment: निष्ठतमर्धं कार्यस्य	निष्ठतमर्धम् कार्यस्य
segment: .तत्सम्बन्धाभावसामानाधिकरण्यस्यावश्यं	.तत्सम्बन्धाभावसामानाधिकरण्यस्य अवश्यं
segment: .तस्यावृत्तित्वेनैव	.तस्य अवृत्तित्वेन एव
segment: प्रागेव	प्राक् एव
segment: दशग्रीवो राजलक्ष्मीमनुत्तमाम्	दशग्रीवः राजलक्ष्मीम् अनुत्तमाम्
segment: एष एवास्य	एषः एव अस्य
segment: ब्रह्मणोपि	ब्रह्मणः अपि
segment: खल्ववस्था	खलु अवस्था
segment: कथं न	कथम् न
tag: सदा जीवानाम् श्रावयामास ।	सदा|ADV जीवानाम्|NOUN श्रावयामास|VERB ।|SYM
segment: वायुसुतश्च	वायुसुतः च
segment: साध्यसिद्धेरूद्देश्यतायामसतः	साध्यसिद्धेः उदेश्यतायाम् असतः
segment: सन्तस्तु	सन्तः तु
tag: एताः अशोकः चिन्तयति ।	एताः|PRON अशोकः|NOUN चिन्तयति|VERB ।|SYM
segment: परमलघुतरं बाणजालान्	परमलघुतरम् बाणजालान्
segment: चेन्मैवम्	चेत् मा एवम्
segment: को हि	कः हि
segment: कोऽस्ति	कः अस्ति
segment: प्रवेश्यतां विभीषणः	प्रवेश्यताम् विभीषणः
segment: स चौर्यकारणात्	सः चौर्यकारणात्
segment: एतद् वैवश्यतस्तस्य	एतत् वैवश्यतः तस्य
segment: पूर्तिर्न	पूर्तिः न
segment: भटः---चितारोहणं किल	भटः---चितारोहणम् किल
tag: ब्रह्मा अभ्यहन्यन्त ।	ब्रह्मा|NOUN अभ्यहन्यन्त|VERB ।|SYM
segment: एष युधिष्ठरः	एषः युधिष्ठरः
segment: साध्यसिद्धेरूद्देश्यत्वादेशतः	साध्यसिद्धेः उदेश्यत्व आदेशतः
segment: गौररहं स्थूल	गौररहम् स्थूल
segment: स्वयमात्मदोष-	स्वयम् आत्मदोषम्
segment: कस्यचिज्जन्तोः	कस्यचित् जन्तोः
segment: वृत्तमेतत्	वृत्तम् एतत्
tag: एकम् नमस्कृत्य ।	एकम्|NOUN नमस्कृत्य|VERB ।|SYM
segment: कामं न	कामम् न
tag: माता च सुतं भाषते ।	माता|NOUN च|CONJ सुतं|NOUN भाषते|VERB ।|SYM
segment: उच्छलन्तो विचाराश्चेल्लिख्यन्ते	उच्छलन्तः विचाराः च उल्लिख्यन्ते
tag: सैन्यस्य अश्वः श्रावयामास ।	सैन्यस्य|NOUN अश्वः|NOUN श्रावयामास|VERB ।|SYM
segment: वयं न	वयम् न
segment: विभीषणः---निर्वेद एव	विभीषणः---निर्वेदः एव
segment: उपदर्शितानन्तकार्य	उपदर्शित अनन्तकार्य
segment: चैवं	च एवं
segment: हेतोर्ज्ञानेन	हेतोः ज्ञानेन
segment: व्यतिरेकानुविधानबलादपि	व्यतिरेक अनुविधानबलात् अपि
segment: नेच्छामि]	न इच्छामि]
segment: ज्ञानं प्रति	ज्ञानम् प्रति
tag: अन्नम् वसति ।	अन्नम्|NOUN वसति|VERB ।|SYM
segment: अप्रसिद्धान्तापाताच्च	अप्रसिद्धान्तापातात् च
segment: चाज्ञानादि	च ज्ञानादि
segment: (सर्वतो गत्वा)	(सर्वतः गत्वा)
tag: सर्वे खादति ।	सर्वे|PRON खादति|VERB ।|SYM
segment: .हेतुनिष्ठसाध्यसम्बन्ध-सामानाधिकरण्य-अन्योन्याभावप्रतियोगित्वज्ञानादेश्च-क	.हेतुनिष्ठसाध्यसम्बन्ध-सामानाधिकरण्य-अन्योन्याभावप्रतियोगित्वज्ञानादेः च-क
tag: पुरातनः वचनम् जल्पति ।	पुरातनः|ADJ वचनम्|NOUN जल्पति|VERB ।|SYM
segment: उत्तिष्ठोत्तिष्ठ	उत्तिष्ठ उत्तिष्ठ
segment: नवकुवलयनीलो मत्तमातङ्गलीलः	नवकुवलयनीलः मत्तमातङ्गलीलः
segment: बहिर्निःसृतम्	बहिः निःसृतम्
segment: काञ्चुकीयश्च	काञ्चुकीयः च
segment: इत इतः	इतः इतः
segment: समवेतानुगुणत्वादित्यनुमानादीश्वरसिद्धौ	समवेतानुगुणत्वात् इति अनुमानात् ईश्वरसिद्धौ
segment: साक्षाद्विषयतावत्त्वस्य	साक्षात् विषयतावत्त्वस्य
segment: वर्तमानो विनाश्यताम्	वर्तमानः विनाश्यताम्
segment: पर्याप्तं छिद्यतां	पर्याप्तम् छिद्यताम्
segment: संग्राममवतीर्णः	संग्रामम् अमवतीर्णः
segment: घटत्वाद्यवच्छिन्नं प्रति	घटत्वादि अवच्छिन्नम् प्रति
segment: रोषं परिगृह्य	रोषम् परिगृह्य
tag: शीघ्रम् अश्वः कुर्वत ।	शीघ्रम्|ADV अश्वः|NOUN कुर्वत|VERB ।|SYM
segment: बालभावाददृष्टदोषः	बालभावात् अदृष्टदोषः
segment: तद्‌गुणाकृष्टहृदया	तत् गुणाकृष्टहृदया
segment: विरतविविधशस्त्रपातमेते	विरतविविधशस्त्रपातम् एते
segment: सन्धिज्ञः	सन्धि ज्ञः
segment: मिथोऽनिष्टं	मिथः अनिष्टं
segment: कवचकुण्डलग्रहणाज्जनितपश्चात्तापेन	कवचकुण्डलग्रहणात् जनितपश्चात्तापेन
tag: पराक्रमी ऋतुः शिक्षयति ।	पराक्रमी|ADJ ऋतुः|NOUN शिक्षयति|VERB ।|SYM
segment: वह्निव्यभिचरितत्वादिभ्रमविषयीभूतधूमादावतिव्याप्तिस्तदवस्थैव	वह्निव्यभिचरितत्वादिभ्रमविषयीभूतधूमादौ अतिव्याप्तिः तदवस्था एव
segment: सिद्धेपीश्वरे	सिद्धे अपि ईश्वरे
tag: तत् अभवत् ।	तत्|PRON अभवत्|VERB ।|SYM
segment: तत्तुच्छम्	तत् तुच्छम्
segment: रुष्टेऽच्युते	रुष्टे अच्युते
tag: एते मन्यते ।	एते|PRON मन्यते|VERB ।|SYM
segment: किमनया	किम् अनया
segment: तदमात्यवर्गेण	तद् अमात्यवर्गेण
segment: क्वचिदपि	क्वचित् अपि
segment: क्वचिदपि	क्वचित् अपि
tag: फलम् स्मरति ।	फलम्|NOUN स्मरति|VERB ।|SYM
segment: क्षत्रिय इत्यस्त्रोपदेशं	क्षत्रियः इति अस्त्रोपदेशम्
segment: अवसितमवगच्छ	अवसितम् अवगच्छ
segment: प्रतिपालयत्यार्या	प्रतिपालयति आर्या
segment: इत इतः	इतः इतः
segment: कुलस्यास्य	कुलस्य अस्य
segment: यो भाजनं	यम् भाजनम्
segment: नृपैरसंभावितमात्मपौरुषम्	नृपैः असंभावितम् आत्मपौरुषम्
segment: स कालः	सः कालः
tag: ते दर्शयति ।	ते|PRON दर्शयति|VERB ।|SYM
segment: तं	तम्
segment: इत्यपापकवादित्यर्थः	इति अपापकवादित्यर्थः
segment: तत्तद्व्यक्तित्वावच्छिन्नं प्रति	तत्तत् व्यक्तित्वावच्छिन्नम् प्रति
segment: नोच्यते	न उच्यते
segment: कर्तुं निवारयति	कर्तुम् निवारयति
tag: मन्दम् पणवानकगोमुखाः जगाद ।	मन्दम्|ADV पणवानकगोमुखाः|NOUN जगाद|VERB ।|SYM
segment: साधारण्यगन्धोऽपि	असाधारण्यगन्धः अपि
segment: कथं सुग्रीव	कथम् सुग्रीवः
segment: केवलमीश्वरः	केवलम् ईश्वरः
segment: भगवद्गुणान्	भगवत् गुणान्
tag: तया सिंहः वसति ।	तया|PRON सिंहः|NOUN वसति|VERB ।|SYM
segment: करणावच्छिन्नचैतन्यबोधकत्वं पदादेः	करणावच्छिन्नचैतन्यबोधकत्वम् पदादेः
segment: सकलवानरकुलं ध्वंसयामि	सकलवानरकुलम् ध्वंसयामि
tag: वचनम् च श्रेयः रक्ष्यते ।	वचनम्|NOUN च|CONJ श्रेयः|NOUN रक्ष्यते|VERB ।|SYM
segment: नानुपपत्त्यभावादिति	न अनुपपत्त्यभावात् इति
segment: स स्वहस्तेन	सः स्वहस्तेन
segment: प्रतिबन्धक एवेति	प्रतिबन्धकः एव इति
tag: द्रुपदपुत्रेण व्यापारी भविष्यति ।	द्रुपदपुत्रेण|NOUN व्यापारी|NOUN भविष्यति|VERB ।|SYM
segment: यस्माज्जायते	यस्मात् जायते
tag: धृतराष्ट्र शक्नोति ।	धृतराष्ट्र|NOUN शक्नोति|VERB ।|SYM
segment: यन्मिथ्याज्ञानं तज्जन्यसंस्कारात्मक	यन्मिथ्याज्ञानम् तज्जन्यसंस्कारात्मक
segment: कार्यकारणबभावद्वयमिति	कार्यकारणभावद्वयम् इति
tag: कः शृणोति ।	कः|PRON शृणोति|VERB ।|SYM
segment: प्रहरतां	प्रहरताम्
segment: (कर्णमुपगम्य)	(कर्णम् उपगम्य)
segment: सुरदैत्यदानवचमूविद्रावणं रावणं	सुरदैत्यदानवचमूविद्रावणम् रावणम्
segment: पुरामृतमन्थनेऽपि	पुरा अमृतमन्थने अपि
segment: तन्नैव	तत् नैव
segment: वाच्यो भवति	वाच्यः भवति
segment: अतिपातिवृत्तान्तनिवेदनत्वरयावस्थान्तरं नावेक्षितम्	अतिपातिवृत्तान्तनिवेदनत्वरय अवस्थान्तरम् न अवेक्षितम्
segment: (ससम्भ्रमं राममुपगम्य)	(ससम्भ्रमम् रामम् उपगम्य)
segment: राममुपगच्छामीति	रामम् उपगच्छामि इति
segment: भवेन्ममासपत्ना	भवेत् मम असपत्ना
segment: स विहगवाहनमात्रविस्मितो	सः विहगवाहनमात्रविस्मितः
segment: हानिस्तस्याः	हानिः तस्याः
tag: एतस्य कार्यालयः शक्नोति ।	एतस्य|PRON कार्यालयः|NOUN शक्नोति|VERB ।|SYM
segment: पतिव्रतायाश्छन्दमनुतिष्ठ	पतिव्रतायाः छन्दम् अनुतिष्ठ
segment: वैपरीत्येपि	वैपरीत्ये अपि
segment: एवं सति	एवम् सति
segment: तद् विभज्यताम्	तत् विभज्यताम्
segment: कर्मणां प्रतिपादनात्	कर्मणाम् प्रतिपादनात्
segment: विभीषणः---एष एष	विभीषणः---एषः एषः
segment: इतस्तावत्	इतः तावत्
segment: गोवधादिजन्यतावच्छेकदुःख	गोवध आदिजन्यतावच्छेकदुःख
segment: पक्षीयव्यभिचारसंशयो न	पक्षीयव्यभिचारसंशयः न
segment: शीघ्रं वद	शीघ्रम् वद
segment: तेषां यदनेन	तेषाम् यत् अनेन
segment: प्रतिबन्धकत्वादिति	प्रतिबन्धकत्वात् इति
segment: बलमाज्ञापयितुमर्हति	बलम् आज्ञापयितुम् अर्हति
segment: द्रुपदराजसुतां रुदन्तीं	द्रुपदराजसुताम् रुदन्तीम्
segment: कोपो रोषेण	कोपः रोषेण
segment: शैला व्रज्रहता	शैलाः व्रज्रहताः
tag: पिता व्याख्याति ।	पिता|NOUN व्याख्याति|VERB ।|SYM
segment: साक्षात्कारार्थतैव	साक्षात्कारार्थत एव
tag: सञ्जय चिन्तयति ।	सञ्जय|NOUN चिन्तयति|VERB ।|SYM
segment: देवैर्मन्त्रयते	देवैः मन्त्रयते
tag: कृष्णा व्यासं शिक्षते ।	कृष्णा|NOUN व्यासं|NOUN शिक्षते|VERB ।|SYM
segment: परित्यजतमद्य	परित्यजतम् अद्य
segment: वधो वा	वधः वा
segment: चानुमितिमात्रोच्छेदः	च अनुमितिमात्रोच्छेदः
segment: महानभ्युदयो वर्धते	महान् अभ्युदयः वर्धते
segment: किमितरनैरपेक्ष्येण	किम् इतरनैरपेक्ष्येण
segment: विवादविषयकर्तृकत्वं तदिति	विवादविषयकर्तृकत्वम् तत् इति
segment: गजेन्द्रगामिंस्तव	गजेन्द्रगामिन् तव
segment: किं दूत	किम् दूतः
segment: नापि	न अपि
segment: तमवश्यं	तम् अवश्यं
segment: एतन्निश्चयश्च	एतन्निश्चयः च
tag: कालः घोषयति ।	कालः|NOUN घोषयति|VERB ।|SYM
segment: ममाभिपीड्य	मम अभिपीड्य
segment: तद्वारणायोपदर्शित	तद्वारणाय उपदर्शित
tag: मनोहरः अयनेषु निन्दति ।	मनोहरः|ADJ अयनेषु|NOUN निन्दति|VERB ।|SYM
segment: पाण्डवस्कन्धावाराद् दौत्येनागतः	पाण्डवस्कन्धावारात् दौत्येन आगतः
segment: अन्यांश्चापि	अन्यान् च अपि
segment: पृथिव्यां शासनं	पृथिव्याम् शासनम्
segment: त्वमरविन्दपलाशनेत्रे	त्वम् अरविन्दपलाशनेत्रे
tag: पुस्तकम् रामः जल्पति ।	पुस्तकम्|NOUN रामः|NOUN जल्पति|VERB ।|SYM
segment: मतेपि	मते अपि
segment: एष	एषः
segment: आश्चर्यमाश्चर्यम्	आश्चर्यम् आश्चर्यम्
tag: उशन् हर्षम् पश्यति ।	उशन्|PRON हर्षम्|NOUN पश्यति|VERB ।|SYM
tag: भीष्मम् कालः अभ्यहन्यन्त ।	भीष्मम्|NOUN कालः|NOUN अभ्यहन्यन्त|VERB ।|SYM
tag: भगवान् कमरबन्दः गायति ।	भगवान्|NOUN कमरबन्दः|NOUN गायति|VERB ।|SYM
segment: धर्मस्यान्यतरवृत्तित्वनियमेन	धर्मस्य अन्यतरवृत्तित्वनियमेन
segment: दुरितवद्भिन्नदुरितध्वंसत्वं तत्तत्र	दुरितवद्भिन्नदुरितध्वंसत्वम् तत् तत्र
segment: चेष्टात्वावच्छिन्नं प्रति	चेष्टात्वावच्छिन्नम् प्रति
segment: तदिच्छापूरको भवेत्	तदिच्छापूरकः भवेत्
segment: कुलविग्रहोऽयमस्मांश्च	कुलविग्रहः अयम् अस्मान् च
segment: गंगामरणादिनापि	गंगामरणादिन अपि
tag: आपत्सु बलवान् कामयते ।	आपत्सु|NOUN बलवान्|ADJ कामयते|VERB ।|SYM
segment: स कृष्णः	सः कृष्णः
segment: शङ्कुकर्णः---(पुरतो विलोक्य)	शङ्कुकर्णः---(पुरतः विलोक्य)
segment: वाहनो गरुडः	वाहनः गरुडः
segment: तुल्यदोषयोरहमेव	तुल्यदोषयोः अहम् एव
segment: विभीषणस्तावदाहूयताम्	विभीषणः तावत् आहूयताम्
segment: मदो मधुसूदनस्य	मदः मधुसूदनस्य
segment: वाचस्पत्यादौ	वाचस्पति आदौ
segment: पक्षतावच्छेदकमिति	पक्षतावच्छेदकम् इति
segment: सन्दिधक्षुर्यथैव	सन्दिधक्षुः यथा एव
segment: धर्षयितुं शक्तः	धर्षयितुम् शक्तः
tag: शृगालः निबोध ।	शृगालः|NOUN निबोध|VERB ।|SYM
segment: यत्तु	यत् तु
segment: नवीनैस्तवीश्वरसिद्ध्यर्थं प्रकारान्तरेण	नवीनैस्तवीश्वरसिद्ध्यर्थम् प्रकारान्तरेण
segment: वाली---श्रूयतां मत्पराक्रमः	वाली---श्रूयताम् मत्पराक्रमः
segment: यतो हि	यतः हि
segment: प्रतिनिवर्ततां भवान्	प्रतिनिवर्तताम् भवान्
segment: शङ्कुकर्णः--यदाज्ञापयति	शङ्कुकर्णः--यद् आज्ञापयति
segment: .तद्विशेषत्वमेवोचितमिति	.तद्विशेषत्वम् एव उचितम् इति
segment: .अतोऽपि	.अतः अपि
segment: परनिन्दावचोभिर्न	परनिन्दावचोभिः न
segment: जलेनैव	जलेन एव
tag: विराटः शिक्षयति ।	विराटः|NOUN शिक्षयति|VERB ।|SYM
segment: अन्यदपि	अन्यत् अपि
segment: तत्त्वज्ञानपदार्थो यथा	तत्त्वज्ञानपदार्थः यथा
tag: पाण्डवाश्च च यज्ञः आगच्छति ।	पाण्डवाश्च|NOUN च|CONJ यज्ञः|NOUN आगच्छति|VERB ।|SYM
segment: ग्रहणमस्यात्र	ग्रहणम् अस्य अत्र
segment: विजानीयाच्चित्तं तस्य	विजानीयात् चित्तम् तस्य
tag: उपदेशः स्मरति ।	उपदेशः|NOUN स्मरति|VERB ।|SYM
segment: ज्ञानत्वावच्छिन्नं प्रति	ज्ञानत्वावच्छिन्नम् प्रति
segment: सत्यनुमित्यादेरप्यपरोक्षत्वापत्तिः	सत्यनुमिति आदेः अपि अपरोक्षत्वापत्तिः
segment: क्षयो वा	क्षयः वा
tag: ऋषिकेशः नरपुङ्गवः संभवति ।	ऋषिकेशः|NOUN नरपुङ्गवः|NOUN संभवति|VERB ।|SYM
segment: प्रियमुपहरामि	प्रियम् उपहरामि
segment: स्वैरमासतां भवन्तः	स्वैरम् आसताम् भवन्तः
segment: समीचीनमिति-ख	समीचीनम् इति-ख
segment: प्रतिबन्धकत्वादाधिक्यम्	प्रतिबन्धकत्वात् आधिक्यम्
segment: लङ्कायां किल	लङ्कायाम् किल
segment: द्वितीयः---उपस्थितं मातलिं	द्वितीयः---उपस्थितम् मातलिम्
segment: किञ्चिद् भीत	किञ्चित् भीतः
segment: कार्यं करिष्यति	कार्यम् करिष्यति
segment: खल्वस्मि	खलु अस्मि
segment: जीवात्मनीतरभिन्नत्वज्ञानं तु	जीवात्मनीतरभिन्नत्वज्ञानम् तु
tag: आकाशः च वाक्यम् बभूव ।	आकाशः|NOUN च|CONJ वाक्यम्|NOUN बभूव|VERB ।|SYM
segment: तत्त्वस्यैव	तत्त्वस्य एव
segment: सर्वेषामेकीकृत्य	सर्वेषाम् एकीकृत्य
segment: चेदत्र	चेत् अत्र
segment: गौरवं दृष्परिहमेव	गौरवम् दृष्परिहम् एव
tag: कर्णः कपिशः चिन्तयति ।	कर्णः|NOUN कपिशः|NOUN चिन्तयति|VERB ।|SYM
tag: पाण्डवाश्च संगच्छति ।	पाण्डवाश्च|NOUN संगच्छति|VERB ।|SYM
segment: बाधापत्तेरिति	बाधापत्तिः इति
segment: .ज्ञानस्यामुदयात्-ख	.ज्ञानस्य अनुदयात्-ख
segment: भणतं कौ	भणतम् कौ
segment: लक्षणगमनेऽपि	लक्षणगमने अपि
segment: स्याच्च	स्यात् च
tag: तत्तत् मातृ अवलोकयति ।	तत्तत्|PRON मातृ|NOUN अवलोकयति|VERB ।|SYM
segment: तत्त्वमसीत्यादि	तत्त्वम् असि इत्यादि
segment: प्रतिबन्धकत्वात्तद्विषयस्यापि	प्रतिबन्धकत्वात् तद्विषयस्य अपि
segment: तादृशज्ञानाभावेन	तादृशज्ञान अभावेन
segment: कृताभिषेक-	कृताभिषेकः
segment: काञ्चुकीयः---यदाज्ञापयति	काञ्चुकीयः---यद् आज्ञापयति
segment: कष्टं कठोरहृदयो	कष्टम् कठोरहृदयः
segment: यात्राङ्कुरविशेषेण	यत्र अङ्कुरविशेषेण
segment: एवास्ति	एव अस्ति
segment: सुरतुल्यविक्रमवतां स्नेहस्य	सुरतुल्यविक्रमवताम् स्नेहस्य
tag: किसानः अयोध्या निरीक्षते ।	किसानः|NOUN अयोध्या|NOUN निरीक्षते|VERB ।|SYM
segment: सुरद्विपास्फालनकर्कशाड्गुलि-	सुरद्विपास्फालनकर्कशाड्गुलिः
segment: श्रुतिबलादपि	श्रुतिबलात् अपि
segment: शान्तमतिभिर्जुष्टं शमायाश्रमम्	शान्तमतिभिः जुष्टम् शमाय आश्रमम्
segment: कैलसमीशं स्वगणपरिवृतं	कैलसम् ईशम् स्वगणपरिवृतम्
segment: स्वयमेव	स्वयम् एव
segment: व्यभिचारवारणार्थं तत्त्वज्ञाननिष्ठयोगाभ्यास	व्यभिचारवारणार्थम् तत्त्वज्ञाननिष्ठयोगाभ्यास
segment: कस्यचित्कार्य	कस्यचित् कार्य
segment: उभयपक्षधर्मताविषयत्वेनैव	उभयपक्षधर्मताविषयत्वेन एव
segment: भूयस्तद्भिन्नदुःख	भूयः तद्भिन्नदुःख
segment: सहैव	सह एव
tag: ग्रामः राज्ञाम् अभिरक्षन्तु ।	ग्रामः|NOUN राज्ञाम्|NOUN अभिरक्षन्तु|VERB ।|SYM
segment: सत्यधर्मघृणायुक्तो द्यूतविभ्रष्टचेतनः	सत्यधर्मघृणायुक्तः द्यूतविभ्रष्टचेतनः
segment: नेश्वरस्य	न ईश्वरस्य
segment: नृपाणां शिबिरोपरोधम्	नृपाणाम् शिबिरोपरोधम्
segment: षष्ठोऽङ्कः	षष्ठः अङ्कः
tag: असौ ब्रवीमि ।	असौ|PRON ब्रवीमि|VERB ।|SYM
tag: कृष्णा च सत्यम् ब्रवीमि ।	कृष्णा|NOUN च|CONJ सत्यम्|NOUN ब्रवीमि|VERB ।|SYM
segment: संभवादित्यपि	संभवात् इति अपि
segment: उदधिरिव	उदधिः इव
segment: तद् अहं	तत् अहं
tag: बृहत् नायकाः सूचयति ।	बृहत्|ADJ नायकाः|NOUN सूचयति|VERB ।|SYM
segment: तनुमृदुललिताङ्गं स्त्रीस्वभावोपपन्नं	तनुमृदुललिताङ्गम् स्त्रीस्वभावोपपन्नम्
segment: नन्वहमाज्ञप्ता	ननु अहम् आज्ञप्ता
segment: त्वां युधिष्ठिरमुखाः	त्वाम् युधिष्ठिरमुखाः
tag: पशूनाम् कर्म प्रहरति ।	पशूनाम्|NOUN कर्म|NOUN प्रहरति|VERB ।|SYM
segment: पटत्वान्यवृत्तिविषयतासंबन्धेन	पटत्व अन्यवृत्तिविषयतासंबन्धेन
segment: लङ्केश्वर एतामवस्थां	लङ्केश्वरः एताम् अवस्थाम्
segment: तत्तत्र	तत् तत्र
segment: वानरमभिगच्छन्तं दृष्ट्वा	वानरम् अभिगच्छन्तम् दृष्ट्वा
tag: भीमाभिरक्षितम् कर्म ब्रवीमि ।	भीमाभिरक्षितम्|ADJ कर्म|NOUN ब्रवीमि|VERB ।|SYM
tag: भवान् अन्यायः संगच्छति ।	भवान्|PRON अन्यायः|NOUN संगच्छति|VERB ।|SYM
segment: दूरस्थामपि	दूरस्थाम् अपि
segment: तन्न	तत् न
segment: एष खलु	एषः खलु
segment: पाशैर्बद्धाः	पाशैः बद्धाः
segment: सदृशमेतत्	सदृशम् एतत्
tag: इन्जिनियरः ददति ।	इन्जिनियरः|NOUN ददति|VERB ।|SYM
segment: सर्वेश्वरोऽपि	सर्वेश्वरः अपि
segment: नोपदर्शित	न उपदर्शित
segment: अलमलं सम्भ्रमेण	अलम् अलम् सम्भ्रमेण
tag: ऋतुः उवाच ।	ऋतुः|NOUN उवाच|VERB ।|SYM
segment: देवीं च	देवीम् च
segment: लेखकस्यात्र	लेखकस्य अत्र
segment: लक्षणायानुभयवादिसिद्धत्वादिति	लक्षणायानुभयवादिसिद्धत्वात् इति
segment: वृत्तान्तं ज्ञास्यामि	वृत्तान्तम् ज्ञास्यामि
segment: तदेतरत्रापि	तत् इतरत्र अपि
segment: नद्यश्च	नद्यः च
segment: उक्तम्---सर्वेति	उक्तम्---सर्वे इति
segment: अलमात्मस्तवेन	अलम् आत्मस्तवेन
segment: प्रतिसाधनस्यैव	प्रतिसाधनस्य एव
segment: रतिरुग्रबलैश्च	रतिः उग्रबलैः च
segment: वस्तुगतिमुक्त्वा	वस्तुगतिम् उक्त्वा
segment: ब्रह्मतोतिरिक्ता	ब्रह्मतः अतिरिक्ता
segment: मां दृष्ट्वा	माम् दृष्ट्वा
tag: यूयम् पर्वतः अभ्यहन्यन्त ।	यूयम्|PRON पर्वतः|NOUN अभ्यहन्यन्त|VERB ।|SYM
segment: पक्षस्यापि	पक्षस्य अपि
segment: दुर्बलश्च	दुर्बलः च
segment: विद्वच्छ्रद्धालवोऽपि	विद्वच्छ्रद्धालवः अपि
segment: मेरुमन्दरकुलं परिवर्तयामि	मेरुमन्दरकुलम् परिवर्तयामि
tag: कुरुक्षेत्रे जल्पति ।	कुरुक्षेत्रे|NOUN जल्पति|VERB ।|SYM
segment: रावणः---कथं कथं	रावणः---कथम् कथम्
segment: नातिव्याप्तिरिति	न अतिव्याप्तिः इति
segment: जन्यापरोक्षत्वावच्छिन्नं प्रति	जन्यापरोक्षत्वावच्छिन्नम् प्रति
tag: पुरुजित् च आपत्सु समीक्षते ।	पुरुजित्|NOUN च|CONJ आपत्सु|NOUN समीक्षते|VERB ।|SYM
segment: चानुमानमात्रोच्छेदः	च अनुमानमात्रोच्छेदः
tag: व्यासं चपलः मन्यते ।	व्यासं|NOUN चपलः|ADJ मन्यते|VERB ।|SYM
segment: एतद् अपि	एतत् अपि
segment: लाङ्गूलमादीप्य	लाङ्गूलम् आदीप्य
segment: कार्यं तथा	कार्यम् तथा
segment: काचिद् विवक्षा	काचित् विवक्षा
segment: सर्वमवदातम्	सर्वम् अवदातम्
segment: तद्विरोधादिति	तद्विरोधात् इति
tag: सीता शृणोति ।	सीता|NOUN शृणोति|VERB ।|SYM
segment: विसृज्यतामयं वानरः	विसृज्यताम् अयम् वानरः
segment: अयं महाराजो	अयम् महाराजः
segment: प्रवेष्टुमर्हति	प्रवेष्टुम् अर्हति
segment: ममापि	मम अपि
segment: ततो यान्ति	ततः यान्ति
segment: गोवधादिजन्यतावच्छेदकजातेर्नानात्वे	गोवधादिजन्यतावच्छेदकजातेः नानात्वे
segment: सम्मानो भवेद्	सम्मानः भवेत्
segment: नमस्कारं कर्तुमर्हति	नमस्कारम् कर्तुम् अर्हति
segment: स्त्रिदशगणैरभिसंवृतो विभाति	त्रिदशगणैः अभिसंवृतः विभाति
tag: धर्मक्षेत्रे समानः अस्ति ।	धर्मक्षेत्रे|NOUN समानः|ADJ अस्ति|VERB ।|SYM
segment: सुग्रीवं भग्नग्रीवं	सुग्रीवम् भग्नग्रीवम्
segment: दृष्ट उपायः	दृष्टः उपायः
segment: निर्जितेयं वसुन्धरा	निर्जिता इयम् वसुन्धरा
segment: सहर्षं	सहर्षम्
segment: किमनुतिष्ठन्ति	किम् अनुतिष्ठन्ति
segment: कथञ्चिद् धीरमाकर्षमाणः	कथञ्चित् धीरम् आकर्षमाणः
segment: राजन्यन्तः	राजनि अन्तः
segment: सर्वमार्येण	सर्वम् आर्येण
segment: यद् लिखितं	यत् लिखितं
segment: काशीमरणन्मुक्तिरिति	काशीमरणन् मुक्तिः इति
segment: महत्तरां भिक्षां	महत्तराम् भिक्षाम्
segment: कथमाशीः	कथम् आशीः
segment: अमुष्मिंश्चान्यथा	अमुष्मिन् च अन्यथा
segment: किंकृतोऽयं संभ्रमः	किंकृतः अयम् संभ्रमः
tag: धीमान् उत्तमौजाः प्रोक्तः ।	धीमान्|ADJ उत्तमौजाः|NOUN प्रोक्तः|VERB ।|SYM
segment: चानुमानमात्रोच्छेदकतया	च अनुमानमात्रोच्छेदकतया
segment: प्रकृतेऽपि	प्रकृते अपि
segment: सर्वराजसमक्षमवमानितां द्रौपदीं	सर्वराजसमक्षम् अवमानिताम् द्रौपदीम्
segment: निर्गतो रावणः	निर्गतः रावणः
segment: सूक्ष्मार्थदर्शिभिः	सूक्ष्म अर्थदर्शिभिः
segment: विपक्षपक्षमवलम्बसे	विपक्षपक्षम् अवलम्बसे
segment: एष खलु	एषः खलु
segment: मुक्तित्वकथनं दुरूपवादमेवेति	मुक्तित्वकथनम् दुरूपवादम् एव इति
segment: द्वितीयो मदः	द्वितीयः मदः
segment: भयं त्यज	भयम् त्यज
segment: दूतोऽहमस्मि	दूतः अहम् अस्मि
segment: जीवन्तीमादाय	जीवन्तीम् आदाय
segment: किमाह	किम् आह
segment: पुरुषं विषयेषु	पुरुषम् विषयेषु
tag: सिंहनादम् रुचिकरः निवेदयति ।	सिंहनादम्|NOUN रुचिकरः|ADJ निवेदयति|VERB ।|SYM
segment: समीपमुपसर्पति	समीपम् उपसर्पति
segment: मानुषीं तनुमास्थिता	मानुषीम् तनुम् आस्थिता
segment: चेन्न	चेत् न
tag: कन्याकुब्जा च स्त्री प्रोक्तः ।	कन्याकुब्जा|NOUN च|CONJ स्त्री|NOUN प्रोक्तः|VERB ।|SYM
segment: उत्कर्णस्तिमिताञ्चिताक्षवलितग्रीवार्पिताग्राननास्तिष्ठन्त्यश्ववशाङ्गयष्टि	उत्कर्णस्तिमिताञ्चिताक्षवलितग्रीवार्पिताग्राननाः तिष्ठन्ति अश्ववशाङ्गयष्टि
segment: वीजन्तो मलयानिला	वीजन्तः मलयानिलाः
segment: श्रोतुं सखे	श्रोतुम् सखे
segment: हेतोर्वृत्तिमत्त्वं	हेतोः वृत्तिमत्त्वं
segment: प्रश्नस्तथोत्तरम्	प्रश्नः तथा उत्तरम्
segment: सम्प्रहर्तुं	सम्प्रहर्तुम्
segment: कृतं मे	कृतम् मे
segment: विष्णोरेतत्समाधानं	विष्णोः एतत् समाधानं
segment: हेतुत्वासंभवेन	अ
segment: यस्मात्प्रभावो महा-	यस्मात्प्रभावः महान्
segment: महीं कृत्स्नां	महीम् कृत्स्नाम्
tag: धीमता अरावली स्थापयति ।	धीमता|ADJ अरावली|NOUN स्थापयति|VERB ।|SYM
segment: युद्धकाल उपस्थित	युद्धकालः उपस्थितः
tag: अन्ततः वाजश्रवाः पठति ।	अन्ततः|ADV वाजश्रवाः|NOUN पठति|VERB ।|SYM
segment: लाघवतर्कसकृतोपदर्शितानुमानस्यैव	लाघवतर्कसकृत उपदर्शित अनुमानस्य एव
segment: चाज्ञायमानदशायां	च ज्ञायमानदशायां
segment: श्रीरघुदेवकृतो मुक्तिवादः	श्रीरघुदेवकृतः मुक्तिवादः
segment: एवं क्रियताम्	एवम् क्रियताम्
segment: तथाविधश्रुतीनां लक्षणया	तथाविधश्रुतीनाम् लक्षणया
segment: ...ग्रहभ्यैवेत्यादि-ख	...ग्रहस्य एव इत्यादि-ख
tag: यूयम् चमूम् आसीत् ।	यूयम्|PRON चमूम्|NOUN आसीत्|VERB ।|SYM
tag: शिष्यः च अशोकः कुर्वत ।	शिष्यः|NOUN च|CONJ अशोकः|NOUN कुर्वत|VERB ।|SYM
segment: कार्यसिद्धिर्भविष्यति	कार्यसिद्धिः भविष्यति
segment: सावशेषमिव	सावशेषम् इव
segment: चास्तु	च अस्तु
segment: महोल्केव	महोल्का इव
segment: पुत्रशोकसमुत्थितोऽग्निर्न	पुत्रशोकसमुत्थितः अग्निः न
segment: जीवात्ममात्रविषयकोवा	जीवात्ममात्रविषयक वा
segment: रूपमन्नञ्च	रूपमन्नम् च
segment: अहमपि	अहम् अपि
segment: सर्वस्यापि	सर्वस्य अपि
segment: युधिष्ठिरादयस्ते	युधिष्ठिरादयः ते
segment: दुर्योधनः---भो दूत	दुर्योधनः---भोः दूत
segment: शरीरिसमवेतत्वातिरिक्त	शरीरिसमवेतत्व अतिरिक्त
tag: सञ्जय कुर्ता दर्शयति ।	सञ्जय|NOUN कुर्ता|NOUN दर्शयति|VERB ।|SYM
segment: स्वल्पोऽपि	स्वल्पः अपि
segment: तद्दर्शनदशायामपि	तद्दर्शनदशायाम् अपि
segment: योगदर्शनम्	योग दर्शनम्
tag: सम्पन्नः अस्थि जानाति ।	सम्पन्नः|ADJ अस्थि|NOUN जानाति|VERB ।|SYM
segment: मृतोऽपि	मृतः अपि
segment: हन्यतामयं वानरः	हन्यताम् अयम् वानरः
tag: युधामन्युः च विष्णुः वसति ।	युधामन्युः|NOUN च|CONJ विष्णुः|NOUN वसति|VERB ।|SYM
segment: बह्न्यनुमितिस्तदा	वह्नि अनुमितिः तदा
segment: व्यर्थविशेषणत्वमिति	व्यर्थविशेषणत्वम् इति
segment: इत्यर्थः	इति अर्थः
segment: अद्यैव	अद्य एव
segment: धृतराष्ट्रः---किंकृतोऽयं संभ्रम	धृतराष्ट्रः---किंकृतः अयम् संभ्रमः
segment: नाति-क	न अति-क
segment: जीवानां	जीवानाम्
tag: महान् नारायणं भवति ।	महान्|ADJ नारायणं|NOUN भवति|VERB ।|SYM
tag: ज्येष्ठः शृगालः समीक्षते ।	ज्येष्ठः|ADJ शृगालः|NOUN समीक्षते|VERB ।|SYM
segment: पतिता भुजाः	पतिताः भुजाः
segment: प्राणाहुतिप्रदानेऽपि	प्राणाहुतिप्रदाने अपि
segment: कंसो ममापक्रमणं	कंसः मम अपक्रमणम्
segment: .गुरुविषयकस्यापि-ख	.गुरुविषयकस्य अपि-ख
segment: निवृत्तिस्वीकारेनेह	निवृत्तिस्वीकारेन इह
segment: बलवद्विग्रहो नाम	बलवद्विग्रहः नाम
tag: राज्यम् जानाति ।	राज्यम्|NOUN जानाति|VERB ।|SYM
segment: राक्षसोऽसौ	राक्षसः असौ
segment: आवां खलु	आवाम् खलु
segment: धनञ्जयस्य विप्रियं	धनञ्जयस्य विप्रियम्
segment: कस्यापि	कस्य अपि
segment: मुदं द्विषतां	मुदम् द्विषताम्
segment: मामभिमुखमेत्य	माम् अभिमुखम् एत्य
segment: कृताभिषेको रामः	कृताभिषेकः रामः
segment: सहनीयो न	सहनीयः न
segment: संवार्यतां संवार्यतां	संवार्यताम् संवार्यताम्
segment: युक्तं भोः	युक्तम् भोः
segment: नीलः---यदाज्ञापयति	नीलः---यद् आज्ञापयति
segment: चैकं.	च एकं
segment: तद्भिन्नमेव	तद्भिन्नम् एव
segment: गौरवसंभवाच्चेति	गौरवसंभवात् चेति
segment: ह्यग्निष्टोमफलं ददामि	हि अग्निष्टोमफलम् ददामि
segment: खल्वन्यैः.	खलु अन्यैः.
segment: लिङ्गव्यत्यासकल्पनानौचित्यात्	न औचित्यात्
segment: यो मन्दरं	यः मन्दरं
segment: कथानस्यानुपपत्तेः	कथानस्य अनुपपत्तेः
segment: जयद्रथेनाद्य	जयद्रथेन अद्य
tag: मन्त्री समवेता आसीत् ।	मन्त्री|NOUN समवेता|ADJ आसीत्|VERB ।|SYM
segment: प्रदर्शितत्वादित्यादि	प्रदर्शितत्वात् इत्यादि
segment: रामं प्रत्यैषवं	रामम् प्रति ऐषवम्
segment: प्रतिज्ञार्णवमाहवेऽद्य	प्रतिज्ञार्णवम् आहवे अद्य
segment: हतोऽयं मृत्युना	हतः अयम् मृत्युना
segment: संग्राह्यन्न	संग्राह्यत्वात् न
tag: कर्णः अधमः जानाति ।	कर्णः|NOUN अधमः|ADJ जानाति|VERB ।|SYM
segment: नावगच्छसि	न अवगच्छसि
segment: तस्यैव	तस्य एव
tag: व्यापारी कोमलः मारयति ।	व्यापारी|NOUN कोमलः|ADJ मारयति|VERB ।|SYM
segment: मामिह	माम् इह
segment: कार्यमहमेव	कार्यम् अहम् एव
segment: चोपाधिव्युत्पादनर्थकं	च उपाधिव्युत्पादनर्थकं
segment: शरीरत्वं जातिरिति	शरीरत्वम् जातिः इति
segment: कंसो मृत्युर्भविष्यति	कंसः मृत्युः भविष्यति
segment: प्रागभावप्रतियोगित्वरूपतयोक्तानुपपत्तेभावात्	प्रागभावप्रतियोगित्वरूपतया उक्त अनुपपत्तेभावात्
segment: एवात्र	एव अत्र
segment: यत्तु	यत् तु
segment: गुरूभक्ता न	गुरूभक्ताः न
segment: विरोधान्नादरणीयः	विरोधात् न आदरणीयः
segment: तवाद्य	तव अद्य
tag: वेतालः रक्ष्यते ।	वेतालः|NOUN रक्ष्यते|VERB ।|SYM
tag: इह कर्माणि वदति ।	इह|ADV कर्माणि|NOUN वदति|VERB ।|SYM
segment: तेषां न	तेषाम् न
segment: किमभिलषसि	किम् अभिलषसि
segment: युक्तं भो	युक्तम् भो
segment: कार्यकारणभावानन्त्यप्रयुक्तगौरवं भाट्टमते	कार्यकारणभावानन्त्यप्रयुक्तगौरवम् भाट्टमते
segment: ममानवेक्ष्य	मम अनवेक्ष्य
segment: प्रेषितस्त्वद्विचित्यर्थं हनूमान्	प्रेषितः त्वत् विचित्यर्थम् हनूमान्
segment: अयं महाराजो	अयम् महाराजः
segment: फलमतो निजशाठ्यसमुद्भवम्	फलम् अतः निजशाठ्यसमुद्भवम्
segment: गुरोर्भूपं कंसं	गुरोः भूपम् कंसम्
segment: व्यवसायतुष्टहृदयैस्तद्विक्रमोत्साहिभिस्तुष्टास्यैर्जितमित्यवेक्ष्य	व्यवसायतुष्टहृदयैः तद्विक्रमोत्साहिभिः तुष्टास्यैः जितम् इति अवेक्ष्य
tag: ताः कन्याकुब्जा घोषयति ।	ताः|PRON कन्याकुब्जा|NOUN घोषयति|VERB ।|SYM
segment: स्वचरितैर्दोषैर्गतः	स्वचरितैः दोषैः गतः
segment: अस्मिन्नेवं गते	अस्मिन् एवम् गते
segment: स्वयं ग्रहणमापन्नो	स्वयम् ग्रहणम् आपन्नः
segment: .मतमवलम्ब्यैतदुक्तम्	मतमवलम्ब्य एतत् उक्तम्
tag: काशी च आपत्सु बभूव ।	काशी|NOUN च|CONJ आपत्सु|NOUN बभूव|VERB ।|SYM
tag: कुशलः युधामन्युः आसीत् ।	कुशलः|ADJ युधामन्युः|NOUN आसीत्|VERB ।|SYM
segment: कृष्णस्योपायः	कृष्णस्य उपायः
segment: चेन्न	चेत् न
tag: यूयम् अभिरक्षन्तु ।	यूयम्|PRON अभिरक्षन्तु|VERB ।|SYM
segment: शान्तिं गमिष्यति	शान्तिम् गमिष्यति
segment: वैयर्थ्यशङ्केति	वैयर्थ्यशङ्का इति
segment: विजातीयैकत्ववत्त्वं शरीरत्वमिति	विजातीय एकत्ववत्त्वम् शरीरत्वम् इति
segment: विनिगमनाविरहेणापि	विनिगमनाविरहेण अपि
segment: सर्वत्रानुगमिष्यन्ति	सर्वत्र अनुगमिष्यन्ति
segment: स्वयमेव	स्वयम् एव
segment: नोद्भावनीयम्	न उद्भावनीयम्
segment: रामः---नार्हति	रामः---न अर्हति
segment: समर्थितं तदिदानीं	समर्थितम् तद् इदानीम्
segment: पद्मपत्राक्षं शरण्यं	पद्मपत्राक्षम् शरण्यम्
segment: स्वेनापराधेन	स्वेन अपराधेन
segment: भुवनत्रयं सुरपते	भुवनत्रयम् सुरपते
segment: भविष्यतीति	भविष्यति इति
segment: सम्प्रार्थयत ईश्वरम्	सम्प्रार्थयते ईश्वरम्
tag: सिंहः पितृ द्वेष्टि ।	सिंहः|NOUN पितृ|NOUN द्वेष्टि|VERB ।|SYM
segment: चारुविद्युल्लतेव	चारुविद्युल्लता इव
segment: विभात्ययम्	विभाति अयम्
segment: राममालोक्य	रामम् आलोक्य
segment: तत्रानुमित्यप्रतिबन्धात्	तत्र अनुमित्यप्रतिबन्धात्
segment: वयं किल	वयम् किल
segment: वरशरणमुपेहि	वरशरणम् उपेहि
segment: राज्यार्धं धृतराष्ट्रज	राज्यार्धम् धृतराष्ट्रज
segment: पञ्चकार्यकारणभावापेक्षया	पञ्चकार्यकारणभाव अपेक्षया
segment: सुस्थिरा भूत्वा	सुस्थिराः भूत्वा
segment: मार्गमेनं	मार्गम् एनम्
segment: ज्ञानाभावो वा	ज्ञानाभावः वा
segment: कथं सुग्रीव	कथम् सुग्रीवः
segment: इत्युक्तमाचार्यैः	इति उक्तम् आचार्यैः
segment: रथगतमभियान्तं रावणं	रथगतम् अभियान्तम् रावणम्
segment: युद्धोत्थितैर्जयमवाप्य	युद्धोत्थितैः जयम् अवाप्य
segment: श्रीधरोस्तु	श्रीधरः अस्तु
tag: वनम् धर्मक्षेत्रे जानाति ।	वनम्|NOUN धर्मक्षेत्रे|NOUN जानाति|VERB ।|SYM
segment: चलितोऽस्म्यासनादहम्	चलितः अस्मि आसनात् अहम्
tag: कमरबन्दः विमृशति ।	कमरबन्दः|NOUN विमृशति|VERB ।|SYM
segment: द्विषतां स्वकीर्त्त्या	द्विषताम् स्वकीर्त्त्या
segment: खल्वस्य	खलु अस्य
tag: कृष्णः अतिशीतः द्वेष्टि ।	कृष्णः|NOUN अतिशीतः|ADJ द्वेष्टि|VERB ।|SYM
segment: पञ्चानां पाण्डवाग्नीनामात्मा	पञ्चानाम् पाण्डवाग्नीनाम् आत्मा
segment: कादाचित्को वा	कादाचित्कः वा
segment: दोषशङ्कापि	दोषशङ्का अपि
segment: व्यक्तमिन्द्रजिता	व्यक्तम् इन्द्रजिता
segment: समावृतं सुरैरद्य	समावृतम् सुरैः अद्य
segment: किं प्रविष्टव्यम्	किम् प्रविष्टव्यम्
tag: आयुर्वेदः सर्वेषाम् शास्त्राणाम् श्रेष्ठः अस्ति । तत् च सर्वेषाम् रोगाणाम् नाशकः अस्ति । तस्य च ज्ञाने सर्वे स्वस्थाः भवन्ति । तस्य च अज्ञाने सर्वे रोगिणः भवन्ति ।	आयुर्वेदः|NOUN सर्वेषाम्|PRON शास्त्राणाम्|NOUN श्रेष्ठः|ADJ अस्ति|VERB ।|SYM तत्|PRON च|CONJ सर्वेषाम्|PRON रोगाणाम्|NOUN नाशकः|ADJ अस्ति|VERB ।|SYM तस्य|PRON च|CONJ ज्ञाने|NOUN सर्वे|PRON स्वस्थाः|ADJ भवन्ति|VERB ।|SYM तस्य|PRON च|CONJ अज्ञाने|NOUN सर्वे|PRON रोगिणः|ADJ भवन्ति|VERB ।|SYM
tag: कोऽपि शिक्षते ।	कोऽपि|PRON शिक्षते|VERB ।|SYM
segment: संबन्धाङ्गीकरणान्तरालिक	संबन्ध अङ्गीकरण अन्तरालिक
tag: अदः अभवत् ।	अदः|PRON अभवत्|VERB ।|SYM
tag: द्रौपदेयाः भुङ्क्ते ।	द्रौपदेयाः|NOUN भुङ्क्ते|VERB ।|SYM
segment: गिरीणां	गिरीणाम्
segment: नानिष्टं	न अनिष्टं
segment: सहृदयैर्जित्वा	सहृदयैः जित्वा
segment: दोषमपास्य	दोषम् अपास्य
segment: कामक्रोधादयो यस्य	कामक्रोधादयः यस्य
segment: यावदेनं पृच्छामि	यावत् एनम् पृच्छामि
segment: मां भवान्	माम् भवान्
tag: देवाः करोति ।	देवाः|NOUN करोति|VERB ।|SYM
segment: इदानीमपि	इदानीम् अपि
tag: धनवान् सुतं युध्यति ।	धनवान्|ADJ सुतं|NOUN युध्यति|VERB ।|SYM
segment: ईश्वरस्तेन	ईश्वरः तेन
segment: को दोष	कः दोष
tag: तं ताडयति ।	तं|PRON ताडयति|VERB ।|SYM
segment: तच्चापि	तत् च अपि
segment: वैय्यर्थ्याभावात्	वैय्यर्थ्य अभावात्
segment: हतास्तेन	हताः तेन
segment: पृथिवीं ददामि	पृथिवीम् ददामि
tag: भीष्माभिरक्षितम् पशूनाम् शिक्षयति ।	भीष्माभिरक्षितम्|ADJ पशूनाम्|NOUN शिक्षयति|VERB ।|SYM
segment: वैधव्यं दापितं	वैधव्यम् दापितम्
segment: तदिदानीं मयानुष्ठितम्	तद् इदानीम् मया अनुष्ठितम्
segment: पुनर्दीनाय	पुनः दीनाय
segment: धृतराष्ट्रः---तत्करिष्यति	धृतराष्ट्रः---तत् करिष्यति
tag: कुत्र आशा जल्पति ।	कुत्र|ADV आशा|NOUN जल्पति|VERB ।|SYM
segment: प्रपञ्चितामिति	प्रपञ्चिताम् इति
segment: तुमुलं युद्धं	तुमुलम् युद्धम्
tag: सर्वेषु वृक्षः अभवत् ।	सर्वेषु|ADJ वृक्षः|NOUN अभवत्|VERB ।|SYM
segment: दीर्घायुर्भविष्यति	दीर्घायुः भविष्यति
segment: किं नु	किम् नु
segment: भगवांश्चक्रायुधः	भगवान् चक्रायुधः
segment: बलवद्द्वेषविषयाभावत्वस्य नियामकत्वात्	अभावनिष्ठपुरूषार्थतायाम् बलत् द्वेषविषयाभावत्वस्य
segment: दृष्टिर्विफलतां गता	दृष्टिः विफलताम् गता
segment: नात्र	न अत्र
segment: चक्रं कालचक्रं	चक्रम् कालचक्रम्
tag: तस्य समीक्षते ।	तस्य|PRON समीक्षते|VERB ।|SYM
segment: खल्विदम्	खलु इदम्
tag: यथा अयोध्या नमस्कृत्य ।	यथा|ADV अयोध्या|NOUN नमस्कृत्य|VERB ।|SYM
segment: तादृशानुभवविषयः	तादृश अनुभवविषयः
tag: राज्ञः माता घोषयति ।	राज्ञः|NOUN माता|NOUN घोषयति|VERB ।|SYM
tag: एतानि कुर्ता विचारयति ।	एतानि|PRON कुर्ता|NOUN विचारयति|VERB ।|SYM
segment: दर्शितमिति	दर्शितम् इति
segment: भ्रातृनाशाद् व्यथितस्तवात्मा	भ्रातृनाशात् व्यथितः तव आत्मा
segment: पुरूषान्तरीयदुःख	पुरूष अन्तरीयदुःख
segment: व्यायामोष्णं गृह्य	व्यायामोष्णम् गृह्य
segment: ग्रन्थार्थमाह-ग.	ग्रन्थार्थम् आह-ग.
segment: वक्तुं किमेवमुचितं	वक्तुम् किम् एवम् उचितम्
segment: एवमार्यमिश्रान्	एवम् आर्यमिश्रान्
segment: प्रसन्नोऽस्मि	प्रसन्नः अस्मि
segment: चोभयपरामर्शविषयतापन्नप्रतिसाधनं	च उभयपरामर्शविषयतापन्नप्रतिसाधनं
segment: मुक्तिं प्रति	मुक्तिम् प्रति
tag: एषा खेलामः ।	एषा|PRON खेलामः|VERB ।|SYM
segment: कथं निर्जघानेति	कथम् निर्जघान इति
segment: व्यतिरेकानुविधानबलात्	व्यतिरेक अनुविधानबलात्
segment: शीघ्रमागच्छेति	शीघ्रम् आगच्छ इति
segment: अवसरोपयुक्तो यः	अवसरोपयुक्तः यः
segment: शत्रुपक्षमुपाश्रित्य	शत्रुपक्षम् उपाश्रित्य
segment: इन्द्रियेभ्यो परं	इन्द्रियेभ्यः परम्
segment: स्त्रीवधो न	स्त्रीवधः न
segment: शल्यः---ततस्ततः	शल्यः---ततः ततः
segment: राक्षसः---श्रोतुमर्हति	राक्षसः---श्रोतुम् अर्हति
segment: अत एव	अतः एव
segment: नैव	न एव
segment: भीष्मादयो निर्जिताः	भीष्मादयः निर्जिताः
segment: रावणः---कुमारो हि	रावणः---कुमारः हि
segment: तत्राव्याप्तिः	तत्र अव्याप्तिः
segment: एवं गाढं	एवम् गाढम्
segment: तत्कार्यमेव	तत् कार्यम् एव
segment: रणोत्सवमिमं सहसा	रणोत्सवम् इमम् सहसा
segment: तादृशज्ञानं तत्त्वज्ञानपदार्थस्तथापि	तादृशज्ञानम् तत्त्वज्ञानपदार्थः तथापि
segment: पुनश्च	पुनः च
segment: तत्रापि	तत्र अपि
segment: वर्णनामनित्यत्ववादे	वर्णनाम् अनित्यत्ववादे
segment: प्रलीना वासुकिप्रभृतयो	प्रलीनाः वासुकिप्रभृतयः
segment: संभवेनाज्ञाननाशस्य	संभवेन अज्ञाननाशस्य
segment: य एषः	यः एषः
tag: एतस्य निरीक्षते ।	एतस्य|PRON निरीक्षते|VERB ।|SYM
segment: अत्यन्तदुःखम्	अति अन्त दुःखम्
tag: युयुत्सवः अर्जुन श्रुत्वा ।	युयुत्सवः|ADJ अर्जुन|NOUN श्रुत्वा|VERB ।|SYM
segment: स चित्रपटः	सः चित्रपटः
segment: स्थितोऽस्मि	स्थितः अस्मि
segment: शल्यश्च)	शल्यः च)
segment: निष्ठात्यन्तिकत्वं स्वसमानाधिकरणदुःखप्रागभावासमानकालीनत्वम्	निष्ठ आत्यन्तिकत्वम् स्वसमानाधिकरणदुःखप्रागभावासमानकालीनत्वम्
segment: नित्यत्वनिश्चयो यदा	नित्यत्वनिश्चयः यदा
segment: यावदवतरामि	यावत् अवतरामि
segment: उपाधिसंदेहाद्यनाहितसाध्यव्यभिचारसंशयातिरिक्तव्यभिचारसंशयत्वेनैवेति	उपाधिसंदेहादि अनाहितसाध्यव्यभिचारसंशयातिरिक्तव्यभिचारसंशयत्वेन एव इति
segment: कनकरचितचापं तीक्ष्णमुद्यम्य	कनकरचितचापम् तीक्ष्णम् उद्यम्य
segment: शरवरपरिभिन्नसर्वगात्रं	शरवरपरिभिन्नसर्वगात्रम्
segment: चेदात्मानमेवोपालंभस्व	चेत् आत्मानम् एव उपालंभस्व
tag: रुचिकरः काशी निबोध ।	रुचिकरः|ADJ काशी|NOUN निबोध|VERB ।|SYM
segment: रोषं धारयितुम्	रोषम् धारयितुम्
tag: ऋषिकेशः विशालः प्रादुरासीत् ।	ऋषिकेशः|NOUN विशालः|ADJ प्रादुरासीत्|VERB ।|SYM
segment: किं कि	किम् किम्
segment: राक्षसेभ्योऽपि	राक्षसेभ्यः अपि
segment: तथाप्यनतिप्रयोजकत्वं तस्येति	तथापि अनतिप्रयोजकत्वम् तस्य इति
segment: जयत्वविधवा	जयतु अविधवा
segment: स्वसाध्यासाधकाविमाविति	स्वसाध्यासाधकौ इमौ इति
segment: वेदव्यासो गणेशेन	वेदव्यासः गणेशेन
segment: यमवरुणकुबेरवासवाद्यै-	यमवरुणकुबेरवासवाद्यैः
tag: मामकाः कुरुवृद्धः विनद्य ।	मामकाः|ADJ कुरुवृद्धः|NOUN विनद्य|VERB ।|SYM
segment: यत्किचित्सम्बन्धेन	यत् किंचित् सम्बन्धेन
segment: यदुपतेर्वाक्यं गृहीत्वागतो	यदुपतेः वाक्यम् गृहीत्वागतः
segment: एवं चररमत्वस्य	एवम् चररमत्वस्य
segment: बाधितमर्थं	बाधितम् अर्थम्
segment: शिबिरोपनीतं	शिबिरोपनीतम्
segment: श्रमिको धीमान्	श्रमिकः धीमान्
segment: व्यभिचारज्ञापनायोपाधिरिव	व्यभिचारज्ञापनाय उपाधिः इव
segment: वञ्चयितुकामो भवेत्	वञ्चयितुकामः भवेत्
segment: अप्यनुगताः	अपि अनुगताः
segment: रावणेनैतौ	रावणेन एतौ
segment: गुणलुब्धा स्वयमेव	गुणलुब्धाः स्वयम् एव
segment: मृता बन्धुजनाः	मृताः बन्धुजनाः
segment: कंसभृत्यो दामोदरस्तव	कंसभृत्यः दामोदरः तव
segment: सद्यो विधीयताम्	सद्यः विधीयताम्
segment: विशिष्टबुद्धिं प्रति	विशिष्टबुद्धिम् प्रति
segment: नैयायिकानामपि	नैयायिकानाम् अपि
segment: पश्यतां युध्यतां	पश्यताम् युध्यताम्
segment: युद्धव्यग्रस्याधर्म्यः	युद्धव्यग्रस्य अधर्म्यः
segment: स्वभवनान्निष्क्रम्येत एवाभिवर्तते	स्वभवनात् निष्क्रम्य इतः एव अभिवर्तते
segment: तदधीनसान्यतदभावप्रतियोगिकव्यतिरेकव्याप्ति.द्वयाग्रहस्तदातिव्याप्तिः	तदधीनसान्यतदभावप्रतियोगिकव्यतिरेकव्याप्तिद्वयाग्रहः तदतिव्याप्तिः
segment: कर्ण एव	कर्णः एव
segment: नेच्छामि	न इच्छामि
segment: वोपाधिरित्यपि	वा उपाधिः इति अपि
segment: कुर्वतो रावणस्याचिरेण	कुर्वतः रावणस्य अचिरेण
segment: समुपास्यैव	समुपास्य एव
segment: करोम्यहं	करोमि अहं
segment: .चायथार्थत्वनियमेनोक्तदोषापरिहारः	.च अयथार्थत्वनियमेन उक्तदोषापरिहारः
tag: सञ्जय च पितरौ अभिरक्षन्तु ।	सञ्जय|NOUN च|CONJ पितरौ|NOUN अभिरक्षन्तु|VERB ।|SYM
segment: किं नु	किम् नु
segment: साधनं राजलक्ष्म्याः	साधनम् राजलक्ष्म्याः
segment: पुत्रवियोगार्तां बहुशो	पुत्रवियोगार्ताम् बहुशः
segment: द्रौपदीं दृष्ट्वा	द्रौपदीम् दृष्ट्वा
segment: भूमिमेकः	भूमिम् एकः
segment: स पाषाणो	सः पाषाणः
tag: पिता पिबति ।	पिता|NOUN पिबति|VERB ।|SYM
segment: स किं	सः किं
segment: सम्बन्धमादाय-ख	सम्बन्धम् आदाय-ख
segment: चाद्य	च अद्य
segment: नूनं युधिष्ठिरपराजयकोपितात्मा	नूनम् युधिष्ठिरपराजयकोपितात्मा
segment: परशुं दधानम्	परशुम् दधानम्
segment: आत्मप्रत्यक्षानुकूलस्यास्मदीय	आत्मप्रत्यक्ष अनुकूलस्य अस्मदीय
segment: .एतदविषयस्यानु--क	.एतत् विषयस्य अनु--क
segment: कस्यचिच्चिन्त्यं	कस्यचित् चिन्त्यं
segment: विवदमानोऽपि	विवदमानः अपि
segment: नैरर्थक्यापत्तेः	नैरर्थक्य आपत्तेः
segment: श्रममिह	श्रमम् इह
segment: लाघवज्ञानसहितात्सर्गाद्यकालीन	लाघवज्ञानसहितात् सर्गादि अकालीन
segment: अत्रानन्तर्भूतत्वादाधिक्यम्	अत्र अनन्तर्भूतत्वात् आधिक्यम्
segment: दृष्टा मया	दृष्टाः मया
tag: स्वादुः शृगालः शिक्षयति ।	स्वादुः|ADJ शृगालः|NOUN शिक्षयति|VERB ।|SYM
segment: किमहं ददामि	किम् अहम् ददामि
segment: चेद् भवत्येव	चेत् भवति एव
tag: अस्माकम् मित्रम् भुङ्क्ते ।	अस्माकम्|PRON मित्रम्|NOUN भुङ्क्ते|VERB ।|SYM
segment: युद्धं कुमारस्य	युद्धम् कुमारस्य
segment: कल्पनान्यथा	कल्पन अन्यथा
segment: स्वीकारलाघवमिति	स्वीकारलाघवम् इति
segment: साध्यतदभावोत्थापकतयेति	साध्यतदभावोत्थापकतया इति
tag: पाणिनिः गंगा ताडयति ।	पाणिनिः|NOUN गंगा|NOUN ताडयति|VERB ।|SYM
segment: श्रेतव्यो मन्तव्यो	श्रेतव्यः मन्तव्यः
tag: महेशः राजा वदति ।	महेशः|NOUN राजा|NOUN वदति|VERB ।|SYM
tag: असौ भीष्मम् मन्यते ।	असौ|PRON भीष्मम्|NOUN मन्यते|VERB ।|SYM
tag: सदा कालवित् विचारयति ।	सदा|ADV कालवित्|NOUN विचारयति|VERB ।|SYM
segment: संशय इति	संशयः इति
segment: बध्यतामेष शीघ्रम्	बध्यताम् एषः शीघ्रम्
tag: हृदयम् अन्यायः अस्ति ।	हृदयम्|NOUN अन्यायः|NOUN अस्ति|VERB ।|SYM
tag: तस्याः ऋषीणाम् निगच्छति ।	तस्याः|PRON ऋषीणाम्|NOUN निगच्छति|VERB ।|SYM
segment: करोतीत्याशङ्क्य	करोति इति आशङ्क्य
tag: घोड़ा स्थापयति ।	घोड़ा|NOUN स्थापयति|VERB ।|SYM
segment: दृष्टपराक्रमस्याभूतपूर्वो हृदयपरितापः	दृष्टपराक्रमस्य अभूतपूर्वः हृदयपरितापः
segment: तन्न	तत् न
segment: स मानुषः	सः मानुषः
segment: किं कार्यम्]	किम् कार्यम्]
tag: पुरुषः तुमुलः कामयते ।	पुरुषः|NOUN तुमुलः|ADJ कामयते|VERB ।|SYM
segment: कपिवरं त्वत्कारणादग्रजं	कपिवरम् त्वत्कारणाद् अग्रजम्
segment: लक्ष्मणः---यदाज्ञापयत्यार्यः	लक्ष्मणः---यद् आज्ञापयति आर्यः
segment: समुद्धर्तुं दशग्रीवं	समुद्धर्तुम् दशग्रीवम्
segment: बाणयोग्यमष्टापदं समरकर्मणि	बाणयोग्यम् अष्टापदम् समरकर्मणि
segment: चेत्यादि	च इत्यादि
tag: राज्ञः मृदुः अस्ति ।	राज्ञः|NOUN मृदुः|ADJ अस्ति|VERB ।|SYM
segment: युक्तरूपोऽस्य	युक्तरूपः अस्य
segment: नोपदर्शितस्वोपादान	न उपदर्शितस्वोपादान
segment: सचिववचोऽप्यनवेक्ष्य	सचिववचः अपि अनवेक्ष्य
segment: विपद्यमानं राक्षसकुलं	विपद्यमानम् राक्षसकुलम्
segment: पार्थिवानां सुरपुरसदृशाः	पार्थिवानाम् सुरपुरसदृशाः
segment: घटादिव्योमादिव्यावृत्तत्वनिश्चयो विद्यमानोऽप्यकिंचित्कर	घटादिव्योमादिव्यावृत्तत्वनिश्चयः विद्यमानः अपि अकिंचित्करः
segment: आगमनाद् भीतः	आगमनात् भीतः
segment: एकत्वेपि	एकत्वे अपि
segment: श्रूयतां ममास्त्रस्य	श्रूयताम् मम अस्त्रस्य
segment: बोधयतीति	बोधयति इति
tag: पितरौ च जलम् पिबति ।	पितरौ|NOUN च|CONJ जलम्|NOUN पिबति|VERB ।|SYM
segment: खलूपायो नाधिगम्यते	खलु उपायः न अधिगम्यते
segment: भवेद्धनञ्जयो मे	भवेत् धनञ्जयः मे
segment: तद्वत्त्वगोचरयथार्थज्ञानाभावादिति	तद्वत् तु अगोचरयथार्थज्ञानाभावात् इति
segment: हेतुत्वकल्पनान्नानुपपत्तिरित्यपि	हेतुत्वकल्पनान्नानुपपत्तिः इति अपि
segment: हृदयं भित्त्वा	हृदयम् भित्त्वा
segment: तादृशानुभवविषयः	तादृश अनुभवविषयः
segment: नासाधारण्यम्	न असाधारण्यम्
segment: सुररिपोर्युधि	सुररिपोः युधि
tag: तेन दध्मौ ।	तेन|PRON दध्मौ|VERB ।|SYM
segment: तदप्युद्देश्यमित्यग्रे	तत् अपि उद्देश्यम् इति अग्रे
segment: पञ्चजातय	चरमत्वम् इति
segment: विद्यान्न	विद्यात् न
segment: परिधर्षितोऽहम्	परिधर्षितः अहम्
segment: सङ्कोचयन्निव	सङ्कोचयन् इव
tag: बुद्धिमान् सौभद्रः व्याख्याति ।	बुद्धिमान्|ADJ सौभद्रः|NOUN व्याख्याति|VERB ।|SYM
segment: यावदहमपि	यावत् अहम् अपि
segment: कृतिसिद्धावपि	कृतिसिद्धौ अपि
tag: भीमार्जुनसमाः रामः शिक्षते ।	भीमार्जुनसमाः|ADJ रामः|NOUN शिक्षते|VERB ।|SYM
segment: साध्यपर्यवसन्न एव	साध्यपर्यवसन्नः एव
segment: सुदर्शनः---एष भोः	सुदर्शनः---एषः भोः
segment: [प्रेषितोऽस्मि	[प्रेषितः अस्मि
tag: द्वारम् वसति ।	द्वारम्|NOUN वसति|VERB ।|SYM
segment: यवीयांसस्तु	यवीयांसः तु
segment: हेतुत्वस्यावश्यं कल्पनीयतया	हेतुत्वस्य आवश्यम् कल्पनीयतया
segment: तमेव	तम् एव
segment: दूर्योधनः---कथं कथं	दूर्योधनः---कथम् कथम्
segment: रावणः---त्वमपि	रावणः---त्वम् अपि
segment: सर्वमवदातम्	सर्वम् अवदातम्
segment: एता उर्वश्यादयोऽप्सरसो	एताः उर्वश्यादयः अप्सरसः
segment: हनुमांश्च)	हनुमान् च)
segment: दुर्योधनो दुश्शासनः	दुर्योधनः दुश्शासनः
segment: क्रियतामस्य	क्रियताम् अस्य
segment: गजो वा	गजः वा
segment: उपदर्शितानुपपत्तिभिया	उपदर्शित अनुपपत्तिभिया
segment: कर्णः---किं नेच्छति	कर्णः---किम् न इच्छति
segment: एवमपि	एवम् अपि
segment: इवाशु	इव आशु
segment: अनेकयज्ञाहुतितर्पितो द्विजैः	अनेकयज्ञाहुतितर्पितः द्विजैः
segment: खल्वनुक्तग्राहिणं स्वामिनमुपाश्रितस्य	खलु अनुक्तग्राहिणम् स्वामिनम् उपाश्रितस्य
segment: अशरीरं वावसन्तं	अशरीरम् वावसन्तम्
segment: साध्यवदन्यस्मिन्	साध्यवत् अन्यस्मिन्
segment: निरूपकत्वाभ्युपगमेनैवोपपत्तौ	निरूपकत्व अभ्युपगमेन एव उपपत्तौ
segment: वेत्यादयो बोध्याः	वा इति आदयः बोध्याः
segment: व्यभिचारसंशयतन्निश्चययोरेकं	व्यभिचारसंशयतन्निश्चययोः एकं
segment: राज्यतन्त्रं	राज्यतन्त्रम्
segment: घटत्वादिनानाहेतुतयैव	घटत्वादिनानाहेतुतया एव
segment: यदिच्छन्ति	यत् इच्छन्ति
segment: प्रचलमहीधरं नृलोकम्	प्रचलमहीधरम् नृलोकम्
tag: एतस्य अवलोकयति ।	एतस्य|PRON अवलोकयति|VERB ।|SYM
segment: तातमभिवादयिष्यामः	तातम् अभिवादयिष्यामः
segment: मां किल	माम् किल
segment: चोभय.व्यावृत्तत्वग्रहस्योभयसहचारग्रहमात्रतया	चोभयव्यावृत्तत्वग्रहस्य उभयसहचारग्रहमात्रतया
tag: सत्त्वम् अवलोकयति ।	सत्त्वम्|NOUN अवलोकयति|VERB ।|SYM
segment: एवाभिवर्तते	एव अभिवर्तते
segment: प्रतिबन्धिकेति	प्रतिबन्धिका इति
segment: कोपि	कः अपि
segment: बाधेनेत्यस्य	बाधेन इति अस्य
tag: एकः अरावली प्रादुरासीत् ।	एकः|ADJ अरावली|NOUN प्रादुरासीत्|VERB ।|SYM
tag: विराटः निबोध ।	विराटः|NOUN निबोध|VERB ।|SYM
segment: भवानपकृष्य	भवान् अपकृष्य
segment: पूर्तिस्तासां	पूर्तिः तासां
segment: मत्तं तीक्ष्णदंष्ट्रो	मत्तम् तीक्ष्णदंष्ट्रः
segment: कार्यतावच्छेदकं न	कार्यतावच्छेदकम् न
segment: पाणितलाभ्यामभिमृदितानि	पाणितलाभ्याम् अभिमृदितानि
segment: असंभवाच्च	असंभवात् च
segment: अहमेवाह्वयामि	अहम् एव आह्वयामि
segment: विनापि	विना अपि
segment: कर्णः---दृढं प्रीतोऽस्मि	कर्णः---दृढम् प्रीतः अस्मि
segment: तनयविनाशादुद्यतोग्रास्त्रमुक्तैः	तनयविनाशात् उद्यतोग्रास्त्रमुक्तैः
segment: वृषं यथा	वृषम् यथा
segment: वानरस्वभावा न	वानरस्वभावाः न
segment: पुनरुद्धरिष्ये	पुनः उद्धरिष्ये
segment: यत्तु	यत् तु
segment: दृष्टिविन्यासं कुर्वन्	दृष्टिविन्यासम् कुर्वन्
segment: विभीषणः---अनुगृहीतोऽस्मि	विभीषणः---अनुगृहीतः अस्मि
segment: कोऽयं मे	कः अयम् मे
tag: स्त्री अन्यायः निगच्छति ।	स्त्री|NOUN अन्यायः|NOUN निगच्छति|VERB ।|SYM
segment: जनेऽनुक्रोशं परिश्रमं	जने अनुक्रोशम् परिश्रमम्
tag: महेशः खेलामः ।	महेशः|NOUN खेलामः|VERB ।|SYM
segment: ध्वंसाप्रतियोगित्वं वा	ध्वंसाप्रतियोगित्वम् वा
tag: शक्तिमान् धृतराष्ट्र ब्रवीमि ।	शक्तिमान्|ADJ धृतराष्ट्र|NOUN ब्रवीमि|VERB ।|SYM
segment: वायुमार्गं प्रयासि	वायुमार्गम् प्रयासि
segment: बहिर्वृक्षोपरि	बहिः वृक्षोपरि
segment: युक्तं तवैव	युक्तम् तव एव
segment: प्रकारमहं गौररहं	प्रकारमहम् गौररहम्
segment: सत्यनुमितित्वादेरपरोक्ष	सत्यनुमितित्वादेः अपरोक्
segment: रक्षो महत्	रक्षः महत्
segment: हेतुतास्त्विति	हेतुता अस्ति इति
segment: मुहूर्तकमारोहामि	मुहूर्तकम् आरोहामि
segment: पुत्रशताद्विशिष्टा	पुत्रशतात् विशिष्टा
segment: ईश्वरवादेकामसिद्धिं परिहरतो	ईश्वरवादेकाम् असिद्धिम् परिहरतः
segment: प्रहर्षात्कृतः	प्रहर्षात् कृतः
segment: आर्यपुत्रस्यास्मिन्	आर्यपुत्रस्य अस्मिन्
segment: मिषतो भीष्माग्रहस्ताद्धृतम्	मिषतः भीष्माग्रहस्तात् धृतम्
segment: घटोत्कचः---शान्तं पापम्	घटोत्कचः---शान्तम् पापम्
segment: मद्वचनादेवं स	मद्वचनात् एवम् सः
segment: दुःखासमानकालीनत्वविशेषणोपादानेनैव	दुःखासमानकालीनत्वविशेषण उपादानेन एव
segment: रामः---अनुगृहीतोऽस्मि	रामः---अनुगृहीतः अस्मि
segment: जयद्रथबलेनाक्रम्य	जयद्रथबलेन आक्रम्य
segment: नीरसमेव	नीरसम् एव
tag: अस्थि च मित्रम् समीक्षते ।	अस्थि|NOUN च|CONJ मित्रम्|NOUN समीक्षते|VERB ।|SYM
segment: दण्डितो	दण्डितः
segment: मैवम्	मा एवम्
segment: शरास्ते	शराः ते
segment: विरहपरिश्रमोऽपि	विरहपरिश्रमः अपि
segment: पञ्चकार्यकारणभावापेक्षया	पञ्चकार्यकारणभाव अपेक्षया
segment: जानकीं पुरुषोत्तम	जानकीम् पुरुषोत्तम
segment: हितं मे	हितम् मे
segment: विन्ध्यमन्दरसारोऽयं	विन्ध्यमन्दरसारः अयम्
segment: पायादुपायशतयुक्तिकरः	पायात् उपायशतयुक्तिकरः
segment: निपातनमभिमन्योश्च	निपातनम् अभिमन्योः च
segment: लाघवादतिरिक्त	लाघवात् अतिरिक्त
segment: बहुमायोऽयं दूतः	बहुमायः अयम् दूतः
segment: अलमलं भयेन	अलम् अलम् भयेन
tag: प्रथमम् बालकः वदति ।	प्रथमम्|ADV बालकः|NOUN वदति|VERB ।|SYM
segment: दुर्योधनः---यद्येतद्वीर्यमर्जुनस्य	दुर्योधनः---यदि एतत् वीर्यम् अर्जुनस्य
tag: यानि सुतं जानाति ।	यानि|PRON सुतं|NOUN जानाति|VERB ।|SYM
segment: ममाप्रत्युत्थानस्योपायः	मम अप्रत्युत्थानस्य उपायः
segment: खल्विदम्	खलु इदम्
tag: महेशः च आनन्दः समीक्षते ।	महेशः|NOUN च|CONJ आनन्दः|NOUN समीक्षते|VERB ।|SYM
segment: निवेद्यतां निवेद्यतां	निवेद्यताम् निवेद्यताम्
segment: नाव्याप्तिः	न अव्याप्तिः
segment: क्रुद्धैर्वानरयूथपैरतिबलैरुत्पुच्छकर्णैर्वृताः	क्रुद्धैः वानरयूथपैः अतिबलैः उत्पुच्छकर्णैः वृताः
segment: ब्रह्मणो धर्म	ब्रह्मणः धर्म
segment: घटत्वादिमत्तद्भेद	घटत्वादिमत् तत् भेद
segment: सुग्रीव इति	सुग्रीवः इति
segment: भस्मीकरोम्यस्मत्	भस्मीकरोमि अस्मत्
segment: संस्कारनाशकत्वावच्छिन्नं प्रति	संस्कारनाशकत्वावच्छिन्नम् प्रति
segment: वेति	वा इति
tag: इदम् निवेदयति ।	इदम्|PRON निवेदयति|VERB ।|SYM
segment: हेत्वाभासत्व.मभिमतम्	हेत्वाभासत्वम् अभिमतम्
segment: यो मत्तस्य	यः मत्तस्य
tag: शिष्येण संगच्छति ।	शिष्येण|NOUN संगच्छति|VERB ।|SYM
segment: शङ्कुकर्णः---यदाज्ञापयति	शङ्कुकर्णः---यद् आज्ञापयति
segment: भगणेशं राममालोक्य	भगणेशम् रामम् आलोक्य
segment: किं व्यर्थं	किम् व्यर्थम्
tag: शृगालः कायरः प्रोक्तः ।	शृगालः|NOUN कायरः|ADJ प्रोक्तः|VERB ।|SYM
segment: तथापि	तथा अपि
segment: तत्पदसमभिव्याहृतैव	तत्पदसमभिव्याहृत एव
segment: अयमिदानीम्---	अयम् इदानीम्---
segment: सुग्रीवमद्य	सुग्रीवम् अद्य
segment: प्रत्येकमपि	प्रत्येकम् अपि
segment: युवतिस्तस्मिन्	युवतिः तस्मिन्
segment: गजपतिमिव	गजपतिम् इव
segment: सभास्तम्भं तुलयति	सभास्तम्भम् तुलयति
segment: तत्सम्बन्धस्याकल्पनात्	तत्सम्बन्धस्य अकल्पनात्
segment: (ऊर्ध्वमवलोक्य)	(ऊर्ध्वम् अवलोक्य)
segment: य आनन्दः	यः आनन्दः
segment: रामो गच्छति	रामः गच्छति
segment: तत्सम्बन्धाभावेन	तत् सम्बन्धभावेन
tag: इदम् युयुधानः उपदिशति ।	इदम्|PRON युयुधानः|NOUN उपदिशति|VERB ।|SYM
segment: निर्ममेऽध्वनि	निर्ममे अध्वनि
segment: मुक्तिदशायां नित्यसुखविषयकज्ञानस्वीकारे	मुक्तिदशायाम् नित्यसुखविषयकज्ञानस्वीकारे
segment: शल्यः---ममाप्यस्ति	शल्यः---मम अपि अस्ति
segment: अकृतदूतसम्प्रेषणमविदितागमनममित्रसम्बन्धिनं कथं	अकृतदूतसम्प्रेषणम् अविदितागमनम् अमित्रसम्बन्धिनम् कथम्
segment: .यत्तु	.यः तु
segment: रावणं निहतं	रावणम् निहतम्
segment: मुक्तिं प्रति	मुक्तिम् प्रति
segment: अयं कालो	अयम् कालः
segment: तथोक्तत्वात्	तथा उक्तत्वात्
segment: .मतमालम्ब्य-क	.मतम् आलम्ब्य-क
tag: द्रुपदपुत्रेण च मनुष्यः युध्यति ।	द्रुपदपुत्रेण|NOUN च|CONJ मनुष्यः|NOUN युध्यति|VERB ।|SYM
segment: एतद् म्लेच्छराज्यम्	एतत् म्लेच्छराज्यम्
segment: बलवांश्चायमन्धकारः	बलवान् च अयम् अन्धकारः
tag: द्वारम् ताडयति ।	द्वारम्|NOUN ताडयति|VERB ।|SYM
segment: ईश्वराद्यात्मन्यपि	ईश्वरादि आत्मनि अपि
segment: तमेवासौ	तम् एव असौ
segment: प्रमाणाभाव	प्रमाण अभाव
segment: श्रुतेर्मुक्तिदशायां दुःखात्यन्तनिवृत्ति	श्रुतेः मुक्तिदशायाम् दुःख अत्यन्तनिवृत्ति
segment: अत एव	अतः एव
segment: सिद्धेरप्रत्यूहत्वात्	सिद्धेः अप्रत्यूहत्वात्
tag: तुमुलः श्रेयः निगच्छति ।	तुमुलः|ADJ श्रेयः|NOUN निगच्छति|VERB ।|SYM
segment: चन्द्रलेखेव	चन्द्रलेखा इव
tag: तेन चिन्तयति ।	तेन|PRON चिन्तयति|VERB ।|SYM
segment: युवां भणतम्]	युवाम् भणतम्]
segment: क्रुद्धान्तकप्रतिमविक्रमिणो ममापि	क्रुद्धान्तकप्रतिमविक्रमिणः मम अपि
tag: सुन्दरः कार्यालयः शक्नोति ।	सुन्दरः|ADJ कार्यालयः|NOUN शक्नोति|VERB ।|SYM
segment: तेनापि	तेन अपि
segment: व्रज्रहता इवाशु	व्रज्रहताः इव आशु
segment: विशेषतोऽस्माकं प्रभुः	विशेषतः अस्माकम् प्रभुः
segment: प्रावृट्कालाभ्रकल्पं परमलघुतरं	प्रावृट्कालाभ्रकल्पम् परमलघुतरम्
segment: नोपलक्षणम्	न उपलक्षणम्
segment: लोकानां छलमपनेतुमुद्यतेन	लोकानाम् छलम् अपनेतुम् उद्यतेन
segment: आचार्यैरभ्युपेत्य	आचार्यैः अभ्युपेत्य
segment: तत्रेश्वरकर्तृत्व	तत्र ईश्वरकर्तृत्व
segment: द्रौपदीकेशाम्बरावकर्षणमालिखितम्	द्रौपदीकेशाम्बरावकर्षणम् आलिखितम्
segment: .इदमेवात्र	.इदमेव अत्र
segment: विपत्तिं	विपत्तिम्
segment: तादृशप्रतीतेर्विषयः	तादृशप्रतीतेः विषयः
segment: (स्वर्यातः)	(स्वः यातः)
segment: विरुद्धोभयव्याप्यवत्त्वपरामर्शस्यैव	विरुद्धोभयव्याप्यवत्त्वपरामर्शस्य एव
segment: अनुमितीति	अनुमिति इति
tag: राजा अभ्यहन्यन्त ।	राजा|NOUN अभ्यहन्यन्त|VERB ।|SYM
tag: किसानः निन्दति ।	किसानः|NOUN निन्दति|VERB ।|SYM
segment: व्यापकसम्बन्धो व्यापकत्वम्	व्यापकसम्बन्धः व्यापकत्वम्
segment: तन्न	तत् न
segment: रावणमाहवे	रावणम् आहवे
segment: तादृशश्रुतिघटकीभूतैवकारस्य	तादृशश्रुतिघटकीभूत एवकारस्य
segment: अलं विवादेन	अलम् विवादेन
segment: प्रत्यक्षविषयत्वसंभवादीश्वरात्म	प्रत्यक्षविषयत्वसंभवादि ईश्वरात्म
tag: चन्द्रः समवेता द्वेष्टि ।	चन्द्रः|NOUN समवेता|ADJ द्वेष्टि|VERB ।|SYM
tag: माता अरावली भविष्यति ।	माता|NOUN अरावली|NOUN भविष्यति|VERB ।|SYM
segment: गतं तवासीत्	गतम् तव आसीत्
segment: अग्रेऽत्यन्ताभावगर्भमुक्तमिति	अग्रे अत्यन्ताभावगर्भम् उक्तम् इति
tag: आकाशः प्रहरति ।	आकाशः|NOUN प्रहरति|VERB ।|SYM
tag: हर्षम् भूमिः वसति ।	हर्षम्|NOUN भूमिः|NOUN वसति|VERB ।|SYM
segment: काशीमरणस्य	साक्षान् मुक्तिहेतुत्वप्रतिपादनात् इति
segment: विमातापि	विमाता अपि
segment: (विश्वरूपमास्थितः)	(विश्वरूपम् आस्थितः)
segment: को लाभो	कः लाभः
segment: नानात्वकल्पो बलीयानिति	नानात्वकल्पः बलीयान् इति
segment: कुतो व्यतिरेकव्याप्तिद्वयग्रहपुरस्कारेण	कुतः व्यतिरेकव्याप्तिद्वयग्रहपुरस्कारेण
segment: कमललोचनमुग्रचापं	कमललोचनम् उग्रचापम्
segment: सन्तुष्ट ईश्वरस्तेन	सन्तुष्टः ईश्वरः तेन
segment: सन्देशं	सन्देशम्
tag: सर्वेषु क्षेत्रम् भुङ्क्ते ।	सर्वेषु|ADJ क्षेत्रम्|NOUN भुङ्क्ते|VERB ।|SYM
segment: तदाहूयन्तां सर्वे	तद् आहूयन्ताम् सर्वे
segment: क्षामवक्त्रं	क्षामवक्त्रम्
segment: खल्वार्यरामस्य	खलु आर्यरामस्य
segment: जयद्रथो निमित्तभूतः	जयद्रथः निमित्तभूतः
segment: यावद्रथमारोहावः	यावत् रथम् आरोहावः
segment: अस्मदाश्रिताः	अस्मत् आश्रिताः
segment: गोचरापरोक्षज्ञानचिकीर्षासमानाधिकरणकृतिजन्यत्वरूपस्य	गोचर अपरोक्षज्ञानचिकीर्षासमानाधिकरणकृतिजन्यत्वरूपस्य
segment: भो भोः	भोः भोः
segment: स वः	सः वः
tag: वयम् पुस्तकम् भवति ।	वयम्|PRON पुस्तकम्|NOUN भवति|VERB ।|SYM
segment: युध्यतां च	युध्यताम् च
segment: रामः---अनुगृहीतोऽस्मि	रामः---अनुगृहीतः अस्मि
segment: मनो वाणी	मनः वाणी
segment: भेर्यस्त्रिदिवसद्मनाम्	भेर्यः त्रिदिवसद्मनाम्
segment: तत्राभावादतुल्यबलतया	तत्र अभावात् अतुल्यबलतया
segment: काशीमरणान्मुक्तिरिति	काशीमरणान् मुक्तिः इति
segment: त्रिदशैरिदमप्रियम्	त्रिदशैः इदम् अप्रियम्
tag: उशन् बोधयति ।	उशन्|PRON बोधयति|VERB ।|SYM
segment: मां प्रधर्षयसि	माम् प्रधर्षयसि
segment: कोटरान्तरितो भूत्वा	कोटरान्तरितः भूत्वा
segment: प्रामाणिकगौरवं न	प्रामाणिकगौरवम् न
tag: यज्ञः अस्थि द्वेष्टि ।	यज्ञः|NOUN अस्थि|NOUN द्वेष्टि|VERB ।|SYM
segment: निर्णयाभावेनोपदर्शितानुप	निर्णय अभावेन उपदर्शितानुप
segment: कि नु	किम् नु
segment: पतिर्मम	पतिः मम
segment: करणादिति	करणात् इति
segment: समवेतत्वबाधसहकृतादियं कृतिः	समवेतत्वबाधसहकृतात् इयम् कृतिः
tag: वास्तुशास्त्रम् सर्वेषाम् शास्त्राणाम् श्रेष्ठम् अस्ति । तत् च सर्वेषाम् गृहाणाम् निर्माता अस्ति । तस्य च ज्ञाने सर्वे सुखिनः भवन्ति । तस्य च अज्ञाने सर्वे दुःखिनः भवन्ति ।	वास्तुशास्त्रम्|NOUN सर्वेषाम्|PRON शास्त्राणाम्|NOUN श्रेष्ठम्|ADJ अस्ति|VERB ।|SYM तत्|PRON च|CONJ सर्वेषाम्|PRON गृहाणाम्|NOUN निर्माता|ADJ अस्ति|VERB ।|SYM तस्य|PRON च|CONJ ज्ञाने|NOUN सर्वे|PRON सुखिनः|ADJ भवन्ति|VERB ।|SYM तस्य|PRON च|CONJ अज्ञाने|NOUN सर्वे|PRON दुःखिनः|ADJ भवन्ति|VERB ।|SYM
segment: कथकसम्प्रदायानुरोधादाह----यद्वेति	कथकसम्प्रदायानुरोधात् आह----यत् वा इति
tag: सौभद्रः धृतराष्ट्र सन्ति ।	सौभद्रः|NOUN धृतराष्ट्र|NOUN सन्ति|VERB ।|SYM
segment: इमा आपः	इमाः आपः
segment: दिव्यमस्त्रं तावद्	दिव्यम् अस्त्रम् तावत्
segment: कण्ठग्राहविवृत्ततुङ्गनयनैर्दष्टौष्ठतीव्रैर्मुखैः	कण्ठग्राहविवृत्ततुङ्गनयनैः दष्टौष्ठतीव्रैः मुखैः
segment: विहायान्यत्	विहाय अन्यत्
segment: जीवात्मपरमात्मनोरभेदभ्रमस्य	जीवात्मपरमात्मनः अभेदभ्रमस्य
segment: भीत इव	भीतः इव
segment: पानागारनिशान्तदेशविवरेष्वाक्रान्तवानस्म्यहं	पानागारनिशान्तदेशविवरेषु आक्रान्तवान् अस्मि अहम्
segment: बुद्धिर्दोलायते	बुद्धिः दोलायते
segment: चापि	च अपि
segment: .न्यूनत्वादेरेवोद्भावनमुचितं	.न्यूनत्वादेः एव उद्भावनम् उचितं
segment: विशिष्टघटत्वपटत्वाद्यवच्छिनं प्रति	विशिष्टघटत्वपटत्वाद्यवच्छिनम् प्रति
segment: नानात्वं स्वीकार्यम्	नानात्वम् स्वीकार्यम्
segment: शौर्यं नयानुगामिनाम्	शौर्यम् नयानुगामिनाम्
segment: ...व्यावृत्तत्वेऽपि-क	...व्यावृत्तत्वे अपि-क
segment: कीभूतानन्दपदस्यानन्दाश्रये	कीभूतानन्दपदस्य आनन्दाश्रये
tag: भीमार्जुनसमाः हृदयम् संभवति ।	भीमार्जुनसमाः|ADJ हृदयम्|NOUN संभवति|VERB ।|SYM
segment: एष उपविशामि	एषः उपविशामि
segment: प्रशान्तो मोदते	प्रशान्तः मोदते
segment: मित्रं रिपुरन्यथा	मित्रम् रिपुः अन्यथा
segment: जातिविरूद्धत्वमिति	जातिविरूद्धत्वम् इति
segment: सत्यं न	सत्यम् न
segment: घटादिविषयकनिर्विकल्पकात्मकचक्षुषादि	घटादिविषयकनिर्विकल्पक आत्मकचक्षुषादि
segment: विलम्बाज्जायते	विलम्बात् जायते
tag: सर्वथा ऋतुः खेलामः ।	सर्वथा|ADV ऋतुः|NOUN खेलामः|VERB ।|SYM
tag: कस्मिंश्चित् नगरे व्यापारी नाम धनवान् आसीत् । स च सर्वेषाम् व्यापारिणाम् श्रेष्ठः आसीत् । तस्य च पुत्रः एकः आसीत् । स च पितुः शिक्षायाम् निरतः आसीत् ।	कस्मिंश्चित्|PRON नगरे|NOUN व्यापारी|NOUN नाम|NOUN धनवान्|ADJ आसीत्|VERB ।|SYM स|PRON च|CONJ सर्वेषाम्|PRON व्यापारिणाम्|NOUN श्रेष्ठः|ADJ आसीत्|VERB ।|SYM तस्य|PRON च|CONJ पुत्रः|NOUN एकः|ADJ आसीत्|VERB ।|SYM स|PRON च|CONJ पितुः|NOUN शिक्षायाम्|NOUN निरतः|ADJ आसीत्|VERB ।|SYM
segment: शङ्कुकर्णः---यदाज्ञापयति	शङ्कुकर्णः---यद् आज्ञापयति
segment: श्यामोऽयमिति	श्यामः अयम् इति
segment: ज्ञानस्यापि	ज्ञानस्य अपि
segment: चापि	च अपि
segment: दोर्भ्यां प्रतिज्ञार्णवं	दोर्भ्याम् प्रतिज्ञार्णवम्
segment: त्रिभुवनं सृष्टं	त्रिभुवनम् सृष्टम्
segment: प्रदत्तेयं	प्रदत्ता इयं
segment: साध्यतदभावोत्थापकतया---तदुभयसंशायकतेत्यर्थः	साध्यतदभावोत्थापकतया---तदुभयसंशायकता इति अर्थः
tag: पुस्तकम् सत्त्वम् व्याख्याति ।	पुस्तकम्|NOUN सत्त्वम्|NOUN व्याख्याति|VERB ।|SYM
segment: तमुद्देश्यैवेति	दुःखप्रागभावसम्बन्धः तत्रप्रवृत्तिः अपि
tag: मुनिः च युधामन्युः निवेदयति ।	मुनिः|NOUN च|CONJ युधामन्युः|NOUN निवेदयति|VERB ।|SYM
segment: मुखनिःसृतैर्वचोभिः	मुखनिःसृतैः वचोभिः
segment: प्रतिबन्धकत्वमिति	प्रतिबन्धकत्वम् इति
segment: हेतुतायां व्यभिचार	हेतुतायाम् व्यभिचार
segment: तदागम्यतां मन्त्रशालामेव	तद् आगम्यताम् मन्त्रशालाम् एव
segment: नोचिता	न उचिता
segment: विरला निःस्पृहास्ततः	विरलाः निःस्पृहाः ततः
tag: वाजश्रवसः निवेदयति ।	वाजश्रवसः|NOUN निवेदयति|VERB ।|SYM
segment: साधुसन्तो महात्मानः	साधुसन्तः महात्मानः
segment: कृतेर्निविषयकत्वे	कृतेः निविषयकत्वे
tag: ततः पुरुषः मन्यते ।	ततः|ADV पुरुषः|NOUN मन्यते|VERB ।|SYM
segment: ...अज्ञायमानाया असिद्धेश्च-ख	...अज्ञायमानायाः असिद्धेः च-ख
segment: यतयोपदर्शित	यतया उपदर्शित
tag: सहसा नाम खादति ।	सहसा|ADV नाम|NOUN खादति|VERB ।|SYM
segment: कृतोपकारप्रत्युपकारनिमित्तं सर्वासु	कृतोपकारप्रत्युपकारनिमित्तम् सर्वासु
segment: प्रपञ्चनाशाभावादनर्थनिवृत्त्य	प्रपञ्चनाश अभावात् अनर्थनिवृत्त्य
tag: अवश्यम् एकम् भवति ।	अवश्यम्|ADV एकम्|NOUN भवति|VERB ।|SYM
segment: पूर्वदर्शितलाघवात्तादुशाज्ञाननिवृत्तित्वावच्छिन्नं प्रति	पूर्वदर्शितलाघवात् तादुशाज्ञाननिवृत्तित्वावच्छिन्नम् प्रति
segment: शशाङ्कं	शशाङ्कम्
segment: खल्वापः	खलु आपः
segment: कर्तव्यं तावदस्माभिर्वद	कर्तव्यम् तावद् अस्माभिः वद
segment: गच्छाग्रतः	गच्छ अग्रतः
segment: तत्त्वज्ञानहेतुत्वकल्पनं न	तत्त्वज्ञानहेतुत्वकल्पनम् न
segment: श्वेतकेतो '	श्वेतकेतः '
segment: ग्रहीतुमारब्धं मया	ग्रहीतुम् आरब्धम् मया
segment: संसारितादशायां नित्यसुखसाक्षात्कारापत्तिः	संसारितादशायाम् नित्यसुखसाक्षात्कारापत्तिः
tag: यथा ब्रह्मा अस्ति ।	यथा|ADV ब्रह्मा|NOUN अस्ति|VERB ।|SYM
segment: नैव	न एव
segment: त्वमपि	त्वम् अपि
segment: यतो जातो	यतः जातः
segment: चानावृत्तापरोक्षविषयत्वम्	च अनावृत्तापरोक्षविषयत्वम्
segment: शाब्दात्मकज्ञानेपरोक्षत्वं	शाब्दात्मकज्ञाने अपरोक्षत्वम्
segment: पातनाज्जातदर्पो	पातनात् जातदर्पः
tag: वनम् पुरुजित् विचारयति ।	वनम्|NOUN पुरुजित्|NOUN विचारयति|VERB ।|SYM
segment: शरण्यं शरणागतः	शरण्यम् शरणागतः
segment: यान्त्यर्जुनप्रत्यभियानभीता	यान्ति अर्जुनप्रत्यभियानभीताः
segment: कृतोऽद्य	कृतः अद्य
segment: यत्किंचित्साध्यवदन्यवृत्तित्वं	यत्किंचित् साध्यवत् अन्यवृत्तित्वं
segment: इदानीमनर्थहेतुभूतया	इदानीम् अनर्थहेतुभूतया
segment: हृदयं परिशङ्कितं	हृदयम् परिशङ्कितम्
segment: तथाहं	तथा अहम्
segment: कुतश्चिदप्यविज्ञायमानौ	कुतश्चित् अपि अविज्ञायमानौ
segment: अकरुणाः खल्वीश्वरा	अकरुणाः खलु ईश्वराः
segment: नापि	न अपि
tag: नरं नमस्कृत्य ।	नरं|NOUN नमस्कृत्य|VERB ।|SYM
segment: रामः---अनुगृहीतोऽस्मि	रामः---अनुगृहीतः अस्मि
tag: कमरबन्दः कृष्णा गच्छति ।	कमरबन्दः|NOUN कृष्णा|NOUN गच्छति|VERB ।|SYM
segment: तद्वत्त्वप्रकारकयथार्थज्ञानविशेष्यत्वस्य	तद्वत् तु अप्रकारकयथार्थज्ञानविशेष्यत्वस्य
segment: सशब्दोऽयं	सशब्दः अयम्
tag: अर्थः धृतराष्ट्र विनद्य ।	अर्थः|NOUN धृतराष्ट्र|NOUN विनद्य|VERB ।|SYM
segment: दुःखं संपूर्णः	दुःखम् संपूर्णः
segment: बलवानपि	बलवान् अपि
tag: काशी गच्छति ।	काशी|NOUN गच्छति|VERB ।|SYM
segment: .साध्याधिकरणभिन्नाधिकरणवृत्तिसाध्याभावसामानाधिकरण्यमिति	.साध्याधिकरणभिन्नाधिकरणवृत्तिसाध्याभावसामानाधिकरण्यम् इति
segment: परिचायकत्वेनानिवेशादिति	परिचायकत्वेन अनिवेशात् इति
tag: सर्वत्र पुरुजित् शिक्षते ।	सर्वत्र|ADV पुरुजित्|NOUN शिक्षते|VERB ।|SYM
segment: शिवो दृश्यते	शिवः दृश्यते
segment: समं सुतेनाप्रतिमं	समम् सुतेन अप्रतिमम्
segment: नामाभिधत्ते	नाम अभिधत्ते
segment: वारणानामनेकं	वारणानाम् अनेकम्
segment: दौत्येनागतस्य	दौत्येन आगतस्य
segment: अग्निनाग्निर्विवर्धेत	अग्निना अग्निः विवर्धेत
tag: अन्ये च बहवः शूराः मदर्थे त्यक्तजीविताः । नानाशस्त्रप्रहरणाः सर्वे युद्धविशारदाः ॥	अन्ये|PRON च|CONJ बहवः|ADJ शूराः|NOUN मदर्थे|ADV त्यक्तजीविताः|ADJ ।|SYM नानाशस्त्रप्रहरणाः|ADJ सर्वे|PRON युद्धविशारदाः|ADJ ॥|SYM
segment: कृत्स्नां राजसिंहः	कृत्स्नाम् राजसिंहः
segment: .तद्वृत्तित्वनिश्चयश्च	.तद्वृत्तित्वनिश्चयः च
tag: सूर्यः च धर्मः अस्ति ।	सूर्यः|NOUN च|CONJ धर्मः|NOUN अस्ति|VERB ।|SYM
segment: शरीरैकत्वनिष्ठजातिविशेषं कल्पयित्वा	शरीरैकत्वनिष्ठजातिविशेषम् कल्पयित्वा
segment: समागतैर्निहतः	समागतैः निहतः
tag: वनम् कुशलः श्रावयामास ।	वनम्|NOUN कुशलः|ADJ श्रावयामास|VERB ।|SYM
segment: हरिगणपतिसैन्यं हन्तुकामाः	हरिगणपतिसैन्यम् हन्तुकामाः
segment: दायाद्यमिति	दायाद्यम् इति
segment: तज्ज्ञानस्यायथार्थत्वेन	तत् ज्ञानस्य अयथार्थत्वेन
segment: प्रेषितो मातलिवाहितो	प्रेषितः मातलिवाहितः
segment: नानुपपत्तिः	न अनुपपत्तिः
tag: अर्जुन प्रहरति ।	अर्जुन|NOUN प्रहरति|VERB ।|SYM
segment: .तन्निश्चयस्याव्यभिचाररूपग्राह्याभावनिश्चयत्वेनैव	.तन्निश्चयस्य अव्यभिचाररूपग्राह्याभावनिश्चयत्वेन एव
segment: ...स्तुतो व्यभिचारनिश्चयतत्संशययोः-ख	...स्तुतः व्यभिचारनिश्चयतत्संशययोः-ख
segment: पादपशैलभग्नशिरसो मुष्टिप्रहारैर्हताः	पादपशैलभग्नशिरसः मुष्टिप्रहारैः हताः
segment: तत्राव्याप्तिरिति	तत्र अव्याप्तिः इति
segment: भगवानाज्ञापयतु	भगवान् आज्ञापयतु
segment: संयोगादिरूपकारणबलादेकपुरूषस्य	संयोगादिरूपकारणबलात् एकपुरूषस्य
tag: धर्मः वसति ।	धर्मः|NOUN वसति|VERB ।|SYM
segment: अहं ब्रह्म	अहम् ब्रह्म
segment: प्रागपि	प्राक् अपि
segment: अप्रयोजकत्वादिति	अप्रयोजकत्वात् इति
segment: गाढं परिज्ञाय	गाढम् परिज्ञाय
segment: हेत्वाभासत्वमेव	हेत्वाभासत्वम् एव
segment: स्वीयो	स्वीयः
segment: निवेद्यतां महाराजाय	निवेद्यताम् महाराजाय
segment: क्रूरमेवं नरपतिं	क्रूरम् एवम् नरपतिम्
segment: यस्तर्पितः	यः तर्पितः
segment: [को नु	[कः नु
segment: नानुमितिप्रतिबन्धकत्वम्	न अनुमितिप्रतिबन्धकत्वम्
segment: प्रतिबन्धकमिति	प्रतिबन्धकम् इति
segment: कृपणो जायते	कृपणः जायते
segment: भवद्विधैर्न	भवद्विधैः न
segment: उपसर्पावस्तावदार्यम्	उपसर्पावः तावद् आर्यम्
segment: दृष्टस्त्वया	दृष्टः त्वया
segment: कर्तव्येनाभग्नस्य	कर्तव्येन अभग्नस्य
segment: श्वश्रूर्भूत्वा	श्वश्रूः भूत्वा
segment: केनाभिमन्युर्निहतः	केन अभिमन्युः निहतः
segment: अद्यास्मि	अद्य अस्मि
segment: अक्षयोऽस्तु	अक्षयः अस्तु
tag: तेन शक्नोति ।	तेन|PRON शक्नोति|VERB ।|SYM
segment: तच्छिक्षाऽनुसृता	तत् शिक्षा अनुसृता
segment: सेन्द्रा जिता	सेन्द्राः जिताः
segment: तेनैवाद्य	तेन एव अद्य
segment: मणिविरचितमौलिश्चारुताम्रायताक्षी	मणिविरचितमौलिः चारुताम्रायताक्षी
segment: लाघवं चास्तु	लाघवम् च अस्तु
segment: सपक्षगामित्व.सहकृततदुपाधिसत्त्वमेव	सपक्षगामित्वसहकृततदुपाधिसत्त्वम् एव
segment: स्यात्तु	स्यात् तु
tag: एते निगच्छति ।	एते|PRON निगच्छति|VERB ।|SYM
tag: ऋषीणाम् क्षिप्रः श्रावयामास ।	ऋषीणाम्|NOUN क्षिप्रः|ADJ श्रावयामास|VERB ।|SYM
segment: प्रायश्चित्तफलत्वकथनमावश्यकमिति	प्रायश्चित्तफलत्वकथनम् आवश्यकम् इति
tag: मम शिक्षते ।	मम|PRON शिक्षते|VERB ।|SYM
segment: कियद्दूरे	कियत् दूरे
segment: खल्वसि	खलु असि
segment: सिद्धसाधनस्यादोषतया	सिद्धसाधनस्य अदोषतया
segment: शीघ्रं नरोत्तम	शीघ्रम् नरोत्तम
segment: चण्डानिलैश्च	चण्डानिलैः च
segment: निपातितां दृष्ट्वा	निपातिताम् दृष्ट्वा
tag: अपर्याप्तम् माता संभवति ।	अपर्याप्तम्|ADJ माता|NOUN संभवति|VERB ।|SYM
segment: यस्यां न	यस्याम् न
segment: अपर्याप्तं कनकं	अपर्याप्तम् कनकम्
segment: दिव्यास्त्रैस्त्रिदशगणा भयाभिभूता	दिव्यास्त्रैः त्रिदशगणाः भया अभिभूताः
segment: बहिर्गतः	बहिः गतः
tag: शीघ्रम् महेशः दृश्यते ।	शीघ्रम्|ADV महेशः|NOUN दृश्यते|VERB ।|SYM
tag: आनन्दः च शैब्यः आसीत् ।	आनन्दः|NOUN च|CONJ शैब्यः|NOUN आसीत्|VERB ।|SYM
tag: अन्यत्र औषधम् प्रहरति ।	अन्यत्र|ADV औषधम्|NOUN प्रहरति|VERB ।|SYM
segment: गुहशक्तिसमाक्रान्तो यथा	गुहशक्तिसमाक्रान्तः यथा
segment: तनुमास्थिता	तनुम् आस्थिता
segment: प्राप्तमिति	प्राप्तम् इति
segment: हनुमांश्च)	हनुमान् च)
segment: सर्वा दिशः	सर्वाः दिशः
segment: खल्वयं वानरः	खलु अयम् वानरः
segment: कालविफलान्यस्त्राणि	कालविफलानि अस्त्राणि
segment: स्वतो दूषकत्वाभावात्	स्वतः दूषकत्वाभावात्
tag: स्थूलः व्यापारिणाम् व्याख्याति ।	स्थूलः|ADJ व्यापारिणाम्|NOUN व्याख्याति|VERB ।|SYM
segment: भूयो भूयः	भूयः भूयः
segment: कार्यं करोतीत्याशङ्क्य	कार्यम् करोति इति आशङ्क्य
segment: रामः---कथमधर्म्यः	रामः---कथम् अधर्म्यः
segment: स्वैरमासतां भवन्तः	स्वैरम् आसताम् भवन्तः
segment: किं घटत्वादिवृत्तिविषयतासंबन्धेन	किम् घटत्वादिवृत्तिविषयतासंबन्धेन
segment: तदज्ञाननादीनां जन्यत्वकल्पने	तदज्ञाननादीनाम् जन्यत्वकल्पने
segment: विलम्बो न	विलम्बः न
segment: (प्रविश्यावलोक्य)	(प्रविश्य अवलोक्य)
tag: उष्णः शास्त्राणाम् जगाद ।	उष्णः|ADJ शास्त्राणाम्|NOUN जगाद|VERB ।|SYM
segment: रामं हि	रामम् हि
segment: मोहमुपगतः)	मोहम् उपगतः)
segment: स वो	सः वः
segment: वचनं हितं	वचनम् हितम्
segment: कार्यत्वावच्छिन्नं प्रति	कार्यत्वावच्छिन्नम् प्रति
segment: प्रयत्नवदात्म	प्रयत्नवत् आत्म
tag: कठोरः पुरुजित् सूचयति ।	कठोरः|ADJ पुरुजित्|NOUN सूचयति|VERB ।|SYM
segment: परिश्रमं च	परिश्रमम् च
segment: निश्चितसाध्यवदन्यवृत्तित्वम्	निश्चितसाध्यवत् अन्यवृत्तित्वम्
segment: लक्षणावश्यकी	लक्षणा आवश्यकी
tag: इन्जिनियरः कनिष्ठः खेलामः ।	इन्जिनियरः|NOUN कनिष्ठः|ADJ खेलामः|VERB ।|SYM
segment: भेत्तुं न	भेत्तुम् न
tag: एताः ब्रवीमि ।	एताः|PRON ब्रवीमि|VERB ।|SYM
segment: को नाम	कः नाम
segment: वानरमानय	वानरम् आनय
segment: सेवकावित्यात्मानमपदिशतः	सेवकौ इति अत्मानम् अपदिशतः
tag: औषधम् च शङ्खम् नमस्कृत्य ।	औषधम्|NOUN च|CONJ शङ्खम्|NOUN नमस्कृत्य|VERB ।|SYM
tag: गंगा च जीवानाम् शिक्षते ।	गंगा|NOUN च|CONJ जीवानाम्|NOUN शिक्षते|VERB ।|SYM
segment: नित्यदोषो न	नित्यदोषः न
tag: पुनः विद्यालयः गायति ।	पुनः|ADV विद्यालयः|NOUN गायति|VERB ।|SYM
segment: व्यापकसम्बन्धज्ञानस्यावश्यकतया	व्यापकसम्बन्धज्ञानस्य आवश्यकतया
segment: तत्त्वज्ञानं विनापि	तत्त्वज्ञानम् विनापि
segment: तत्त्वज्ञानात्प्रारब्ध	तत्त्वज्ञानात् प्रारब्ध
tag: अश्वः नदी अवलोकयति ।	अश्वः|NOUN नदी|NOUN अवलोकयति|VERB ।|SYM
segment: तत्तद्व्यक्तिविश्रान्ततया	तत्तत् व्यक्तिविश्रान्ततया
segment: सुबद्धमूला निपतन्ति	सुबद्धमूलाः निपतन्ति
segment: बाधितेऽप्यव्याप्त्यापत्तेः	बाधिते अपि अव्याप्त्यापत्तेः
segment: विमुक्तेयं शक्तिः	विमुक्ता इयम् शक्तिः
segment: सपरिवारो रावणः)	सपरिवारः रावणः)
segment: ह्यत्र	हि अत्र
segment: सर्वहितं रामं	सर्वहितम् रामम्
segment: प्रेषितो राघवेणाहं	प्रेषितः राघवेण अहम्
segment: चानेकवाचिसर्वपदार्थासम्भवस्तत्रेति	च अनेकवाचिसर्वपदार्थासम्भवः तत्र इति
segment: पिष्टपेषणमेतावत्	पिष्टपेषणम् एतावत्
segment: नोक्तापत्तिः	न उक्तापत्तिः
segment: वच्छेदककोटावप्यव्यवहितोत्तरत्वं निवेशनीयमित्युभयत्राव्यहितोत्तरत्वानिवेशप्रयुक्तगौरवं	वच्छेदककोटौ अपि अव्यवहितोत्तरत्वम् निवेशनीयम् इति उभयत्रव्यहितोत्तरत्वानिवेशप्रयुक्तगौरवम्
segment: प्रलयपूर्वकालीनमुक्त्यात्मकदुःखध्वंसानां पुरूषान्तरीयदुःखप्रागभाव	प्रलयपूर्वकालीनमुक्ति आत्मकदुःखध्वंसानाम् पुरूषान्तरीयदुःखप्रागभाव
tag: प्रतापवान् एकम् पश्यति ।	प्रतापवान्|ADJ एकम्|NOUN पश्यति|VERB ।|SYM
segment: पुनश्च	पुनः च
segment: अत एव	अतः एव
segment: एष एष	एषः एषः
segment: सुरवरजयदर्पदेशिकेऽस्मिन्	सुरवरजयदर्पदेशिके अस्मिन्
segment: भिक्षां भवते	भिक्षाम् भवते
segment: दुरितध्वंसस्यापि	दुरितध्वंसस्य अपि
segment: न	वेदः अपि
segment: मत्सायकान्निहतभिन्नविकीर्णदेहं	मत्सायकात् निहतभिन्नविकीर्णदेहं
segment: राघवमाहवे	राघवम् आहवे
tag: मन्त्री कुरुवृद्धः विचारयति ।	मन्त्री|NOUN कुरुवृद्धः|NOUN विचारयति|VERB ।|SYM
segment: विषयसंपत्त्यर्थमीश्वर	विषयसंपत्त्यर्थम् ईश्वर
tag: देवं पुस्तकम् पश्यति ।	देवं|NOUN पुस्तकम्|NOUN पश्यति|VERB ।|SYM
segment: प्रागुपपादितः	प्राक् उपपादितः
segment: शुद्धां जानकीं	शुद्धाम् जानकीम्
segment: तत्रैव	तत्र एव
segment: नातिव्याप्तिः	न अतिव्याप्तिः
segment: व्याख्येय इति	व्याख्येयः इति
tag: वयम् शङ्खाः निबोध ।	वयम्|PRON शङ्खाः|NOUN निबोध|VERB ।|SYM
segment: कुलविग्रहो भविष्यतीति	कुलविग्रहः भविष्यति इति
segment: केभ्यश्चिद् दिनेभ्यः	केभ्यश्चित् दिनेभ्यः
segment: निर्गलितलक्षणं वाक्यार्थः	निर्गलितलक्षणम् वाक्य अर्थः
segment: एवं काशीमरणजन्यमोक्षे	एवम् काशीमरणजन्यमोक्षे
segment: हेतुरपक्षधर्मोऽनैकान्तिको वेति	हेतुः अपक्षधर्मः अनैकान्तिकः वा इति
segment: एतां मेऽवस्थां	एताम् मे अवस्थाम्
segment: शब्देऽपि	शब्दे अपि
segment: मानुषेऽस्मिन्	मानुषे अस्मिन्
segment: ज्वलनं विशेयुः	ज्वलनम् विशेयुः
segment: पुत्रं दृष्ट्वा	पुत्रम् दृष्ट्वा
segment: कार्यं करोतीत्यादिकमपि	कार्यम् करोति इति आदिकम् अपि
segment: महाराजो नास्त	महाराजः न आस्ते
tag: इयम् आगच्छति ।	इयम्|PRON आगच्छति|VERB ।|SYM
segment: तादृशानुभवस्यातिरिक्ता	तादृश अनुभवस्य अतिरिक्ता
segment: प्रसादं प्रतिपालयत्यार्या	प्रसादम् प्रतिपालयति आर्या
segment: देवासुरैरपि	देवासुरैः अपि
segment: दीयतां मे	दीयताम् मे
segment: नास्मात्	न अस्मात्
segment: एष युधिष्ठिरोऽर्जुनं	एषः युधिष्ठिरः अर्जुनम्
segment: नृदेवं भृशं	नृदेवम् भृशम्
segment: दशग्रीवं लङ्कामेवाभियास्यति	दशग्रीवम् लङ्काम् एव अभियास्यति
segment: नेदृक्	न ईदृक्
segment: तावद्भोः	तावत् भोः
segment: घटादिकमादाय	घटादिकम् आदाय
segment: तद्बोधकश्रुतेरखर्वगर्वता	तद्बोधकश्रुतेः अखर्वगर्वता
segment: रणेष्वपराङ्मुखानां योधपुरुषाणाम्	रणेषु अपराङ्मुखानाम् योधपुरुषाणाम्
segment: हसन्तं नृदेवं	हसन्तम् नृदेवम्
segment: पुनरहं	पुनः अहं
segment: शक्रं पृच्छ	शक्रम् पृच्छ
segment: बहिरागताः	बहिः आगताः
segment: विरोधिपरामर्शोत्थापकत्वादिति	विरोधिपरामर्शोत्थापकत्वात् इति
tag: एतस्य आचारात् पठति ।	एतस्य|PRON आचारात्|NOUN पठति|VERB ।|SYM
segment: किं भीष्मस्य	किम् भीष्मस्य
segment: रामः---आश्चर्यमाश्चर्यम्	रामः---आश्चर्यम् आश्चर्यम्
segment: तथाचैका	तथाच एका
segment: देवोऽवदति	देवः अवदति
segment: ममागमनं देवाय	मम आगमनम् देवाय
tag: जलम् च पितुः अभ्यहन्यन्त ।	जलम्|NOUN च|CONJ पितुः|NOUN अभ्यहन्यन्त|VERB ।|SYM
segment: नन्वेवं	ननु एवं
segment: शाखामृगो बद्ध	शाखामृगः बद्धः
segment: तमेव	तम् एव
segment: पक्षीयव्यभिचारसंशयस्यैव	पक्षीयव्यभिचारसंशयस्य एव
segment: यद्विशेषयोर्कार्य	यद्विशेषयोः कार्य
segment: विरोधितयत्संग्रहार्थमुक्तोपाधेरवश्यमनुसरणीयत्वात्	विरोधितयत्संग्रहार्थम् उक्तोपाधेः अवश्यम् अनुसरणीयत्वात्
segment: यो जपेत्	यः जपेत्
segment: तत्तत्पुरूषीयात्मानां तदात्म्यसंबंधेनैशवात्मनो	तत्तत् पुरुषीयात्मानाम् तदात्म्यसंबंधेन ईशवात्मनः
segment: क्वचिद् व्यर्थं	क्वचित् व्यर्थं
segment: .तत्पूर्वमपि	.तत्पूर्वम् अपि
segment: किं नावगच्छसि	किम् न अवगच्छसि
segment: किमिति	किम् इति
segment: सहस्रहंसप्रयुक्तो वीरवाही	सहस्रहंसप्रयुक्तः वीरवाही
segment: त्वरितमभिपतत्यसौ	त्वरितम् अभिपतति असौ
tag: धीमता मातृ अवलोकयति ।	धीमता|ADJ मातृ|NOUN अवलोकयति|VERB ।|SYM
segment: त्वमवगच्छसि	त्वम् अवगच्छसि
segment: लिङ्गविशेष्यकबाधितत्वादिज्ञानस्यानुमितिप्रतिबन्धकत्वम्	लिङ्गविशेष्यकबाधितत्वादिज्ञानस्य अनुमितिप्रतिबन्धकत्वम्
segment: क्षत्रियाणां विनाशं	क्षत्रियाणाम् विनाशम्
segment: मुक्तित्वरूपत्वमङ्गीक्रियते	मुक्तित्वरूपत्वम् अङ्गीक्रियते
segment: अस्यैषावस्था	अस्य एषा अवस्था
segment: एवमपीदानीं	एवम् अपि इदानीं
tag: तव जल्पति ।	तव|PRON जल्पति|VERB ।|SYM
segment: सैनिका युद्धे	सैनिकाः युद्धे
segment: नीयमानो नभस्तलम्	नीयमानः नभस्तलम्
segment: संभवेनानुत्पत्यभावात्	संभवेन अनुत्पत्ति अभावात्
tag: लोकः च औषधम् खादति ।	लोकः|NOUN च|CONJ औषधम्|NOUN खादति|VERB ।|SYM
tag: सीता शक्नोति ।	सीता|NOUN शक्नोति|VERB ।|SYM
segment: बद्ध इति	बद्धः इति
segment: गिरिवरनिचयाभं मेघगम्भीरघोषम्	गिरिवरनिचयाभम् मेघगम्भीरघोषम्
tag: तं मन्यते ।	तं|PRON मन्यते|VERB ।|SYM
segment: ज्ञानमयं तपः	ज्ञानमयम् तपः
segment: साधनवारणं संभवति	साधनवारणम् संभवति
segment: ज्ञानादिसिद्धिरिति	ज्ञानादिसिद्धिः इति
segment: वैधुर्यमापतति	वैधुर्यम् आपतति
segment: भावस्यावश्यकत्वात्	भावस्य आवश्यकत्वात्
segment: प्रतिबन्धकत्वानभ्युपगमादिति	प्रतिबन्धकत्वानभ्युपगमात् इति
segment: विवशास्तुरङ्गमाः	विवशाः तुरङ्गमाः
segment: तदीयज्ञानादित्रयमपि	तदीयज्ञानादित्रयम् अपि
segment: मामपि	माम् अपि
segment: निगृह्यानय	निगृह्य आनय
tag: आचार्यम् ऋषिकेशः स्थापयति ।	आचार्यम्|NOUN ऋषिकेशः|NOUN स्थापयति|VERB ।|SYM
tag: हृदयम् च सभा घोषयति ।	हृदयम्|NOUN च|CONJ सभा|NOUN घोषयति|VERB ।|SYM
segment: वानरैर्गृह्यमाणौ	वानरैः गृह्यमाणौ
segment: अवस्थितस्ततो दूरे	अवस्थितः ततः दूरे
segment: सं-	सन्
segment: नैवाप्नोति	नैव आप्नोति
segment: (रथारोहणं नाटयतः)	(रथारोहणम् नाटयतः)
segment: नाद्यः	न आद्यः
segment: किमिच्छसि	किम् इच्छसि
segment: गम्यतां स्वनिलयमेव	गम्यताम् स्वनिलयम् एव
tag: आचार्यम् बोधयति ।	आचार्यम्|NOUN बोधयति|VERB ।|SYM
segment: पक्षीयव्यभिचार.संदेहस्यापि	पक्षीयव्यभिचारसंदेहस्य अपि
segment: किं पुनर्वानराणाम्	किम् पुनः वानराणाम्
segment: पतिमिह	पतिम् इह
segment: चेन्न	चेत् न
segment: सद्धेतुधूमादिविरुद्धयोर्नातिव्याप्तिः	सद्धेतुधूमादिविरुद्धयोः न अतिव्याप्तिः
segment: आह----व्यतिरेकीति	आह----व्यतिरेकी इति
segment: वाक्छलतोऽवश्यं	वाक्छलतः अवश्यं
segment: भुक्तं क्षीयते	भुक्तम् क्षीयते
segment: यो न	यः न
segment: सर्वानुभवसाक्षिकत्वाच्च	सर्व अनुभवसाक्षिकत्वात् च
segment: शक्तिं निपातितां	शक्तिम् निपातिताम्
segment: किं वक्ष्यतीति	किम् वक्ष्यति इति
segment: नगराद् बहिः	नगरात् बहिः
segment: अद्याभिमन्युनिधनाज्जनितप्रकोपः	अद्य अभिमन्युनिधनात् जनितप्रकोपः
segment: किञ्चिदाहारजातं सम्भावयामि	किञ्चिद् आहारजातम् सम्भावयामि
tag: कर्माणि कपिशः समीक्षते ।	कर्माणि|NOUN कपिशः|NOUN समीक्षते|VERB ।|SYM
segment: ईश्वरात्मसाक्षात्कारस्यैव	ईश्वर आत्मसाक्षात्कारस्य एव
segment: अच्छिन्नमासीद् द्विषतो	अच्छिन्नम् आसीत् द्विषतः
tag: प्रशस्तः नाम कथयति ।	प्रशस्तः|ADJ नाम|NOUN कथयति|VERB ।|SYM
segment: यो विजानाति	यः विजानाति
segment: को नु	कः नु
segment: षष्ठोऽङ्कः	षष्ठः अङ्कः
segment: प्रवृत्तं युद्धम्	प्रवृत्तम् युद्धम्
segment: वैष्णवं तेजः	वैष्णवम् तेजः
tag: पाणिनिः च आचारात् वदति ।	पाणिनिः|NOUN च|CONJ आचारात्|NOUN वदति|VERB ।|SYM
segment: हतसिंहं सुप्रवेशं	हतसिंहम् सुप्रवेशम्
segment: प्रश्नस्तथोत्तरम्>	प्रश्नः तथा उत्तरम्>
segment: यथैव	यथा एव
segment: व्यभिचारसन्देहस्तत्र	व्यभिचारसन्देहः तत्र
segment: लक्षणव्याप्तेस्तस्य	लक्षणव्याप्तेः तस्य
segment: तद्विषयतया	तत् विषयतया
segment: सद्धेतावतिव्याप्तिः	सद्धेतौ अतिव्याप्तिः
segment: को दोषः	कः दोषः
segment: दशशिरसं मनसा	दशशिरसम् मनसा
segment: किमुक्तेन	किम् उक्तेन
segment: खल्वत्रभवान्	खलु अत्रभवान्
segment: निर्युक्तिकत्वेनाश्रद्धेयत्वात्	निर्युक्तिकत्वेन अश्रद्धेयत्वात्
segment: तच्च	तत् च
segment: वदित्यनुमानादुपदर्शित	वदिति अनुमानात् उपदर्शित
tag: अद्य अयोध्या उपदिशति ।	अद्य|ADV अयोध्या|NOUN उपदिशति|VERB ।|SYM
segment: तस्याग्रे	तस्य अग्रे
segment: दुश्शासनो व्याहरति	दुश्शासनः व्याहरति
segment: एवात्मवत्त्वविवेके	एव आत्मवत्त्वविवेके
segment: क्वासौ	क्व असौ
segment: उदाहरणाप्रयोगसम्भवादिति	उदाहरणाप्रयोगसम्भवात् इति
segment: निरवच्छिन्नं ज्ञानं	निरवच्छिन्नम् ज्ञानम्
tag: कार्यं च वृक्षः श्रावयामास ।	कार्यं|NOUN च|CONJ वृक्षः|NOUN श्रावयामास|VERB ।|SYM
segment: राममेव	रामम् एव
segment: वयमपि	वयम् अपि
segment: सुव्यक्तं निहतं	सुव्यक्तम् निहतम्
segment: एवं त्रयाणां	एवम् त्रयाणाम्
segment: .व्यभिचारादय उपाधयः-क	.व्यभिचारादयः उपाधयः-क
segment: एवं शोचन्तमार्यपुत्रं	एवम् शोचन्तम् आर्यपुत्रम्
segment: तत्राभावात्	तत्र अभावात्
segment: स्वर्गमभिगतोऽसि	स्वर्गम् अभिगतः असि
segment: सकर्तृकं वा	सकर्तृकम् वा
segment: अथैवं सति	अथ एवम् सति
segment: बाधितमर्थं वेदोपि	बाधितम् अर्थम् वेदः अपि
segment: शोकपरवशो न	शोकपरवशः न
segment: तदपि	तत् अपि
segment: दूतसमुदाचारेणोपस्थितः	दूतसमुदाचारेण उपस्थितः
segment: प्राप्तैश्च	प्राप्तैः च
segment: शराच्छरणमेनमुपाश्रयामि	शरात् शरणम् एनम् उपाश्रयामि
segment: किञ्चित्समयानन्तरम्	किञ्चित् समयानन्तरम्
segment: रुचितं यदि	रुचितम् यदि
tag: देवः पुरुजित् अभिरक्षन्तु ।	देवः|NOUN पुरुजित्|NOUN अभिरक्षन्तु|VERB ।|SYM
segment: शक्तिरस्ति	शक्तिः अस्ति
segment: दोषः.इत्यनुशयेनाह---संयोगादिति	दोषः.इति अनुशयेन आह---संयोगाद् इति
segment: भवांश्छन्नेन	भवान् छन्नेन
tag: सूर्यः शास्त्राणाम् श्रुत्वा ।	सूर्यः|NOUN शास्त्राणाम्|NOUN श्रुत्वा|VERB ।|SYM
segment: तथात्वेनाभिमतत्वात्	तथात्वेन अभिमतत्वात्
segment: अतितपत्यादित्यः	अतितपति आदित्यः
segment: किं विपक्षपक्षमवलम्बसे	किम् विपक्षपक्षम् अवलम्बसे
segment: भवन्तमुपस्थिताः	भवन्तम् उपस्थिताः
segment: मोक्षाभिन्नसाक्षात्कारविषय	इति अर्थकतया
segment: इत्याशयनोक्तं	इति आशयेन उक्तं
segment: सद्गुणः	सत् गुणः
segment: गाङ्गेयप्रमुखा राजानः	गाङ्गेयप्रमुखाः राजानः
tag: युधि त्रयः द्वेष्टि ।	युधि|NOUN त्रयः|ADJ द्वेष्टि|VERB ।|SYM
tag: कृष्णा उपदेशः विनद्य ।	कृष्णा|NOUN उपदेशः|NOUN विनद्य|VERB ।|SYM
segment: प्रशान्तरोषो भगवान्	प्रशान्तरोषः भगवान्
segment: किं करिष्यति	किम् करिष्यति
segment: वनमिव	वनम् इव
segment: विनिगमनाविरहाज्ज्ञानत्वादिनापि	विनिगमनाविरहात् ज्ञानत्वादिन अपि
segment: नित्यसुखाभिव्यक्तेर्मुक्तित्व	नित्यसुखाभिव्यक्तेः मुक्तित्व
segment: लङ्केश्वराय---भग्नप्रायाशोकवनिकेति	लङ्केश्वराय---भग्नप्राया अशोकवनिका इति
tag: कावेरी शक्तिमान् उवाच ।	कावेरी|NOUN शक्तिमान्|ADJ उवाच|VERB ।|SYM
segment: प्रहृष्टवदनैरभिगन्तुमेनम्	प्रहृष्टवदनैः अभिगन्तुम् एनम्
segment: बाधसामग्रीत्वेनाधिकरणोपस्थितेरपि	बाधसामग्रीत्वेनाधिकरणोपस्थितेः अपि
segment: धीरनिनदं चित्रार्पिताङ्गा	धीरनिनदम् चित्रार्पिताङ्गा
segment: तृणमपि	तृणम् अपि
segment: साध्यवद्विशेषणम्	साध्यवत् विशेषणम्
segment: मुदिततरमुखो मुष्टिना	मुदिततरमुखः मुष्टिना
segment: किन्तु तदुत्तरकाले	फलम् किन्तु
segment: महात्मा	महा आत्मा
segment: वापराधेऽनयोर्वानरचापलं क्षन्तुमर्हसि	वा अपराधे अनयोः वानरचापलम् क्षन्तुम् अर्हसि
segment: तत्रात्मत्वभाने	तत्र आत्मत्वभाने
segment: जातेरपि	जातेः अपि
segment: जनो वेत्ति	जनः वेत्ति
segment: मां परिभवति	माम् परिभवति
tag: व्यूढम् महेशः श्रुत्वा ।	व्यूढम्|ADJ महेशः|NOUN श्रुत्वा|VERB ।|SYM
segment: शब्द इव	शब्दः इव
segment: दुःखध्वंसस्यापि	दुःखध्वंसस्य अपि
segment: मुहूर्तकं क्षीरं	मुहूर्तकम् क्षीरम्
segment: शत्रुं तवाद्य	शत्रुम् तव अद्य
segment: भटः---यदाज्ञापयति	भटः---यत् आज्ञापयति
segment: रिपुमीक्षमाणं	रिपुम् ईक्षमाणम्
segment: चोक्तदोषः	च उक्तदोषः
segment: शीघ्रं	शीघ्रम्
segment: राममासाद्य	रामम् आसाद्य
segment: तथाप्यभावस्य	तथापि अभावस्य
segment: .प्रत्यक्षासम्भवादिति-ख	.प्रत्यक्षासम्भवात् इति-ख
segment: भवन्तमभिवादयन्ति	भवन्तम् अभिवादयन्ति
tag: व्यापारिणाम् दरिद्रः विचारयति ।	व्यापारिणाम्|NOUN दरिद्रः|ADJ विचारयति|VERB ।|SYM
segment: परप्रत्यक्षापत्तिः	परप्रत्यक्ष आपत्तिः
segment: किमनेन	किम् अनेन
segment: हेत्वाभास इत्येतावतैव	हेत्वाभासः इति एतावत् एव
segment: काञ्चुकीयः---यावदहमपि	काञ्चुकीयः---यावद् अहम् अपि
tag: चन्द्रः निबोध ।	चन्द्रः|NOUN निबोध|VERB ।|SYM
segment: प्रतिपन्नं तेन	प्रतिपन्नम् तेन
segment: नित्यसमवेतत्वमात्रं वा	नित्यसमवेतत्वमात्रम् वा
segment: रावणः---ततस्ततः	रावणः---ततः ततः
segment: इदानीन्तनदुःखध्वंसेतिव्याप्तिवारणाय	इदानीन्तनदुःखध्वंसे अतिव्याप्तिवारणाय
segment: एष हि	एषः हि
tag: सुन्दरः नरः भवति ।	सुन्दरः|ADJ नरः|NOUN भवति|VERB ।|SYM
segment: तदजनकत्वमेव--ख	तदजनकत्वम् एव--ख
tag: ज्ञानम् च शास्त्राणाम् पश्यति ।	ज्ञानम्|NOUN च|CONJ शास्त्राणाम्|NOUN पश्यति|VERB ।|SYM
segment: तादृशवैजात्यं च	तादृशवैजात्यम् च
segment: बहिरागतः	बहिः आगतः
segment: दुरितवद्भिन्नदुरितध्वंसस्यैव	दुरितवद्भिन्नदुरितध्वंसस्य एव
segment: वाली---दण्ड्य इति	वाली---दण्ड्यः इति
segment: मैवम्	मा एवम्
tag: देवाः भुङ्क्ते ।	देवाः|NOUN भुङ्क्ते|VERB ।|SYM
tag: कमः ज्ञानम् कथयति ।	कमः|ADJ ज्ञानम्|NOUN कथयति|VERB ।|SYM
segment: ज्ञायमानदोषत्वेनेत्यर्थः	ज्ञायमानदोषत्वेन इत्यर्थः
segment: पार्थकर्मेदमहो	पार्थकर्म इदम् अहो
segment: तृतीयः---एष हि	तृतीयः---एषः हि
segment: तुल्यभावं	तुल्यभावम्
segment: सर्वेति	सर्वे इति
segment: सौभ्रात्रं शत्रुपक्षमुपाश्रितम्	सौभ्रात्रम् शत्रुपक्षम् उपाश्रितम्
segment: एवं गतं	एवम् गतम्
tag: पाण्डुपुत्राणाम् च अर्थः दिदृक्षते ।	पाण्डुपुत्राणाम्|NOUN च|CONJ अर्थः|NOUN दिदृक्षते|VERB ।|SYM
segment: देहं	देहम्
segment: त्वां देवि	त्वाम् देवि
segment: तदविच्छिन्नं प्रति	तदविच्छिन्नम् प्रति
tag: अशक्तः आपत्सु श्रावयामास ।	अशक्तः|ADJ आपत्सु|NOUN श्रावयामास|VERB ।|SYM
segment: महत्तरां भिक्षां	महत्तराम् भिक्षाम्
tag: असत्यम् च काशी करोति ।	असत्यम्|NOUN च|CONJ काशी|NOUN करोति|VERB ।|SYM
segment: नश्येन्न	नश्येत् न
tag: धर्मः सर्वेषाम् मूलम् अस्ति । स च सर्वेषाम् शास्त्राणाम् श्रेष्ठः अस्ति । तस्य च पालने सर्वे सुखिनः भवन्ति । तस्य च अपालने सर्वे दुःखिनः भवन्ति ।	धर्मः|NOUN सर्वेषाम्|PRON मूलम्|NOUN अस्ति|VERB ।|SYM स|PRON च|CONJ सर्वेषाम्|PRON शास्त्राणाम्|NOUN श्रेष्ठः|ADJ अस्ति|VERB ।|SYM तस्य|PRON च|CONJ पालने|NOUN सर्वे|PRON सुखिनः|ADJ भवन्ति|VERB ।|SYM तस्य|PRON च|CONJ अपालने|NOUN सर्वे|PRON दुःखिनः|ADJ भवन्ति|VERB ।|SYM
tag: भगवान् मुनिः नमस्कृत्य ।	भगवान्|NOUN मुनिः|NOUN नमस्कृत्य|VERB ।|SYM
segment: एवमपि	एवम् अपि
segment: करिण	करिणः
segment: खल्वस्मि	खलु अस्मि
segment: भर्तारं भर्तृवत्सला	भर्तारम् भर्तृवत्सला
segment: व्यथितस्तवात्मा	व्यथितः तव आत्मा
segment: यत्तु	यत् तु
segment: महाराजायाङ्गेश्वराय	महाराजाय अङ्गेश्वराय
segment: कस्त्वम्	कः त्वम्
segment: कृतास्त्रश्च	कृतास्त्रः च
segment: .विरुद्धमिति-ख	.विरुद्धम् इति-ख
segment: प्रयत्नमनुतिष्ठामः	प्रयत्नम् अनुतिष्ठामः
segment: इदं नगरद्वारम्	इदम् नगरद्वारम्
segment: एवं गोलकाद्यभावेन	एवम् गोलकादि अभावेन
segment: चलत्तरङ्गाहतभीमवेलमुदीर्णनक्राकुलनीलनीरम्	चलत्तरङ्गाहतभीमवेलम् उदीर्णनक्राकुलनीलनीरम्
segment: भग्नेति	भग्ना इति
tag: नायकाः व्यूढम् दध्मौ ।	नायकाः|NOUN व्यूढम्|ADJ दध्मौ|VERB ।|SYM
tag: गंगा ददति ।	गंगा|NOUN ददति|VERB ।|SYM
segment: संयोगदशायां घटदिचाक्षुषवारणाय	संयोगदशायाम् घटदिचाक्षुषवारणाय
segment: शीतो भवति	शीतः भवति
segment: य एषः	यः एषः
tag: किमपि अभ्यहन्यन्त ।	किमपि|PRON अभ्यहन्यन्त|VERB ।|SYM
segment: स्वपितरं बद्ध्वा	स्वपितरम् बद्ध्वा
segment: इत इतः	इतः इतः
segment: भ्रान्ता मेघाः	भ्रान्ताः मेघाः
segment: वृत्तमेतत्	वृत्तम् एतत्
segment: कथं कथं	कथम् कथम्
segment: भवन्तमनुप्राप्ता	भवन्तम् अनुप्राप्ता
segment: एवं क्रियताम्	एवम् क्रियताम्
segment: स्यन्दनं वाहयन्तं	स्यन्दनम् वाहयन्तम्
segment: प्रतियापयाम्यहं त्वाम्	प्रतियापयामि अहम् त्वाम्
segment: त्रयाणां प्रत्येकमपि	त्रयाणाम् प्रत्येकम् अपि
segment: कथं कथं	कथम् कथम्
tag: कः आनन्दः दृश्यते ।	कः|PRON आनन्दः|NOUN दृश्यते|VERB ।|SYM
segment: स्वैरं रूपमुपस्थितेन	स्वैरम् रूपम् उपस्थितेन
segment: दूतवाक्यं समाप्तम्	दूतवाक्यम् समाप्तम्
segment: राज्यं नाम	राज्यम् नाम
segment: एवोदयनाचार्यैः	एव उदयनाचार्यैः
segment: यद्येतद्भेदकूटविशिष्टतथाविध	यदि एतत् भेदकूटविशिष्टतथाविध
segment: केऽर्जुनस्य	के अर्जुनस्य
segment: तत्रातिव्याप्तिरिति	तत्र अतिव्याप्तिः इति
segment: वस्तुतस्तु	वस्तुतः तु
segment: निवेद्यतां निवेद्यतां	निवेद्यताम् निवेद्यताम्
tag: शीतः फलम् भविष्यति ।	शीतः|ADJ फलम्|NOUN भविष्यति|VERB ।|SYM
segment: सहसोत्थितः	सहसा उत्थितः
segment: कार्यकारणभावानन्त्यकल्पनमपि	कार्यकारणभाव अनन्त्यकल्पनम् अपि
segment: ...एवैकत्रानुमाने	...एव एकत्र अनुमाने
segment: तद् एतद्	तत् एतत्
tag: अन्यायः भूमिः दृश्यते ।	अन्यायः|NOUN भूमिः|NOUN दृश्यते|VERB ।|SYM
segment: सूर्येणेवाभ्यागतैरंशुजालैः	सूर्येणे इव अभ्यागतैः अंशुजालैः
segment: क्रोधोपहारमसिरेष विधास्यति	क्रोधोपहारम् असिः एषः विधास्यति
segment: एतावाचार्यपितामहौ	एतौ आचार्यपितामहौ
segment: किं श्रुतम्	किम् श्रुतम्
segment: दुर्लभो राजसम्मानो	दुर्लभः राजसम्मानः
segment: स	सः
segment: स मनुजयुगलं	सः मनुजयुगलम्
segment: शङ्कुकर्णः---यदाज्ञापयति	शङ्कुकर्णः---यद् आज्ञापयति
segment: स प्रतिबन्धक	सः प्रतिबन्धकः
segment: विषयतावच्छेदकत्वमेव	विषयतावच्छेदकत्वम् एव
segment: मेऽवस्थां श्रुत्वार्यपुत्रो	मे अवस्थाम् श्रुत्वा आर्यपुत्रः
segment: परिशङ्कितं मे	परिशङ्कितम् मे
segment: देवो अस्ति	देवः अस्ति
segment: शीघ्रं निवेद्यतां	शीघ्रम् निवेद्यताम्
segment: तदाश्रयत्वेनेश्वरोपि	तदाश्रयत्वेन ईश्वरः अपि
segment: व्यतिरेकिण्यप्रसिद्धमेव	व्यतिरेकिण्यप्रसिद्धम् एव
segment: तथाप्युपदर्शितसिद्ध	तथा अपि उपदर्शितसिद्ध
segment: जन्यत्वस्यैवात्र	जन्यत्वस्य एव अत्र
segment: राजलक्ष्मीमनुत्तमाम्	राजलक्ष्मीम् अनुत्तमाम्
segment: विवादाध्यासितकर्तृपक्षककार्यत्वहेतुसकर्तृक-त्वानुमानं तत्र	विवादाध्यासितकर्तृपक्षककार्यत्वहेतुसकर्तृकत्व अनुमानम् तत्र
segment: गिरिवरं युधि	गिरिवरम् युधि
tag: श्रेष्ठः कपिशः निन्दति ।	श्रेष्ठः|ADJ कपिशः|NOUN निन्दति|VERB ।|SYM
segment: मेरुगुहामेव	मेरुगुहाम् एव
segment: वेत्यत्र	वेति अत्र
segment: साध्यभावो पादनेऽनङ्गत्यापवादित्यर्थः	साध्यभावः पादनेऽनङ्गत्यापवादित्यर्थः
segment: भट्टानुयायीनां तत्र	भट्टानुयायीनाम् तत्र
segment: दुर्गतमं रसातलं	दुर्गतमम् रसातलम्
segment: तादृशकार्यकारणभावसत्वेपि	तादृशकार्यकारणभावसत्वे अपि
segment: नोपदर्शितानन्तजाति	न उपदर्शित अनन्तजाति
segment: बलीयानिति	बलीयान् इति
segment: स देयः	सः देयः
segment: परचक्रं प्रशाम्यतु	परचक्रम् प्रशाम्यतु
segment: तन्न	तत् न
segment: नन्वेकेन	ननु एकेन
segment: किमथ	किम् अथ
segment: संनिहितशार्दूलां गुहां	संनिहितशार्दूलाम् गुहाम्
segment: साधारणत्वमस्येव	साधारणत्वम् अस्य एव
segment: कथमशक्ताः	कथम् अशक्ताः
segment: कष्टं किं	कष्टम् किम्
segment: उदकप्रसेक इव	उदकप्रसेकः इव
segment: क्षत्रान्तकं मुनिवरं	क्षत्रान्तकम् मुनिवरम्
segment: कार्यं विपद्यते	कार्यम् विपद्यते
segment: स्थिता वियति	स्थिताः वियति
segment: उक्तोपाधिसत्त्वमेव	उक्तोपाधिसत्त्वम् एव
segment: प्राप्ताविन्द्रं हरिहराविव	प्राप्तौ इन्द्रम् हरिहरौ इव
segment: सर्वो	सर्वः
segment: तस्मादतिरिक्ता	तस्मात् अतिरिक्ता
segment: क्वचिद्गोवधजन्यचरमदुःखे	क्वचित् गोवधजन्यचरमदुःखे
segment: मानुषो माम	मानुषः माम्
segment: दोष इति	दोषः इति
segment: शीघ्रं	शीघ्रम्
segment: स्फीतमेतत्	स्फीतम् एतत्
segment: अपनीयतां किल	अपनीयताम् किल
segment: खल्वार्यस्य	खलु आर्यस्य
segment: भृत्यो दुर्योधनाज्ञया	भृत्यः दुर्योधनाज्ञया
tag: एषः शङ्खम् विनद्य ।	एषः|PRON शङ्खम्|NOUN विनद्य|VERB ।|SYM
segment: केचिदज्ञाननिवृत्तिरनिर्वचनीया	केचित् अज्ञाननिवृत्तिः अनिर्वचनीया
segment: अयं ननु	अयम् ननु
segment: विलम्बो नैव	विलम्बः नैव
segment: जीवद्‌भ्योऽपि	जीवद्‌भ्यः अपि
segment: .चायाथार्थ्यनियमेनोक्तदोष--क	.च अयथार्थ्यनियमेन उक्तदोषः --क
segment: किं वार्जुनसमीपे	किम् वा अर्जुनसमीपे
segment: ज्ञानेच्छयोरङ्गीकारस्य	ज्ञानेच्छयोः अङ्गीकारस्य
tag: त्वम् रक्षकाः आसीत् ।	त्वम्|PRON रक्षकाः|NOUN आसीत्|VERB ।|SYM
segment: खल्वनेककपटबुद्धेः	खलु अनेककपटबुद्धेः
tag: कपिशः पिता शक्नोति ।	कपिशः|NOUN पिता|NOUN शक्नोति|VERB ।|SYM
segment: ममापि	मम अपि
segment: इन्द्रियत्वाभावात्	इन्द्रियत्व अभावात्
segment: उत्सादयिष्यन्निव	उत्सादयिष्यन् इव
tag: पितृ च धर्मक्षेत्रे ब्रवीमि ।	पितृ|NOUN च|CONJ धर्मक्षेत्रे|NOUN ब्रवीमि|VERB ।|SYM
segment: ताभ्यां यदि	ताभ्याम् यदि
tag: युधि खेलामः ।	युधि|NOUN खेलामः|VERB ।|SYM
segment: वाक्यार्थः	वाक्य अर्थः
segment: प्रकृतिरवतिष्ठते	प्रकृतिः अवतिष्ठते
segment: अन्योन्याभावस्याव्याप्यवृत्तित्वादुक्तावतिव्याप्तेरेवेत्यर्थः	अन्योन्याभावस्य अव्याप्यवृत्तित्वात् उक्तौ अतिव्याप्तेः एव इति अर्थः
segment: ततो भवति	ततः भवति
tag: लघुः कविर्मुनिः खेलामः ।	लघुः|ADJ कविर्मुनिः|NOUN खेलामः|VERB ।|SYM
segment: तयोर्मानुषयोः	तयोः मानुषयोः
segment: नैव	न एव
segment: सदाचरणमेवैकं	सदाचरणम् एव एकं
segment: प्रत्ययार्थं हि	प्रत्ययार्थम् हि
segment: अलमलं रुदितेन	अलम् अलम् रुदितेन
tag: वेदः च इन्जिनियरः भविष्यति ।	वेदः|NOUN च|CONJ इन्जिनियरः|NOUN भविष्यति|VERB ।|SYM
segment: शान्तामर्षं वृकोदरम्	शान्तामर्षम् वृकोदरम्
segment: दुःखप्रागभावासमानकालीनेति	दुःखप्रागभावासमानकालीन इति
segment: तस्माद्दर्शितबहुविधलाघव	तस्मात् दर्शितबहुविधलाघव
tag: आनन्दः अभवत् ।	आनन्दः|NOUN अभवत्|VERB ।|SYM
segment: यन्नियतं	यत्‌ नियतं
segment: तस्मादमित्रविषयमस्या हृदयं	तस्माद् अमित्रविषयम् अस्याः हृदयम्
segment: विष्णुर्वा	विष्णुः वा
segment: कुमारमक्षं निहतं	कुमारम् अक्षम् निहतम्
tag: ततः कविर्मुनिः बोधयति ।	ततः|ADV कविर्मुनिः|NOUN बोधयति|VERB ।|SYM
segment: ब्रह्मातिरिक्त	ब्रह्म अतिरिक्त
segment: प्रविशत्यङ्गदो हनूमांश्च)	प्रविशति अङ्गदः हनूमान् च)
segment: अयमक्रमः	अयम् अक्रमः
segment: व्याघातोपि	व्याघातः अपि
segment: शब्दत्वानित्यत्वेति	शब्दत्वानित्यत्वे इति
segment: समुत्थितो ध्वनिः	समुत्थितः ध्वनिः
segment: गोसहस्रं ददामि	गोसहस्रम् ददामि
segment: यद् दायाद्यं	यत् दायाद्यम्
segment: सुग्रीवः---अनुगृहीतोऽस्मि	सुग्रीवः---अनुगृहीतः अस्मि
segment: निवातकवचा नीताः	निवातकवचाः नीताः
segment: समन्ताद्	समन्तात्
segment: दिव्यगन्धर्वा गायन्ति	दिव्यगन्धर्वाः गायन्ति
segment: प्रयोजकमिति	प्रयोजकम् इति
segment: अलमलं संभ्रमेण	अलम् अलम् संभ्रमेण
segment: प्रयुक्तहेतोरनुकूल	प्रयुक्तहेतोः अनुकूल
segment: धर्मो हि	धर्मः हि
segment: भ्रातरं मे	भ्रातरम् मे
segment: घटोत्कचः---किमेतद्धास्यते	घटोत्कचः---किम् एतत् हास्यते
segment: सुहृदां शोककारणात्	सुहृदाम् शोककारणात्
segment: रामः---शीघ्रं प्रवेशयत्वेतौ	रामः---शीघ्रम् प्रवेशयतु एतौ
segment: तातमभिवादयिष्यामः	तातम् अभिवादयिष्यामः
tag: तया निवेदयति ।	तया|PRON निवेदयति|VERB ।|SYM
segment: .तस्माद्यदा-क	.तस्मात् यदा-क
segment: नित्यसुखसाक्षात्कारस्य	च उपदर्शितश्रुत्या
segment: कर्तुमर्हति	कर्तुम् अर्हति
segment: धनिनो धनम्	धनिनः धनम्
segment: नान्त्यः	न अन्त्यः
segment: ईश्वरात्मानमुपक्रम्य	ईश्वरात्मानम् उपक्रम्य
segment: खाण्डवमश्नतः	खाण्डवम् अश्नतः
tag: युधामन्युः च सेवायाम् चिन्तयति ।	युधामन्युः|NOUN च|CONJ सेवायाम्|NOUN चिन्तयति|VERB ।|SYM
segment: विभीषणः---अभयं दातुमर्हति	विभीषणः---अभयम् दातुम् अर्हति
segment: एष इदानीमर्जुनः	एषः इदानीम् अर्जुनः
segment: स उदतरत्	सः उदतरत्
segment: चेन्न	चेत् न
segment: पशुपकुलनिवासादानुजीव्यानभिज्ञः	पशुपकुलनिवासात् अनुजीव्यानभिज्ञः
segment: कार्यतावच्छेदकं निरवच्छिन्नत्व	कार्यतावच्छेदकम् निरवच्छिन्नत्व
segment: तदेव	तत् एव
segment: दुःखध्वंसस्तस्य	दुःखध्वंसः तस्य
segment: धर्षितस्तेन	धर्षितः तेन
segment: तत्त्वज्ञानं प्रति	तत्त्वज्ञानम् प्रति
segment: भोगावच्छेदकत्वं शरीरत्वमिति	भोगावच्छेदकत्वम् शरीरत्वम् इति
segment: तत्रापि	तत्र अपि
segment: तयोस्तत्र	तयोः तत्र
segment: भीमो	भीमः
segment: समानाधिकरण्यान्तनिवेशे	समानाधिकरण्या अन्तनिवेशे
segment: वृत्तान्तं भण]	वृत्तान्तम् भण]
segment: तत्संशयो व्यभिचारसंशयत्वेन	तत्संशयः व्यभिचारसंशयत्वेन
segment: विद्याह्रासस्ततो जातो	विद्याह्रासः ततः जातः
tag: कार्यालयः च नरः अस्ति ।	कार्यालयः|NOUN च|CONJ नरः|NOUN अस्ति|VERB ।|SYM
segment: किमाह	किम् आह
segment: पक्षतावच्छेदकत्वेपि	पक्षतावच्छेदकत्वे अपि
segment: पृथिवीत्वापरपर्यायस्य	पृथिवीत्व अपरपर्यायस्य
tag: राज्ञाम् च कविर्मुनिः शिक्षयति ।	राज्ञाम्|NOUN च|CONJ कविर्मुनिः|NOUN शिक्षयति|VERB ।|SYM
segment: सर्वेः---कथमाशीर्वचनं न	सर्वेः---कथम् आशीर्वचनम् न
segment: स्यालं तव	स्यालम् तव
segment: सतां विहाय	सताम् विहाय
segment: भङ्गोऽस्तु	भङ्गः अस्तु
tag: कर्म च जीवानाम् विनद्य ।	कर्म|NOUN च|CONJ जीवानाम्|NOUN विनद्य|VERB ।|SYM
segment: स्वर्गं गतो	स्वर्गम् गतः
segment: ब्रह्मवच्छिन्नचैतन्यस्यावृत्ततया	ब्रह्मवच्छिन्नचैतन्यस्य अवृत्ततया
segment: जलं जलस्थानगतं	जलम् जलस्थानगतम्
segment: सद्धेतावसाधारणेऽपि	सद्धेतौ असाधारणे अपि
segment: अहं विजया	अहम् विजया
segment: सुहृद् पूर्वम्	सुहृत् पूर्वम्
segment: किन्त्वज्ञाननिवृत्तित्वमेव	किन्तु अज्ञाननिवृत्तित्वम् एव
segment: भोगान्नाश	भोगात् नाश
tag: सर्वे अस्ति ।	सर्वे|PRON अस्ति|VERB ।|SYM
segment: धृतराष्ट्रो गान्धारी	धृतराष्ट्रः गान्धारी
segment: काञ्चनपरिघमुद्यम्य	काञ्चनपरिघम् उद्यम्य
segment: प्रथमः---एष हि	प्रथमः---एषः हि
segment: किमतः	किम् अतः
segment: शोचन्तमार्यपुत्रं कुर्वन्तः	शोचन्तम् आर्यपुत्रम् कुर्वन्तः
segment: तत्त्वमित्यर्थः	तत्त्वम् इति अर्थः
segment: द्रष्टकामो रणातिथिः	द्रष्टकामः रणातिथिः
tag: सञ्जय वचनम् गायति ।	सञ्जय|NOUN वचनम्|NOUN गायति|VERB ।|SYM
segment: यो वचनगतसिद्धिमपि	यः वचनगतसिद्धिम् अपि
segment: अयं केशवः	अयम् केशवः
segment: रिपुमुद्धर्तुमुद्यन्तं मामयं	रिपुम् उद्धर्तुम् उद्यन्तम् माम् अयम्
tag: मूल्यवान् अयोध्या गायति ।	मूल्यवान्|ADJ अयोध्या|NOUN गायति|VERB ।|SYM
segment: नोचिता	न उचिता
segment: भृत्यो दुर्योधनाज्ञया	भृत्यः दुर्योधनाज्ञया
segment: राक्षसीगणपरिवृतोपविष्टा	राक्षसीगणपरिवृता उपविष्टा
tag: क्षिप्रः द्रौपदेयाः द्वेष्टि ।	क्षिप्रः|ADJ द्रौपदेयाः|NOUN द्वेष्टि|VERB ।|SYM
tag: का विमृशति ।	का|PRON विमृशति|VERB ।|SYM
tag: अस्माकम् हृदयम् निगच्छति ।	अस्माकम्|PRON हृदयम्|NOUN निगच्छति|VERB ।|SYM
segment: शरशतक्षेपैर्द्वितीयेऽर्जुने	शरशतक्षेपैः द्वितीये अर्जुने
segment: यावदहमपि	यावत् अहम् अपि
segment: एतद् आकर्ण्य	एतत् आकर्ण्य
tag: कस्मिंश्चित् वने व्याघ्रः नाम सिंहः वसति स्म । स च सर्वेषाम् पशूनाम् राजा आसीत् । तस्य च मन्त्री शृगालः आसीत् । स च राज्ञः सेवायाम् निरतः आसीत् ।	कस्मिंश्चित्|PRON वने|NOUN व्याघ्रः|NOUN नाम|NOUN सिंहः|NOUN वसति|VERB स्म|PART ।|SYM स|PRON च|CONJ सर्वेषाम्|PRON पशूनाम्|NOUN राजा|NOUN आसीत्|VERB ।|SYM तस्य|PRON च|CONJ मन्त्री|NOUN शृगालः|NOUN आसीत्|VERB ।|SYM स|PRON च|CONJ राज्ञः|NOUN सेवायाम्|NOUN निरतः|ADJ आसीत्|VERB ।|SYM
segment: नादेनैव	नादेन एव
segment: बाधेनेत्युपक्षणम्	बाधेन इति उपलक्षणम्
segment: विभीषणः---अधर्मश्च	विभीषणः---अधर्मः च
tag: सर्वेषाम् पाणिनिः प्रोक्तः ।	सर्वेषाम्|PRON पाणिनिः|NOUN प्रोक्तः|VERB ।|SYM
segment: राजान इति	राजानः इति
segment: चापच्युतैस्तीक्ष्णैर्बाणैराक्रान्तचेतसम्	चापच्युतैः तीक्ष्णैः बाणैः आक्रान्तचेतसम्
tag: वाजश्रवाः च पुरुजित् विनद्य ।	वाजश्रवाः|NOUN च|CONJ पुरुजित्|NOUN विनद्य|VERB ।|SYM
segment: पाण्डुसुता जयद्रथबलेनाक्रम्य	पाण्डुसुताः जयद्रथबलेन आक्रम्य
segment: त्वं युद्धार्थमागतः	त्वम् युद्धार्थम् आगतः
segment: द्रष्टव्या भवद्भ्यां	द्रष्टव्याः भवद्भ्याम्
segment: केवलं पुत्रसंक्षयकारकः	केवलम् पुत्रसंक्षयकारकः
segment: नमो भगवते	नमः भगवते
segment: त्वं	त्वम्
segment: शब्द इव	शब्दः इव
segment: भद्रासनारोपितोऽप्यम्बायाः	भद्रासनारोपितः अपि अम्बायाः
segment: निपतन्त्यसुराङ्गनानाम्	निपतन्ति असुराङ्गनानाम्
segment: बाधसत्प्रतिपक्षयोराह---यद्वेति	बाधसत्प्रतिपक्षयोः आह---यत् वा इति
segment: सोऽपि	सः अपि
segment: चान्यत्राप्रतिबन्धकत्वात्	च अन्यत्र अप्रतिबन्धकत्वात्
segment: दुःखिनस्तस्य	दुःखिनः तस्य
segment: नानात्वाङ्गीकारान्नानुपपत्तिरिति	नानात्वाङ्गीकारात् न अनुपपत्तिः इति
segment: सत्त्वेनैतस्याप्र-ख	सत्त्वेन एतस्य अप्र-ख
tag: मूलम् भवतु ।	मूलम्|NOUN भवतु|VERB ।|SYM
segment: दृढं वृत्तान्तं	दृढम् वृत्तान्तम्
segment: हनुमान्---एष महाराजः	हनुमान्---एषः महाराजः
segment: तत्कालीनो वा	तत्कालीनः वा
tag: अस्थि ब्रवीमि ।	अस्थि|NOUN ब्रवीमि|VERB ।|SYM
segment: त्वां बाष्परुद्धनयनाः	त्वाम् बाष्परुद्धनयनाः
segment: अप्राप्तकामा ज्वलनं	अप्राप्तकामाः ज्वलनम्
segment: प्रश्नस्तथोत्तरम्	प्रश्नः तथा उत्तरम्
tag: भीष्मम् क्षेत्रम् रक्ष्यते ।	भीष्मम्|NOUN क्षेत्रम्|NOUN रक्ष्यते|VERB ।|SYM
segment: स मानवः	सः मानवः
tag: अधीरः द्वारम् शृणोति ।	अधीरः|ADJ द्वारम्|NOUN शृणोति|VERB ।|SYM
segment: प्रसूतिं पितामहमाह	प्रसूतिम् पितामहम् आह
segment: अतोऽप्यधिकम्	अतः अपि अधिकम्
segment: स्वभावरुचिमानिव	स्वभावरुचिमान् इव
tag: ताः अयनेषु पठति ।	ताः|PRON अयनेषु|NOUN पठति|VERB ।|SYM
segment: कथं दायाद्यमिति	कथम् दायाद्यम् इति
segment: निग्रहस्थानान्तरत्वाभावाच्चेति	निग्रहस्थानान्तरत्वाभावात् च इति
segment: ह्यार्या	हि आर्या
segment: शरीरं दूरस्थापि	शरीरम् दूरस्थापि
segment: तं कर्तुं	तम् कर्तुम्
segment: एवञ्च	एवम् च
segment: मां द्रष्टुम्	माम् द्रष्टुम्
segment: अपीतत्वानुमितावपि	अपीतत्वानुमितौ अपि
segment: महेन्द्रादयोऽमृतभुजो भवन्तमभिवर्धयन्ति	महेन्द्रादयः अमृतभुजः भवन्तम् अभिवर्धयन्ति
segment: उक्तोऽहं भगवता	उक्तः अहम् भगवता
tag: विष्णुः नदी ब्रवीमि ।	विष्णुः|NOUN नदी|NOUN ब्रवीमि|VERB ।|SYM
segment: कश्चिद्गन्तुमिच्छेद्यमालयम्	कश्चित् गन्तुम् इच्छेत् यमालयम्
segment: भणिष्यामि--अद्यकालिकं च	भणिष्यामि--अद्यकालिकम् च
segment: क्वचिच्छङ्खाकीर्णः	क्वचित् शङ्खाकीर्णः
segment: तस्यैव	तस्य एव
segment: धैर्यं हि	धैर्यम् हि
segment: तवाधुना	तव अधुना
segment: कृत्यभावादिति	कृत्यभावात् इति
segment: सुरुचिरतरुषण्डं तोयदाभं	सुरुचिरतरुषण्डम् तोयदाभम्
tag: द्वारम् सर्वः कुर्वत ।	द्वारम्|NOUN सर्वः|ADJ कुर्वत|VERB ।|SYM
segment: शत्रोर्मे	शत्रोः मे
tag: एतानि निवेदयति ।	एतानि|PRON निवेदयति|VERB ।|SYM
segment: चितां न	चिताम् न
segment: एष भोः	एषः भोः
segment: चैकात्मसिद्धिमित्याचार्य	च एक आत्मसिद्धिम् इति आचार्य
segment: गजाश्च	गजाः च
segment: तद् गृहं	तत् गृहं
segment: त्वं मयाद्य	त्वम् मया अद्य
tag: पाण्डुपुत्राणाम् कथयति ।	पाण्डुपुत्राणाम्|NOUN कथयति|VERB ।|SYM
segment: सुहृद् अपृच्छत्	सुहृत् अपृच्छत्
segment: सोऽस्ति	सः अस्ति
segment: स कृष्णः	सः कृष्णः
tag: शास्त्राणाम् गरमः निरीक्षते ।	शास्त्राणाम्|NOUN गरमः|ADJ निरीक्षते|VERB ।|SYM
tag: महत् नरं विनद्य ।	महत्|ADJ नरं|NOUN विनद्य|VERB ।|SYM
segment: को नु	कः नु
segment: जगत्त्रयभीतिकृतोऽपि	जगत्त्रयभीतिकृतः अपि
tag: कन्याकुब्जा च शिष्येण पश्यति ।	कन्याकुब्जा|NOUN च|CONJ शिष्येण|NOUN पश्यति|VERB ।|SYM
segment: सर्वसिद्धत्वाच्च	सर्वसिद्धत्वात् च
segment: चैतदुद्भावनमिष्टमेव	च एतत् उद्भावनम् इष्टम् एव
segment: उतिष्ठोत्तिष्ठ	उतिष्ठ उत्तिष्ठ
segment: साध्यतदभावानुमित्यनुकूलव्यतिरेकव्याप्तिद्वयसहितपक्षधर्मताज्ञानविषयतयेत्यर्थः	साध्यतदभावानुमित्यनुकूलव्यतिरेकव्याप्तिद्वयसहितपक्षधर्मताज्ञानविषयतया इति अर्थः
segment: साध्यतदभावव्यापकग्रह इति	साध्यतदभावव्यापकग्रहः इति
segment: .शब्दवृत्तिमप्यविग्रहप्रति-क	.शब्दवृत्तिम् अपि विग्रहप्रति-क
segment: कुमारमङ्गदं प्रेक्षितुमागतोऽस्मि]	कुमारम् अङ्गदम् प्रेक्षितुम् आगतः अस्मि]
segment: व्यभिचारसंशयत्वेनैव	व्यभिचारसंशयत्वेन एव
segment: किं तर्कयति	किम् तर्कयति
segment: तावद् भोः	तावत् भोः
segment: दुःखीयतत्तत्+ध्वंसपरं वा	दुःखीयतत्त् ध्वंसपरम् वा
segment: किङ्कराणां सहस्रं	किङ्कराणाम् सहस्रम्
segment: यस्तथा	यः तथा
tag: ऋषिकेशः अकुशलः अस्ति ।	ऋषिकेशः|NOUN अकुशलः|ADJ अस्ति|VERB ।|SYM
segment: श्रूयन्तां मद्विभवाः	श्रूयन्ताम् मद्विभवाः
segment: किं कृतं	किम् कृतम्
tag: यः राज्ञः ब्रवीमि ।	यः|PRON राज्ञः|NOUN ब्रवीमि|VERB ।|SYM
tag: मूर्खः शिष्येण निगच्छति ।	मूर्खः|ADJ शिष्येण|NOUN निगच्छति|VERB ।|SYM
tag: उच्चैः अर्जुन रक्ष्यते ।	उच्चैः|ADV अर्जुन|NOUN रक्ष्यते|VERB ।|SYM
tag: तथैव महेशः खादति ।	तथैव|ADV महेशः|NOUN खादति|VERB ।|SYM
tag: तत्तत् हृदयम् दध्मौ ।	तत्तत्|PRON हृदयम्|NOUN दध्मौ|VERB ।|SYM
tag: जलम् अयनेषु खेलामः ।	जलम्|NOUN अयनेषु|NOUN खेलामः|VERB ।|SYM
tag: पितरौ च कामः शक्नोति ।	पितरौ|NOUN च|CONJ कामः|NOUN शक्नोति|VERB ।|SYM
segment: चेन्न	चेत् न
segment: सर्वकाराच्च	सर्वकारात् च
segment: शङ्कुकर्णः---ततस्तानभिद्रुतान्	शङ्कुकर्णः---ततः तान् अभिद्रुतान्
segment: नष्टं निशाचरकुलं	नष्टम् निशाचरकुलम्
tag: अस्माकम् अस्ति ।	अस्माकम्|PRON अस्ति|VERB ।|SYM
segment: सुमतिमाञ्जनः	सुमतिमान् जनः
segment: ब्रह्मातिरिक्तपारमार्थिक	ब्रह्म अतिरिक्तपारमार्थिक
segment: अनुमितिप्रतिबन्धकतावच्छेदकत्वाभिमतसत्प्रतिपक्षितत्वादेरभावादित्यत आह---दशेति	अनुमितिप्रतिबन्धकतावच्छेदकत्वाभिमतसत्प्रतिपक्षितत्वादेः अभावात् इत्यतः आह---दशेति
segment: निवेद्यतां तावत्	निवेद्यताम् तावत्
segment: अयं केशवः	अयम् केशवः
segment: पूर्वमासीर्हरीन्द्रः	पूर्वम् आसीः हरीन्द्रः
segment: नराधिपशतैर्वेगागतैः	नराधिपशतैः वेगागतैः
segment: तस्मादेष निरस्यताम्	तस्मात् एषः निरस्यताम्
segment: सुतस्ते	सुतः ते
segment: भावकल्पनापत्तेश्च	भावकल्पनापत्तेः च
segment: किमिदानीं करिष्ये	किम् इदानीम् करिष्ये
segment: शाब्दबाधापत्तेरिष्टत्वादिति	शाब्दबाधापत्तेः इष्टत्वात् इति
tag: भीष्माभिरक्षितम् आनन्दः सन्ति ।	भीष्माभिरक्षितम्|ADJ आनन्दः|NOUN सन्ति|VERB ।|SYM
segment: परं मनः	परम् मनः
segment: तच्छरीरास्वीकार	तत् शरीरास्वीकार
segment: परस्परजन्यतावच्छेदककोटावव्यवहितोत्तरत्वनिवेशे	परस्परजन्यतावच्छेदककोटौ अवव्यवहितोत्तरत्वनिवेशे
segment: महाकालो न	महाकालः न
segment: स शाम्यति	सः शाम्यति
tag: श्रेयः खेलामः ।	श्रेयः|NOUN खेलामः|VERB ।|SYM
segment: गुरवो भवन्तमभिवादयन्ति	गुरवः भवन्तम् अभिवादयन्ति
segment: कंसं प्रति	कंसम् प्रति
segment: तत्रैव	तत्र एव
segment: नीलः---यदाज्ञापयति	नीलः---यद् आज्ञापयति
segment: पुनर्ज्ञायते	पुनः ज्ञायते
segment: एवोक्तमाचार्यैरात्मतत्त्वविवेके	एव उक्तम् आचार्यैः आत्मतत्त्वविवेके
tag: वाल्मीकिः निगच्छति ।	वाल्मीकिः|NOUN निगच्छति|VERB ।|SYM
segment: एवञ्च	एवम् च
segment: नोक्तानुपपत्तिः	न उक्तानुपपत्तिः
segment: सामग्र्येश्वरान्यतरस्य	सामग्र्येश्वर अन्यतरस्य
segment: भवन्तं पृच्छामि	भवन्तम् पृच्छामि
segment: यच्चोक्तम्------तस्मादुभयव्यावृत्तत्व.ग्रहस्येत्यादि	यत् च उक्तम्------तस्मात् उभयव्यावृत्तत्वग्रहस्य इत्यादि
segment: कारणमिति	कारणम् इति
segment: कर्तुं स्मरन्ति	कर्तुम् स्मरन्ति
segment: सत्वान्न	सत्वात् न
segment: महद् बाणवर्षं	महत् बाणवर्षम्
segment: हेतुत्वाभिमानो हि	हेतुत्वाभिमानः हि
segment: भगवत्प्रसादादतीतः	भगवत्प्रसादाद् अतीतः
tag: एतस्याः देवं श्रावयामास ।	एतस्याः|PRON देवं|NOUN श्रावयामास|VERB ।|SYM
segment: निवेदयन्तीव	निवेदयन्ति इव
segment: त्वसाधारणस्येत्यत आह----व्यतिरेकीति	तु असाधारणस्य इत्यतः आह----व्यतिरेकी इति
segment: गिरं भगवतो	गिरम् भगवतः
segment: शंकास्पदमपि	शंकास्पदम् अपि
segment: धृतराष्ट्रः---कष्टं भो	धृतराष्ट्रः---कष्टम् भो
segment: निर्णयहेतुतैव	निर्णयहेतुत एव
segment: किमत्रावगन्तव्यम्	किम् अत्र अवगन्तव्यम्
segment: कार्यसामान्यं प्रति	कार्यसामान्यम् प्रति
segment: बहुनात्र	बहुना अत्र
segment: नानाकार्यसमुद्विग्नो	नानाकार्यसमुद्विग्नः
segment: क्वासौ	क्व असौ
tag: कालः उष्णः स्थापयति ।	कालः|NOUN उष्णः|ADJ स्थापयति|VERB ।|SYM
segment: कथं कथं	कथम् कथम्
segment: नात्र	न अत्र
segment: उपाधिसन्देहाद्यनाहितो यो	उपाधिसन्देहादि अनाहितः यः
segment: मृगमुद्दिश्य	मृगम् उद्दिश्य
tag: कापि विचारयति ।	कापि|PRON विचारयति|VERB ।|SYM
segment: कथं तस्य	कथम् तस्य
segment: रामेणेति	रामेण इति
segment: स्वस्यैव	स्वस्य एव
segment: एवास्य	एव अस्य
segment: तदिति	तत् इति
segment: किंचिदनुपपन्नम्	किंचित् अनुपपन्नम्
segment: (किंचिद् गत्वा)	(किंचित् गत्वा)
tag: द्रुपदः वाल्मीकिः प्रोक्तः ।	द्रुपदः|NOUN वाल्मीकिः|NOUN प्रोक्तः|VERB ।|SYM
tag: कामः दृश्यते ।	कामः|NOUN दृश्यते|VERB ।|SYM
segment: तथाविधातिरिक्त	तथाविध अतिरिक्त
segment: व्यापकसंशयस्यादोषत्वात्	व्यापकसंशयस्य अदोषत्वात्
segment: वस्तुतस्तु	वस्तुतः तु
segment: नृदेवं	नृदेवम्
tag: राज्यम् मन्त्री रक्ष्यते ।	राज्यम्|NOUN मन्त्री|NOUN रक्ष्यते|VERB ।|SYM
segment: अलमलं विषादेन	अलम् अलम् विषादेन
segment: वीरमन्येन	वीरम् अन्येन
segment: पार्थो वः	पार्थः वः
tag: सत्यम् च रामः चिन्तयति ।	सत्यम्|NOUN च|CONJ रामः|NOUN चिन्तयति|VERB ।|SYM
segment: प्रेक्षितुमागतोऽस्मि]	प्रेक्षितुम् आगतः अस्मि]
segment: चपलपलायनमनुचितमविरतममरसमराणि	चपलपलायनम् अनुचितम् अविरतम् अमरसमराणि
segment: कथमिव	कथम् इव
tag: एतस्याः मनुष्यः मन्यते ।	एतस्याः|PRON मनुष्यः|NOUN मन्यते|VERB ।|SYM
segment: किं करिष्यसि	किम् करिष्यसि
segment: तदानीमपि	तदानीम् अपि
segment: यत्कृतं कर्म	यत् कृतम् कर्म
segment: पाण्डवशिबिरमेव	पाण्डवशिबिरम् एव
segment: कोऽप्यन्तः	कोऽपि अन्तः
segment: हेत्वाभास. इति	हेत्वाभासः इति
segment: तथोक्त्यसंभवात्	तथा उक्ति असंभवात्
segment: ममापि	मम अपि
segment: विषयविशेषणीभूतमपि	विषयविशेषणीभूतम् अपि
segment: पौलस्त्योऽप्यपहृतपुष्पकोऽवसन्नो	पौलस्त्यः अपि अपहृतपुष्पकः अवसन्नः
segment: जनतेच्छति	जनता इच्छति
segment: अयं पाञ्चजन्यः	अयम् पाञ्चजन्यः
tag: अरावली अधमः कुर्वत ।	अरावली|NOUN अधमः|ADJ कुर्वत|VERB ।|SYM
tag: आम् वाजश्रवाः खेलामः ।	आम्|ADV वाजश्रवाः|NOUN खेलामः|VERB ।|SYM
segment: यद् आदिशत्	यत् आदिशत्
segment: कलहो यत्र	कलहः यत्र
segment: तस्मादागच्छ	तस्मात् आगच्छ
segment: समुदाचारो नावेक्षितः	समुदाचारः न अवेक्षितः
tag: नायकाः च द्रुपदपुत्रेण निरीक्षते ।	नायकाः|NOUN च|CONJ द्रुपदपुत्रेण|NOUN निरीक्षते|VERB ।|SYM
tag: एतस्य श्रुत्वा ।	एतस्य|PRON श्रुत्वा|VERB ।|SYM
segment: दारापहरणं कृतम्	दारापहरणम् कृतम्
segment: नेच्छति	न इच्छति
segment: स्वार्थानुमान इति	स्वार्थानुमाने इति
segment: स्वप्रकाशानन्दात्मकब्रह्मसत्वे	स्वप्रकाश आनन्दात्मकब्रह्मसत्वे
segment: कथं व्रजेत्	कथम् व्रजेत्
segment: कृपणो म्रियतां	कृपणः म्रियतां
segment: प्रत्येव	प्रति एव
segment: नानुमितिप्रतिबन्धकत्वमिति	न अनुमितिप्रतिबन्धकत्वम् इति
segment: भवन्त एव	भवन्तः एव
segment: नोपदर्शितविकल्पावसर	न उपदर्शितविकल्पावसर
segment: रणो महान्	रणः महान्
segment: तज़्ज्ञानं नैयायिकमते	तज़्ज्ञानम् नैयायिकमते
segment: प्रत्यैषवं वर्षमभिवर्षति	प्रति ऐषवम् वर्षम् अभिवर्षति
segment: किं प्रतिपन्नं	किम् प्रतिपन्नम्
segment: तत्त्वज्ञानहेतुतानुपपत्तिर्जागरूकैवेति	तत्त्वज्ञानहेतुतानुपपत्तिः जागरूक एव इति
segment: श्रोतव्यो जनार्दनस्य	श्रोतव्यः जनार्दनस्य
segment: .तत्सत्त्वे	.तत् सत्त्वे
segment: तदेतरत्रापि	तत् इतरत्र अपि
segment: शीघ्रं भवेत्	शीघ्रम् भवेत्
segment: कृतो रूपविपर्ययः	कृतः रूपविपर्ययः
segment: हनूमांश्च)	हनूमान् च)
segment: घटोत्कचः---एष भोः	घटोत्कचः---एषः भोः
segment: तत्सम्बन्धेन	तत् सम्बन्धेन
segment: संयुक्तसमवायरूपकारणबलान्नापत्तिरिति	संयुक्तसमवायरूपकारणबलात् न आपत्तिः इति
segment: श्रियमाप्नुहि	श्रियम् आप्नुहि
segment: शत्रुभवनं कौतूहलं	शत्रुभवनम् कौतूहलम्
segment: ममागमनं देवाय	मम् आगमनम् देवाय
segment: शिष्यं च	शिष्यम् च
segment: जीवितमप्रियम्	जीवितम् अप्रियम्
segment: असिद्धेर्न	असिद्धेः न
segment: महाराजो दुर्योधनः	महाराजः दुर्योधनः
segment: पृथुसानुकुञ्जगहना मेघोपमाः	पृथुसानुकुञ्जगहनाः मेघोपमाः
segment: मुक्तित्वं साधीय	मुक्तित्वम् साधीय
segment: तदागम्यताम्	तत् आगम्यताम्
segment: क्षत्रियाणामिति	क्षत्रियाणाम् इति
segment: एष महाराजः	एषः महाराजः
segment: तवापि	तव अपि
tag: हर्षम् अशक्तः मारयति ।	हर्षम्|NOUN अशक्तः|ADJ मारयति|VERB ।|SYM
segment: गतिर्मुक्तितत्त्वज्ञान	गतिः मुक्तितत्त्वज्ञान
tag: आचार्यम् अतिशीतः निरीक्षते ।	आचार्यम्|NOUN अतिशीतः|ADJ निरीक्षते|VERB ।|SYM
segment: धृतराष्ट्रः---यदाज्ञापयति	धृतराष्ट्रः---यत् आज्ञापयति
tag: चन्द्रः लघुः चिन्तयति ।	चन्द्रः|NOUN लघुः|ADJ चिन्तयति|VERB ।|SYM
segment: हरिहराविव	हरिहरौ इव
segment: लङ्कामभ्येतुं वायुपुत्रेण	लङ्काम् अभ्येतुम् वायुपुत्रेण
segment: शान्तिस्तथा	शान्तः तथा
segment: कुत्रापि	कुत्र अपि
segment: खल्वमङ्गलं भण	खलु अमङ्गलम् भण
segment: मां दृष्ट्वा	माम् दृष्ट्वा
segment: मां च	माम् च
segment: एष खलु	एषः खलु
segment: अलं वो	अलम् वः
segment: खरांशोरपहसिततनुः	खरांशोः अपहसिततनुः
segment: कल्पनीयं लाघवात्	कल्पनीयम् लाघवात्
segment: शुद्धब्रह्मविषयकमेव	शुद्धब्रह्मविषयकम् एव
segment: पत्त्यभावादिति	पत्त्यभावात् इति
segment: अपराधमनुद्दिश्य	अपराधम् अनुद्दिश्य
segment: विभूषणमणिद्युतिरञ्जिताङ्गो	विभूषणमणिद्युतिरञ्जिताङ्गः
tag: कार्यं स्वादुः दध्मौ ।	कार्यं|NOUN स्वादुः|ADJ दध्मौ|VERB ।|SYM
segment: तत्रैव	तत्र एव
segment: ग्रन्थो व्याख्येय	ग्रन्थः व्याख्येयः
segment: शल्यः---ततस्ततः	शल्यः---ततः ततः
segment: कैरातरूपं हरम्	कैरातरूपम् हरम्
segment: प्रविशत्यग्निः	प्रविशति अग्निः
tag: महेशः सत्यम् प्रोक्तः ।	महेशः|NOUN सत्यम्|NOUN प्रोक्तः|VERB ।|SYM
segment: मिथस्तैर्विहितां	मिथः तैः विहितां
segment: स्त्वामुद्वहामीति	त्वाम् उद्वहामि इति
segment: नापि	न अपि
segment: किंकृतोऽयं समुद्योगः	किंकृतः अयम् समुद्योगः
segment: किं नु	किम् नु
segment: लक्ष्मणः---यदाज्ञापयत्यार्यः	लक्ष्मणः---यद् आज्ञापयति आर्यः
segment: रामः--कथं कथं	रामः--कथम् कथम्
segment: स्थिरतां विरोधः	स्थिरताम् विरोधः
segment: पुरुषान्तरस्यापि	पुरुषान्तरस्य अपि
tag: हनुमान् बभूव ।	हनुमान्|NOUN बभूव|VERB ।|SYM
segment: एवेति	एव इति
segment: कुलप्रवालं परिगृह्यतां	कुलप्रवालम् परिगृह्यताम्
segment: चन्द्र इव	चन्द्रः इव
segment: श्रवणमननादिप्रयोज्यमोक्षजनकब्रह्मज्ञानाभावो ब्रह्मनिर्विकल्पकाभावो	श्रवणमननादिप्रयोज्यमोक्षजनकब्रह्मज्ञानाभावः ब्रह्मनिर्विकल्पकाभावः
segment: कार्यत्वं तत्साध्यता	कार्यत्वम् तत् साध्यता
segment: निर्जघानेति	निर्जघान इति
segment: तद्विश्वासो न	तद्विश्वासः न
segment: .तच्च	.तत् च
tag: कार्यं च कन्याकुब्जा पश्यति ।	कार्यं|NOUN च|CONJ कन्याकुब्जा|NOUN पश्यति|VERB ।|SYM
segment: बहिर्निःसृत्य	बहिः निःसृत्य
segment: मनस्येषां सुतोत्सादनात्	मनसि एषाम् सुतोत्सादनात्
segment: तत्रासीत्	तत्र आसीत्
segment: रामः---राक्षस इति	रामः---राक्षसः इति
segment: नैव	न एव
segment: हरिकरधृतमध्यं शत्रुसङ्घैककालः	हरिकरधृतमध्यम् शत्रुसङ्घैककालः
segment: किमथ	किम् अथ
tag: रक्षायाम् द्वेष्टि ।	रक्षायाम्|NOUN द्वेष्टि|VERB ।|SYM
tag: तत्तत् कुर्वत ।	तत्तत्|PRON कुर्वत|VERB ।|SYM
segment: .तद्विशेषत्वमेवेति-ख	.तद्विशेषत्वम् एव इति-ख
tag: या मातृ भवतु ।	या|PRON मातृ|NOUN भवतु|VERB ।|SYM
segment: कुर्वंस्तेजसा	कुर्वंन् तेजसा
tag: अप्रशस्तः सत्यम् विमृशति ।	अप्रशस्तः|ADJ सत्यम्|NOUN विमृशति|VERB ।|SYM
segment: सारो भगवदाश्रयः	सारः भगवदाश्रयः
segment: प्रीतोऽस्मि	प्रीतः अस्मि
segment: तदसंग्रहापत्तेः	तत् असंग्रहापत्तेः
segment: प्राप्तस्येदानीमपि	प्राप्तस्येदानीम् अपि
segment: .नानुमि-क	.न अनुमि-क
segment: गोलकाद्यभावेन	गोलकादि अभावेन
segment: ज्ञानरूपसम्बन्धमादाय	ज्ञानरूपसम्बन्धम् आदाय
segment: सीतेयं जलसम्भवालयरता	सीता इयम् जलसम्भवालयरता
segment: पुरन्दरेणानुगृहीतोऽसि	पुरन्दरेण अनुगृहीतः असि
segment: नीलः---यदाज्ञापयति	नीलः---यद् आज्ञापयति
segment: साक्षत्कारस्यैव	साक्षत्कारस्य एव
segment: कारणत्वासंभवेनाज्ञाननाशात्	कारणत्व असंभवेन अज्ञाननाशात्
segment: इत्यादिवाक्येभ्य	इति आदिवाक्येभ्य
segment: मानाभावादिति	मानाभावात् इति
segment: मवनतमिव	अवनतम् इव
segment: प्रारब्धकर्मणां भोगान्नाशे	प्रारब्धकर्मणाम् भोगात् नाशे
tag: सूर्यः च द्रौपदेयाः ताडयति ।	सूर्यः|NOUN च|CONJ द्रौपदेयाः|NOUN ताडयति|VERB ।|SYM
segment: तच्च	तत् च
segment: वचनाद् रथमारूढवान्	वचनात् रथम् आरूढवान्
segment: नित्यसुखविषयकसाक्षातकारो नित्यसुखविषयक	नित्यसुखविषयकसाक्षातकारः नित्यसुखविषयक
segment: पाण्डवानां	पाण्डवानाम्
segment: शार्ङ्गं प्राप्तम्	शार्ङ्गम् प्राप्तम्
segment: ...अपरो ग्रन्थः-क	...अपरः ग्रन्थः-क
segment: पणोऽत्र	पणः अत्र
segment: यान्तो ममैते	यान्तः मम एते
tag: तं कमरबन्दः समीक्षते ।	तं|PRON कमरबन्दः|NOUN समीक्षते|VERB ।|SYM
segment: निरवच्छिन्नत्वज्ञानत्वयोर्विशेष्यविशेषणभावे	निरवच्छिन्नत्वज्ञानत्वयोः विशेष्यविशेषणभावे
tag: कामः च अर्थः घोषयति ।	कामः|NOUN च|CONJ अर्थः|NOUN घोषयति|VERB ।|SYM
segment: कथं कथं	कथम् कथम्
segment: सरसिजवनमालेवातपे	सरसिजवनमाला इव आतपे
segment: मद्वचनाल्लङ्केश्वरो भव	मद्वचनात् लङ्केश्वरः भव
segment: जयद्रथो निमित्तभूतः	जयद्रथः निमित्तभूतः
segment: ततस्तर्हि	ततः तर्हि
segment: एनमशोकपादपमारुह्य	एनम् अशोकपादपम् आरुह्य
segment: निष्प्राणो न	निष्प्राणः न
segment: पततीव	पतति इव
segment: वीरशिवाजितुल्यास्ते	वीरशिवाजितुल्याः ते
segment: मगधेश्वरेऽथ	मगधेश्वरे अथ
segment: कथं पराङ्मुखः	कथम् पराङ्मुखः
segment: जन्यत्वकल्पनप्रसक्तिरपि	जन्यत्वकल्पनप्रसक्तिः अपि
segment: श्रुतेरिति	श्रुतेः इति
segment: चात्मनि	च आत्मनि
tag: प्रातः घोड़ा ददति ।	प्रातः|ADV घोड़ा|NOUN ददति|VERB ।|SYM
segment: मुक्तिं प्रति	मुक्तिम् प्रति
segment: विशेषणतोभयसंबंधेन	विशेषणत उभयसंबंधेन
segment: हेममालिनं वालिनं	हेममालिनम् वालिनम्
segment: यत्तु	यत् तु
segment: माऽधुना	मा अधुना
segment: उन्मूलितोऽस्य	उन्मूलितः अस्य
tag: एकम् च वाजश्रवाः शिक्षते ।	एकम्|NOUN च|CONJ वाजश्रवाः|NOUN शिक्षते|VERB ।|SYM
tag: अयोध्या क्षिप्रः खादति ।	अयोध्या|NOUN क्षिप्रः|ADJ खादति|VERB ।|SYM
tag: व्यापारी पठति ।	व्यापारी|NOUN पठति|VERB ।|SYM
segment: तत्कल्पनात्	तत् कल्पनात्
segment: मदनवशगतो महानयार्थं	मदनवशगतः महानयार्थं
segment: प्राप्तोऽस्मि	प्राप्तः अस्मि
segment: अभाष्यस्त्वम्	अभाष्यः त्वम्
segment: सामानाधिकरण्यरूपं तत्र	सामानाधिकरण्यरूपम् तत्र
tag: शब्दः भीष्माभिरक्षितम् निवेदयति ।	शब्दः|NOUN भीष्माभिरक्षितम्|ADJ निवेदयति|VERB ।|SYM
segment: उपाधिवद्धेत्वाभासत्वं	उपाधिवत् हेत्वाभासत्वं
segment: तज्ज्ञानस्यानुमित्यप्रतिबन्धकत्वान्न	तत् ज्ञानस्य अनुमित्यप्रतिबन्धकत्वात् न
segment: सुरासुराणां परिखेदलब्धं	सुरासुराणाम् परिखेदलब्धम्
segment: ज्ञानं प्रति	ज्ञानम् प्रति
tag: व्यूढाम् अर्थः बोधयति ।	व्यूढाम्|ADJ अर्थः|NOUN बोधयति|VERB ।|SYM
segment: तत्त्वज्ञानोत्पत्त्या	तत्त्वज्ञान उत्पत्त्या
segment: कार्यकारणभावोपि	कार्यकारणभावः अपि
segment: नरपतिं	नरपतिम्
segment: शाब्दबोधेपरोक्षत्वस्वीकारे	शाब्दबोधे अपरोक्षत्वस्वीकारे
segment: किं नु	किम् नु
segment: किमिदानीं करिष्ये	किम् इदानीम् करिष्ये
segment: ज्ञायतां वृत्तान्तः	ज्ञायताम् वृत्तान्तः
segment: तदतिव्यापकत्वापत्तेः	तत् अतिव्यापकत्वापत्तेः
segment: तद् अस्मिन्	तत् अस्मिन्
segment: प्रदीयतां राघवधर्मपत्नी	प्रदीयताम् राघवधर्मपत्नी
tag: शङ्खम् बोधयति ।	शङ्खम्|NOUN बोधयति|VERB ।|SYM
segment: त्वमभ्यन्तरम्	त्वम् अभ्यन्तरम्
segment: दुःखप्रागभावस्वरूपो वा	तादृशदुःखप्रागभावसंबंधः दुःखप्रागभावस्वरूपः
tag: वृद्धः कालवित् भाषते ।	वृद्धः|ADJ कालवित्|NOUN भाषते|VERB ।|SYM
segment: विद्यामानतादृशायामपि	विद्यामानतादृशायाम् अपि
tag: उच्चैः अन्यायः आगच्छति ।	उच्चैः|ADV अन्यायः|NOUN आगच्छति|VERB ।|SYM
segment: पत्नीं स्पृशन्ति	पत्नीम् स्पृशन्ति
segment: मन्दस्तन्मन्यते	मन्दः तत् मन्यते
segment: मुक्तिं प्रति	मुक्तिम् प्रति
segment: जातिरिति	जातिः इति
segment: एतामवस्थां प्रापितो	एताम् अवस्थाम् प्रापितः
tag: आम् हर्षम् निगच्छति ।	आम्|ADV हर्षम्|NOUN निगच्छति|VERB ।|SYM
segment: भगवांश्चक्रायुधः	भगवान् चक्रायुधः
segment: हनूमान्---यदाज्ञापयति	हनूमान्---यद् आज्ञापयति
tag: रामः कृशः जानाति ।	रामः|NOUN कृशः|ADJ जानाति|VERB ।|SYM
segment: सुखमार्यस्य]	सुखम् आर्यस्य]
segment: दुर्योधनः---इदानीं प्रसन्नोऽस्मि	दुर्योधनः---इदानीम् प्रसन्नः अस्मि
segment: धृतराष्ट्रः---(आसनादुत्थाय)	धृतराष्ट्रः---(आसनात् उत्थाय)
segment: क्षन्तुमर्हसि	क्षन्तुम् अर्हसि
segment: रक्षोवधार्थं युधि	रक्षोवधार्थम् युधि
segment: जातिस्तद्व्याप्यविरूद्धभेदेनापि	जातिः तद्व्याप्यविरूद्धभेदेन अपि
segment: वध्यत्वाच्च	वध्यत्वात् च
segment: निर्वहतीति	निर्वहति इति
tag: वचनम् च हृदयम् शिक्षयति ।	वचनम्|NOUN च|CONJ हृदयम्|NOUN शिक्षयति|VERB ।|SYM
segment: महद् दुःखं	महत् दुःखम्
segment: दण्डमाज्ञापयतु	दण्डम् आज्ञापयतु
tag: जलम् समीक्षते ।	जलम्|NOUN समीक्षते|VERB ।|SYM
segment: ततो जनाः	ततः जनाः
segment: खल्विदम्	खलु इदम्
segment: सीताया वृत्तान्तः	सीतायाः वृत्तान्तः
segment: प्रतिहतवीचिरवं करोमि	प्रतिहतवीचिरवम् करोमि
segment: स च	सः च
segment: समुत्पन्नो राधेय	समुत्पन्नः राधेयः
segment: लक्ष्मणः---जयत्वार्यः	लक्ष्मणः---जयतु आर्यः
segment: किं गूहसे	किम् गूहसे
segment: नैव	न एव
segment: तद् दलं	तत् दलं
segment: धृतराष्ट्रः---अनुगृहीतोऽस्मि	धृतराष्ट्रः---अनुगृहीतः अस्मि
segment: दीयतामिति	दीयताम् इति
segment: नासम्भवः	न असम्भवः
segment: पितृतां कथं	पितृताम् कथम्
segment: .असाधारणेनान्वयि-ख	.असाधारणेन अन्वयि-ख
segment: रघुवरभुजवेगविप्रमुक्तं	रघुवरभुजवेगविप्रमुक्तम्
segment: आरुह्यागेन्द्रं सद्विपेन्द्रं	आरुह्य अगेन्द्रम् सद्विपेन्द्रं
segment: इत इतः	इतः इतः
tag: जीवानाम् कार्यालयः ब्रवीमि ।	जीवानाम्|NOUN कार्यालयः|NOUN ब्रवीमि|VERB ।|SYM
tag: घोड़ा युद्धविशारदाः करोति ।	घोड़ा|NOUN युद्धविशारदाः|ADJ करोति|VERB ।|SYM
segment: विचित्रवीर्यो विषयी	विचित्रवीर्यः विषयी
segment: सामर्थ्यं पश्यामि	सामर्थ्यम् पश्यामि
tag: स शास्त्राणाम् बुभूषति ।	स|PRON शास्त्राणाम्|NOUN बुभूषति|VERB ।|SYM
segment: रामो लक्ष्मणः	रामः लक्ष्मणः
segment: किं प्रायश्चित्तम्	किम् प्रायश्चित्तम्
segment: नाहं क्षत्रिय	न अहम् क्षत्रियः
segment: सुतं ते	सुतम् ते
segment: तवाद्य	तव अद्य
segment: तमेतं '	तम् एतम् '
segment: स्वेनोपदेशेन	स्वेन उपदेशेन
segment: गोपालकस्तव	गोपालकः तव
segment: लिम्पतीव	लिम्पति इव
segment: प्रतिज्ञार्णवं	प्रतिज्ञार्णवम्
segment: एतदासनमास्यताम्	एतत् आसनम् आस्यताम्
segment: मातुर्वचनेन	मातुः वचनेन
segment: रावणः---किं श्रुतेन	रावणः---किम् श्रुतेन
segment: मतिं कृत्वाप्यासीनोऽस्मि	मतिम् कृत्वा अपि आसीनः अस्मि
segment: अयं भगवान्	अयम् भगवान्
tag: व्यूढाम् रक्षकाः दृश्यते ।	व्यूढाम्|ADJ रक्षकाः|NOUN दृश्यते|VERB ।|SYM
segment: सुदर्शनः---अनुगृहीतोऽस्मि	सुदर्शनः---अनुगृहीतः अस्मि
segment: त एव	ते एव
tag: मार्गः कामयते ।	मार्गः|NOUN कामयते|VERB ।|SYM
segment: तदुभयोः	तत् उभयोः
segment: इतस्तावत्	इतः तावत्
segment: प्रमाणसद्भावेपि	प्रमाणसद्भावे अपि
segment: पार्थिवपार्थिवस्तव	पार्थिवपार्थिवः तव
segment: कथं न	कथम् न
segment: स कितवं	सः कितवः
segment: नोभयव्याप्तिग्रहसामग्रीत्वम्	न उभयव्याप्तिग्रहसामग्रीत्वम्
segment: शिवो वा	शिवः वा
segment: देवात्मजैर्मनुष्याणां कथं	देवात्मजैः मनुष्याणाम् कथम्
segment: वर्षमभिवर्षति	वर्षम् अभिवर्षति
segment: शल्यः---ततस्ततः	शल्यः---ततः ततः
segment: एवमेका	एवम् एका
segment: विदित्वातिमृत्युमिति	विदित्वातिमृत्युम् इति
segment: एष वाली	एषः वाली
segment: हीयमानं शरीरं	हीयमानम् शरीरम्
tag: चन्द्रः ऋषीणाम् अवलोकयति ।	चन्द्रः|NOUN ऋषीणाम्|NOUN अवलोकयति|VERB ।|SYM
segment: .तज्ज्ञानं-क	.तत् ज्ञानं-क
segment: अयोग्यताज्ञानमात्रस्यैव	अयोग्यताज्ञानमात्रस्य एव
segment: यो गाधिपुत्रमखविघ्नकराभिहन्ता	यः गाधिपुत्रमखविघ्नकराभिहन्ता
segment: वृद्धं भीष्मं	वृद्धम् भीष्मम्
segment: वानरैर्नैरृतेषु	वानरैः नैरृतेषु
tag: पिता कालः बभूव ।	पिता|NOUN कालः|NOUN बभूव|VERB ।|SYM
segment: कथं भो	कथम् भो
segment: इत्यपि	इति अपि
segment: शब्दत्वाभाव इति	शब्दत्वाभावः इति
segment: तत्परयैवा.परोऽपि	तत्परया एव.परः अपि
segment: बलेनाभिहत्य	बलेन अभिहत्य
segment: नाद्यः	न आद्यः
segment: नन्वत्र	ननु अत्र
segment: शरणागत इति	शरणागतः इति
segment: ...संशयस्यापि-ख	...संशयस्य अपि-ख
tag: त्वया सञ्जय सन्ति ।	त्वया|PRON सञ्जय|NOUN सन्ति|VERB ।|SYM
segment: पाद्यं च	पाद्यम् च
segment: पुरूषार्थत्वाङ्गीकारात्	दुःखजनकाभावस्य अपि
segment: तत्करणीभूतशरीरमनोयोगादेः	तत् करणीभूतशरीरमनोयोगादेः
tag: शिष्यः भवति ।	शिष्यः|NOUN भवति|VERB ।|SYM
segment: पुनर्मोक्षमाज्ञापयत्वार्यः	पुनः मोक्षम् आज्ञापयतु आर्यः
segment: अपायाच्च	अपायात् च
segment: ब्रह्मज्ञानात्यन्ताभाव	ब्रह्मज्ञान अत्यन्ताभाव
tag: शीतः ब्रह्मा जल्पति ।	शीतः|ADJ ब्रह्मा|NOUN जल्पति|VERB ।|SYM
segment: लक्ष्मणः---प्रसीदत्वार्यः	लक्ष्मणः---प्रसीदतु आर्यः
segment: चरमत्वस्यैक्येनैकं (कां)	चरमत्वस्य ऐक्येन एकम् (काम् )
segment: स्वार्थाद् विज्ञाप्यते	स्वार्थात् विज्ञाप्यते
segment: चात्र	च अत्र
segment: आवश्यकत्वादीश्वरात्मप्रत्यक्षं प्रति	आवश्यकत्वादीश्वरात्मप्रत्यक्षम् प्रति
segment: तदेतत्	तत् एतत्
tag: शास्त्राणाम् कुर्ता युध्यति ।	शास्त्राणाम्|NOUN कुर्ता|NOUN युध्यति|VERB ।|SYM
segment: .तत्समर्थत्वाकल्पनात्-	.तत् समर्थत्वाकल्पनात्-
segment: प्रसन्नहृदय आर्यपुत्रो	प्रसन्नहृदयः आर्यपुत्रः
segment: योऽङ्के	यः अङ्के
tag: चन्द्रः जल्पति ।	चन्द्रः|NOUN जल्पति|VERB ।|SYM
segment: आत्मत्वाभावसंपत्यर्थं तत्त्वज्ञानसामग्र्याः	आत्मत्व अभावसंपत्यर्थम् तत्त्वज्ञानसामग्र्याः
segment: असिद्धेश्च-ख	असिद्धेः च-ख
segment: परस्परं विशेषणविशेष्यभावे	परस्परम् विशेषणविशेष्यभावे
segment: तद्वदेव	तद्वत् एव
segment: यो वेत्ति	यः वेत्ति
segment: तत्र	स्वसामान्याधि(धी)न आत्यन्तिकतया
segment: मह्यमीषन्मनोज्वरः	मह्यम् ईषत् मनोज्वरः
tag: देवाः सभा घोषयति ।	देवाः|NOUN सभा|NOUN घोषयति|VERB ।|SYM
segment: जिता येन	जिताः येन
segment: करणासत्वेग्रिमक्षणे	करणासत्वे अग्रिमक्षणे
segment: मोक्षजनकीभूतज्ञानविषय	इति अर्थस्यः उपदर्शितश्रुत्या
segment: तथेति	तथा इति
tag: कर्णः समीक्षते ।	कर्णः|NOUN समीक्षते|VERB ।|SYM
segment: एकव्यक्तिराश्रयरूपा	एकव्यक्तिः आश्रयरूपा
segment: त्वं चित्रसेनेन	त्वम् चित्रसेनेन
segment: (परिक्रम्याग्रतो विलोक्य)	(परिक्रम्य अग्रतः विलोक्य)
segment: अयमस्मि	अयम् अस्मि
tag: वीर्यवान् सञ्जय गायति ।	वीर्यवान्|ADJ सञ्जय|NOUN गायति|VERB ।|SYM
segment: जीवनयोनियन्त्रवत्तादृश	जीवनयोनियन्त्रवत् तादृश
segment: शासनं यस्य	शासनम् यस्य
segment: हन्यतामयं वानरः	हन्यताम् अयम् वानरः
segment: पुनस्तत्त्वज्ञाननिष्ठ	पुनः तत्त्वज्ञाननिष्ठ
tag: पश्य एताम् पाण्डुपुत्राणाम् आचार्य महतीम् चमूम् । व्यूढाम् द्रुपदपुत्रेण तव शिष्येण धीमता ॥	पश्य|VERB एताम्|PRON पाण्डुपुत्राणाम्|NOUN आचार्य|NOUN महतीम्|ADJ चमूम्|NOUN ।|SYM व्यूढाम्|ADJ द्रुपदपुत्रेण|NOUN तव|PRON शिष्येण|NOUN धीमता|ADJ ॥|SYM
segment: कुन्त्यां समुत्पन्नो	कुन्त्याम् समुत्पन्नः
segment: श्रुतिप्रतिपादितमुक्तीश्वरात्म	श्रुतिप्रतिपादितमुक्ति ईश्वर आत्म
tag: का कर्म प्रोक्तः ।	का|PRON कर्म|NOUN प्रोक्तः|VERB ।|SYM
segment: खल्वेष जीवन्तीमादाय	खलु एषः जीवन्तीम् आदाय
segment: उद्धूतरोषमिव	उद्धूतरोषम् इव
tag: कार्यान्तरे आनन्दः विनद्य ।	कार्यान्तरे|NOUN आनन्दः|NOUN विनद्य|VERB ।|SYM
segment: सुखस्यासंभवतया	सुखस्य असंभवतया
segment: यक्तुं चैतत्	वक्तुम् च एतत्
segment: स्वरूपमित्यर्थः	स्वरूपम् इति अर्थः
segment: तद् अहम्	तत् अहम्
tag: एकः गंगा वदति ।	एकः|ADJ गंगा|NOUN वदति|VERB ।|SYM
segment: भवतां प्रभुः	भवताम् प्रभुः
segment: साध्यवदन्यवृत्तित्वज्ञानस्यावश्यं	साध्यवत् अन्यवृत्तित्वज्ञानस्य अवश्यं
segment: नान्त्यः-ख	न अन्त्यः-ख
segment: वयमपि	वयम् अपि
segment: निहितबाणस्त्वामतिक्रम्य	निहितबाणः त्वाम् अतिक्रम्य
segment: नास्ति	न अस्ति
segment: प्रसादाद्	प्रसादात्
segment: सर्वं दृष्टमिदं	सर्वम् दृष्टम् इदम्
segment: मुष्टिबन्धैर्दन्तैर्नखैर्जानुभिरुग्रनादैः	मुष्टिबन्धैः दन्तैः नखैः जानुभिः उग्रनादैः
tag: शिक्षायाम् पिता बुभूषति ।	शिक्षायाम्|NOUN पिता|NOUN बुभूषति|VERB ।|SYM
segment: ...सामान्याभावस्याविवक्षायाम्--ख	...सामान्याभावस्य अविवक्षायाम्--ख
segment: मल्लानपि	मल्लान् अपि
segment: एवं ब्रह्मवधजन्यतावच्छेदक	एवम् ब्रह्मवधजन्यतावच्छेदक
segment: भवन्तमभिवर्धयन्ति	भवन्तम् अभिवर्धयन्ति
segment: समरेऽग्रगण्यः	समरे अग्रगण्यः
segment: राजंस्त्वत्कारणादेव	राजन् त्वत्कारणात् एव
segment: वेदोच्चारणसमये	वेद उच्चारणसमये
segment: शरीराजन्यत्वादित्यादिना	शरीराजन्यत्वात् इति आदिना
segment: मुक्तित्वरूपत्वस्यापि	मुक्तित्वरूपत्वस्य अपि
segment: शरवरपरिपीततीव्रबाणं	शरवरपरिपीततीव्रबाणम्
segment: यो	यः
segment: कथं कर्मकाल	कथम् कर्मकालः
segment: तदपेक्षितमित्यङ्गीकारात्	तदपेक्षितम् इति अङ्गीकारात्
segment: शक्तिरियं प्रतिगृह्यताम्	शक्तिः इयम् प्रतिगृह्यताम्
segment: पश्येतां भवन्तौ	पश्येताम् भवन्तौ
segment: नेतुमागतः	नेतुम् आगतः
segment: सहस्रं बलमाज्ञापय	सहस्रम् बलम् आज्ञापय
tag: नरं यज्ञः दर्शयति ।	नरं|NOUN यज्ञः|NOUN दर्शयति|VERB ।|SYM
segment: एष गान्धारराजः	एषः गान्धारराजः
segment: भवेद् भूरि	भवेत् भूरि
segment: इहोपलप्स्यति	इह उपलप्स्यति
segment: मामवगच्छेत्	माम् अवगच्छेत्
tag: कामः सम्पन्नः निन्दति ।	कामः|NOUN सम्पन्नः|ADJ निन्दति|VERB ।|SYM
segment: अनुभवन्त्वचिरादमृताशिनः	अनुभवन्तु अचिरात् अमृताशिनः
segment: निवेद्यतां निवेद्यताम्	निवेद्यताम् निवेद्यताम्
segment: ज्येष्ठा लभ्याः	ज्येष्ठाः लभ्याः
tag: कर्म उवाच ।	कर्म|NOUN उवाच|VERB ।|SYM
segment: योधस्यन्दनवाजिवारणवधैर्विक्षोभ्य	योधस्यन्दनवाजिवारणवधैः विक्षोभ्य
segment: नरपतिधर्ममास्थितेन	नरपतिधर्मम् आस्थितेन
segment: राममुपगम्य	रामम् उपगम्य
segment: मत्कार्मुकोदरविनिःसृतबाणजालै-	मत्कार्मुकोदरविनिःसृतबाणजालैः
segment: रामः---यदाज्ञापयति	रामः---यद् आज्ञापयति
segment: नापमानयेत्	न आपमानयेत्
segment: ग्रामाद् बहिः	ग्रामात् बहिः
tag: सेवायाम् पिता पिबति ।	सेवायाम्|NOUN पिता|NOUN पिबति|VERB ।|SYM
segment: दुष्टान्तपक्षसाधारणस्वत्वस्यैकस्याभावात्	दुष्टान्तपक्षसाधारणस्वत्वस्य एकस्य अभावात्
segment: तस्याप्रयोजकत्वादिति	तस्य अप्रयोजकत्वात् इति
tag: पाण्डवाश्च च वेदः प्रहरति ।	पाण्डवाश्च|NOUN च|CONJ वेदः|NOUN प्रहरति|VERB ।|SYM
segment: कुमारोऽभिमन्युः	कुमारः अभिमन्युः
segment: सामान्यस्यापि	सामान्यस्य अपि
segment: शासनं	शासनम्
segment: मयाद्य	मया अद्य
segment: पुष्पफलाढ्यपादपयुतं चित्रं	पुष्पफलाढ्यपादपयुतम् चित्रम्
segment: राक्षसकाञ्चुकीयः---क इह	राक्षसकाञ्चुकीयः---कः इह
segment: प्रत्यपि	प्रति अपि
segment: चात्र	च अत्र
segment: पक्षीयव्यभिचारसन्देहत्वेनाप्रतिबन्धकत्वात्	पक्षीयव्यभिचारसन्देहत्वेन अप्रतिबन्धकत्वात्
segment: विधानुभवस्यासंभवात्	विध अनुभवस्य असंभवात्
segment: आहूयतां स	आहूयताम् सः
segment: राक्षसैर्वानरेषु	राक्षसैः वानरेषु
segment: रामायणमधीत्यापि	रामायणं अधीत्य अपि
tag: इन्जिनियरः चपलः सूचयति ।	इन्जिनियरः|NOUN चपलः|ADJ सूचयति|VERB ।|SYM
segment: चेन्न	चेत् न
segment: प्रबन्धको नेदृक्	प्रबन्धकः न ईदृक्
segment: स्वरूपासिद्धिवारकत्वेनैव	स्वरूपासिद्धिवारकत्वेन एव
tag: ज्ञानम् कर्णः नमस्कृत्य ।	ज्ञानम्|NOUN कर्णः|NOUN नमस्कृत्य|VERB ।|SYM
segment: वयं हिमवतः	वयम् हिमवतः
segment: धूम इति	धूमः इति
segment: तस्माद् गृह्यताम्	तस्मात् गृह्यताम्
segment: भक्षका यत्र	भक्षकाः यत्र
segment: प्रतिबन्धकत्वमेव	प्रतिबन्धकत्वम् एव
segment: मूलयुक्तेरनुमिति	मूलयुक्तेः अनमिति
segment: संवृत्त इति	संवृत्तः इति
segment: मन्युर्मे	मन्युः मे
segment: मध्यमे	मध्यम ए
segment: कृतं त्रिदशैरिदमप्रियम्	कृतम् त्रिदशैः इदम् अप्रियम्
segment: मतेपि	मते अपि
segment: नाशक्यमस्ति	न अशक्यम् अस्ति
segment: तद् भवति	तत् भवति
segment: एवाहुः	एव आहुः
segment: राजगुणोपेतो भूमिमेकः	राजगुणोपेतः भूमिम् एकः
segment: ध्वंसत्वमपि	ध्वंसत्वम् अपि
segment: वेदातन्तिनस्तु	वेदातन्तिनः तु
segment: सम्भूतो ज्वलतो	सम्भूतः ज्वलतः
segment: तादृश-श्रुतेरप्यर्थवादत्वाङ्गीकारे	तादृशश्रुतेः अपि अर्थवादत्व अङ्गीकारे
segment: मणिविरचितमौलिश्चारुताम्रायताक्षो	मणिविरचितमौलिः चारुताम्रायताक्षः
segment: भीष्माग्रहस्ताद्धृतम्	भीष्माग्रहस्तात् धृतम्
segment: दूतोऽहम्	दूतः अहम्
segment: तत्रैवाङ्गीकारात्	तत्र एव अङ्गीकारात्
segment: (द्रुतमुपगम्य)	(द्रुतम् उपगम्य)
segment: रिपवो निरस्ताः	रिपवः निरस्ताः
segment: एवमेष्टव्यम्	एवम् एष्टव्यम्
segment: शब्द इव	शब्दः इव
segment: शल्यः---ततस्ततः	शल्यः---ततः ततः
segment: वञ्चितस्त्वया	वञ्चितः त्वया
tag: शीतलः व्यापारिणाम् ब्रवीमि ।	शीतलः|ADJ व्यापारिणाम्|NOUN ब्रवीमि|VERB ।|SYM
tag: घोड़ा सत्यम् बोधयति ।	घोड़ा|NOUN सत्यम्|NOUN बोधयति|VERB ।|SYM
tag: तस्याः ब्रवीमि ।	तस्याः|PRON ब्रवीमि|VERB ।|SYM
tag: अन्यायः संभवति ।	अन्यायः|NOUN संभवति|VERB ।|SYM
segment: कोऽपि	कः अपि
tag: कदाचित् नरं मारयति ।	कदाचित्|ADV नरं|NOUN मारयति|VERB ।|SYM
segment: रसातलं वा	रसातलम् वा
segment: प्रशान्तरोषो भगवान्	प्रशान्तरोषः भगवान्
segment: यथार्थत्वाच्च	यथार्थत्वात् च
segment: परित्यक्तस्त्वया	परित्यक्तः त्वया
segment: सुविधाजनकोऽस्त्येव	सुविधाजनकः अस्ति एव
segment: हेतुत्वानङ्गीकर्तृणां	हेतुत्वानङ्गीकर्तृणाम्
tag: पितामहः च जलम् श्रुत्वा ।	पितामहः|NOUN च|CONJ जलम्|NOUN श्रुत्वा|VERB ।|SYM
segment: एवाभिवर्तते	एव अभिवर्तते
segment: तृतीयः---एष एषः	तृतीयः---एषः एषः
segment: धार्तराष्ट्राणां विरोधे	धार्तराष्ट्राणाम् विरोधे
segment: रामो हि	रामः हि
segment: धरणीमप्यारूढं नभस्थलम्	धरणीम् अपि आरूढम् नभस्थलम्
segment: सुयोधनो हि	सुयोधनः हि
segment: राज्यविभ्रष्टं सुग्रीवं	राज्यविभ्रष्टम् सुग्रीवम्
segment: रामं च	रामम् च
segment: खल्वलीकमेतद्	खलु अलीकम् एतद्
segment: बुद्धिमन्तो महाजनाः	बुद्धिमन्तः महाजनाः
segment: अतिव्याप्तेरेवेत्यर्थः	अतिव्याप्तेः एव इति अर्थः
segment: पक्षविपक्षतोऽनन्तान्	पक्षविपक्षतः अनन्तान्
segment: स्वर्गमद्याभिगन्तुम्	स्वर्गम् अद्य अभिगन्तुम्
segment: समधिगतनदीसहस्रबाहुर्हरिरिव	समधिगतनदीसहस्रबाहुः हरिः इव
segment: किमेवमुचितं गतसार	किम् एवम् उचितम् गतसार
segment: किमाह	किम् आह
tag: अपर्याप्तम् भूमिः दध्मौ ।	अपर्याप्तम्|ADJ भूमिः|NOUN दध्मौ|VERB ।|SYM
segment: चेदानीं	च इदानीं
segment: महत्कृतं रणे	महत् कृतम् रणे
segment: तस्यान्तिकम्	तस्य अन्तिकम्
tag: अधीरः शङ्खाः आगच्छति ।	अधीरः|ADJ शङ्खाः|NOUN आगच्छति|VERB ।|SYM
segment: मूलप्रकृत्यपरनामकस्य	मूलप्रकृति अपरनामकस्य
segment: यावद्रथमारोहावः	यावत् रथम् आरोहावः
tag: पणवानकगोमुखाः कुरुक्षेत्रे आसीत् ।	पणवानकगोमुखाः|NOUN कुरुक्षेत्रे|NOUN आसीत्|VERB ।|SYM
segment: मुष्टिप्रहारैर्हताः	मुष्टिप्रहारैः हताः
segment: तदाश्रयत्वेनेश्वरः	तदाश्रयत्वेन ईश्वरः
segment: दिदृक्षुरद्यारिमनार्यचेतसम्	दिदृक्षुः अद्य अरिम् अनार्यचेतसम्
segment: मुक्तिं प्रति	मुक्तिम् प्रति
segment: बोधोबाधकाभावादिति	बोधोबाधकाभावात् इति
segment: आर्यपुत्रसम्बन्धीत्यात्मानं व्यपदिश्य	आर्यपुत्रसम्बन्धी इति आत्मानम् व्यपदिश्य
segment: तीक्ष्णदंष्ट्रो मृगेन्द्रः	तीक्ष्णदंष्ट्रः मृगेन्द्रः
segment: वच्छेदकमिति	वच्छेदकम् इति
tag: धर्मः पश्यति ।	धर्मः|NOUN पश्यति|VERB ।|SYM
tag: वयम् चिन्तयति ।	वयम्|PRON चिन्तयति|VERB ।|SYM
segment: मन्त्रशालां रचयति	मन्त्रशालाम् रचयति
segment: कथं रामशासनमित्याह	कथम् रामशासनम् इति आह
segment: तादृशस्मृतेरस्वर	तादृशस्मृतेः अस्वर
segment: कालो देवीमुपसर्पितुम्	कालः देवीम् उपसर्पितुम्
segment: परिखेदलब्धं	परिखेदलब्धम्
segment: दुर्धियो जनाः	दुर्धियः जनाः
segment: तानहम्	तान् अहम्
segment: तत्सामान्ययोरपीति	तत् सामान्ययोः अपीति
segment: मुक्तित्वरूपत्वमङ्गीकृत्य	मुक्तित्वरूपत्वम् अङ्गीकृत्य
segment: नपुंसकतानुपपत्तेः	नपुंसकता अनुपपत्तेः
segment: तस्मादेतद्	तस्मात् एतद्
segment: धृतराष्ट्रः--शकुनिरेष	धृतराष्ट्रः--शकुनिः एष
tag: अयनेषु च सर्वेषु यथाभागम् अवस्थिताः । भीष्मम् एव अभिरक्षन्तु भवन्तः सर्वे एव हि ॥	अयनेषु|NOUN च|CONJ सर्वेषु|ADJ यथाभागम्|ADV अवस्थिताः|ADJ ।|SYM भीष्मम्|NOUN एव|PART अभिरक्षन्तु|VERB भवन्तः|PRON सर्वे|PRON एव|PART हि|PART ॥|SYM
segment: लङ्कामभ्युपयामि	लङ्काम् अभ्युपयामि
segment: हेतुविषयतयानैकान्तिकसंशयत्वेन	हेतुविषयतया अनैकान्तिकसंशयत्वेन
segment: हत्वास्माकं पतिष्यन्ति	हत्वा अस्माकम् पतिष्यन्ति
segment: तदिति	तत् इति
segment: यन्निश्चीयमानमनुमितिप्रतिबन्धकं	यत् निश्चीयमानम् अनुमितिप्रतिबन्धकं
segment: .नोद्भाव्य इत्याशयनोक्तं	.न उद्भाव्यः इति आशयेन उक्तं
segment: नोपदर्शितरीतेरावश्य	न उपदर्शितरीतेः आवश्य
segment: अदृश्यस्यापि	अदृश्यस्य अपि
tag: कुर्ता सूचयति ।	कुर्ता|NOUN सूचयति|VERB ।|SYM
segment: स एव	सः एव
segment: .धर्मान्यतर--ख	.धर्म अन्यतर--ख
segment: कश्चिदपरो ब्रूयान्न	कश्चित् अपरः ब्रूयान् न
segment: सीतापहरणमेव	सीतापहरणम् एव
segment: पुनर्दर्शनाय	पुनः दर्शनाय
segment: कथं तत्रभवान्	कथम् तत्रभवान्
segment: श्रुतौ	लिङ्गव्यत्यासेन आन्दपदस्य
segment: बहवो भ्रातरः	बहवः भ्रातरः
segment: परात्मजानां पितृतां	परात्मजानाम् पितृताम्
segment: चापि	च अपि
segment: कामं च	कामम् च
segment: सत्त्वेनानुमितिमात्रोच्छेदापत्तेः.	सत्त्वेन अनुमितिमात्रोच्छेदापत्तेः.
segment: श्रमोऽवश्यं	श्रमः अवश्यं
segment: नाव्याप्तिरिति	न अव्याप्तिः इति
tag: कुरुवृद्धः मन्दः चिन्तयति ।	कुरुवृद्धः|NOUN मन्दः|ADJ चिन्तयति|VERB ।|SYM
segment: चेष्टां प्रति	चेष्टाम् प्रति
segment: वृद्धराजस्वर इव	वृद्धराजस्वरः इव
segment: भगवांश्चक्रायुधः	भगवान् चक्रायुधः
segment: शरवरपरिवीतं शान्तवेगं	शरवरपरिवीतम् शान्तवेगम्
segment: तासां संदिग्धप्रमाण्यकत्वात्	तासाम् संदिग्धप्रमाण्यकत्वात्
segment: गृह्णीयात्हन्याद् वा	गृह्णीयात् हन्यात् वा
segment: कथमाशीर्वचनमिति	कथम् आशीर्वचनम् इति
segment: निद्रितोऽपि	निद्रितः अपि
tag: तस्य सञ्जनयन् हर्षम् कुरुवृद्धः पितामहः । सिंहनादम् विनद्य उच्चैः शङ्खम् दध्मौ प्रतापवान् ॥	तस्य|PRON सञ्जनयन्|PART हर्षम्|NOUN कुरुवृद्धः|NOUN पितामहः|NOUN ।|SYM सिंहनादम्|NOUN विनद्य|VERB उच्चैः|ADV शङ्खम्|NOUN दध्मौ|VERB प्रतापवान्|ADJ ॥|SYM
segment: स सहसा	सः सहसा
segment: परितोषितं बहुविधैः	परितोषितम् बहुविधैः
segment: उपाधयो विवक्षिताः	उपाधयः विवक्षिताः
segment: यावद् गच्छामि	यावत् गच्छामि
segment: अद्वैतवादिनां वेदान्तिनां	अद्वैतवादिनाम् वेदान्तिनाम्
segment: तथाकल्पनानुपपत्तेः	तथाकल्पन अनुपपत्तेः
segment: मुक्तित्वच्छिन्नं प्रति	मुक्तित्वच्छिन्नम् प्रति
tag: नरः समीक्षते ।	नरः|NOUN समीक्षते|VERB ।|SYM
tag: अधमः रक्षकाः स्थापयति ।	अधमः|ADJ रक्षकाः|NOUN स्थापयति|VERB ।|SYM
segment: स्वनिलयमेव	स्वनिलयम् एव
segment: गृह्णात्वार्यपुत्रः	गृह्णातु आर्यपुत्रः
segment: समुदितवरचापबाणपाणिं	समुदितवरचापबाणपाणिम्
segment: शरीरप्रयत्नवदात्मसंयोगाद्यव्यवहितोत्तरोत्पन्नतत्तत्पदार्थक्रियां प्रति	शरीरप्रयत्नवत् आत्मसंयोगादि अव्यवहितोत्तर उत्पन्नतत्तत्पदार्थक्रियाम् प्रति
segment: रवितुरगसमानं साधनं	रवितुरगसमानम् साधनम्
segment: नक्षत्रमध्य इव	नक्षत्रमध्यः इव
segment: चेन्द्रियत्वं न	च इन्द्रियत्वम् न
tag: वनम् ब्रह्मा ताडयति ।	वनम्|NOUN ब्रह्मा|NOUN ताडयति|VERB ।|SYM
tag: नारायणं नमस्कृत्य नरं चैव नारायणं देवं । व्यासं च सुतं शुकं च प्रति । तस्य पुत्रः शुकः प्रोक्तः । स च पित्रे वेदान् श्रावयामास ।	नारायणं|NOUN नमस्कृत्य|VERB नरं|NOUN चैव|PART नारायणं|NOUN देवं|NOUN ।|SYM व्यासं|NOUN च|CONJ सुतं|NOUN शुकं|NOUN च|CONJ प्रति|ADP ।|SYM तस्य|PRON पुत्रः|NOUN शुकः|NOUN प्रोक्तः|VERB ।|SYM स|PRON च|CONJ पित्रे|NOUN वेदान्|NOUN श्रावयामास|VERB ।|SYM
segment: पक्षासंभवात्	पक्ष असंभवात्
segment: तस्यानुमित्यनुकूलत्वेन	तस्य अनुमित्यनुकूलत्वेन
segment: एष दूतः	एषः दूतः
segment: अलं बन्धुजने	अलम् बन्धुजने
segment: नूनमत्यन्तमवैधव्यं न	नूनम् अत्यन्तम् अवैधव्यम् न
segment: किं नु	किम् नु
segment: तं वनौकसम्	तम् वनौकसम्
segment: स वक्तव्यः	सः वक्तव्यः
segment: सेनापतिर्भवितुमर्हति	सेनापतिः भवितुम् अर्हति
segment: किमत्र	किम् अत्र
segment: महाराजो दुर्योधन	महाराजः दुर्योधनः
segment: प्रहृष्टोऽस्मि	प्रहृष्टः अस्मि
segment: खल्वत्रभवान्	खलु अत्रभवान्
segment: विशेषणान्न	विशेषणात् न
segment: वस्त्रमनिन्दिताङ्गि	वस्त्रम् अनिन्दिताङ्गि
segment: रावणजीमूताद् बाणधारा	रावणजीमूतात् बाणधाराः
segment: भोगसुखादिमत्त्वमादाय	भोगसुखादिमत्त्वम् आदाय
segment: पञ्चमोऽङ्कः	पञ्चमः अङ्कः
segment: त्वामभिभूय	त्वाम् अभिभूय
tag: यावत् अयनेषु सूचयति ।	यावत्|ADV अयनेषु|NOUN सूचयति|VERB ।|SYM
segment: स्वयं कारणभूतः	स्वयम् कारणभूतः
tag: एषा सेवायाम् वसति ।	एषा|PRON सेवायाम्|NOUN वसति|VERB ।|SYM
segment: कुमारमक्षमाज्ञापय	कुमारम् अक्षम् आज्ञापय
segment: ज्ञायमानमिति	ज्ञायमानम् इति
segment: प्रथमोऽङ्कः	प्रथमः अङ्कः
segment: बलमाज्ञापय	बलम् आज्ञापय
segment: निश्चयाघटितमिति	निश्चयाघटितम् इति
segment: सपरिवारो रावणः)	सपरिवारः रावणः)
segment: यत्तु	यत् तु
segment: एवाभिवर्तते	एव अभिवर्तते
segment: [महत्तरां भिक्षां	[महत्तराम् भिक्षाम्
segment: घनीभूता इव	घनीभूताः इव
segment: लक्षणमङ्गीक्रियते	लक्षणम् अङ्गीक्रियते
segment: यैषा	या एषा
segment: स्ववचनकृतदोषो बध्यतामेष	स्ववचनकृतदोषः बध्यताम् एषः
segment: एवार्थ	एव अर्थ
segment: तत्स्वरूपाज्ञाननिवृत्तेरपि	तत्स्वरूपाज्ञाननिवृत्तेः अपि
segment: तत्तत्पुरूषीयप्रत्यक्षानुपपत्तेः	तत्तत् पुरुषीयप्रत्यक्षानुपपत्तेः
segment: धर्म्यं यद्	धर्म्यम् यत्
segment: खल्वीश्वरा	खलु ईश्वराः
segment: द्वितीयो भागः	द्वितीयः भागः
segment: हृदयेनेह	हृदयेन इह
segment: हैडिम्बोऽस्मि	हैडिम्बः अस्मि
segment: त्वयाप्यस्य	त्वया अपि अस्य
segment: तस्यापि	तस्य अपि
segment: उपाधावतिप्रसङ्गात्	उपाधौ अतिप्रसङ्गात्
tag: रामः नाम उवाच ।	रामः|NOUN नाम|NOUN उवाच|VERB ।|SYM
segment: नेच्छामि	न इच्छामि
segment: तद् गृहीत्वा	तत् गृहीत्वा
segment: धृतराष्ट्रः---कथमर्जुनोऽपि	धृतराष्ट्रः---कथम् अर्जुनः अपि
segment: राज्यं जनकः	राज्यम् जनकः
segment: त्रैलोक्यं विचलिष्यति	त्रैलोक्यम् विचलिष्यति
segment: गजेन्द्रोऽङ्कुशशङ्कितो बलिम्	गजेन्द्रः अङ्कुशशङ्कितः बलिम्
segment: सन्दिग्धानैतज्ज्ञानत्वेन	सन्दिग्धान् एतज्ज्ञानत्वेन
segment: कृतित्वेनैव	कृतित्वेन एव
segment: अभ्यासोऽत्र	अभ्यासः अत्र
segment: विजयो भवतु	विजयः भवतु
segment: पक्षताविरहपर्यवसन्नस्यार्थान्तरत्वेनैवोद्भावनमिति	पक्षताविरहपर्यवसन्नस्य अर्थान्तरत्वेन एव उद्भावनम् इति
segment: बालभावनिमज्जनमस्माकं भाग्यक्रमेण	बालभावनिमज्जनम् अस्माकम् भाग्यक्रमेण
segment: घटस्यापि	घटस्य अपि
tag: शुकं कुरुक्षेत्रे आसीत् ।	शुकं|NOUN कुरुक्षेत्रे|NOUN आसीत्|VERB ।|SYM
segment: यस्तद्भिन्नो यो	यः तद्भिन्नः यः
segment: वाली---कथं कथं	वाली---कथम् कथम्
segment: श्रद्धेयरूप इव	श्रद्धेयरूपः इव
tag: मनुष्यः श्रेयः निगच्छति ।	मनुष्यः|NOUN श्रेयः|NOUN निगच्छति|VERB ।|SYM
segment: तद्वलात्तदा	तद्वलात् तदा
segment: शैलाश्च	शैलाः च
segment: एतन्मे	एतत् मे
segment: तयोर्जन्यत्वे	तयोः जन्यत्वे
tag: चपलः राज्ञाम् विनद्य ।	चपलः|ADJ राज्ञाम्|NOUN विनद्य|VERB ।|SYM
segment: सप्रभ इव	सप्रभः इव
segment: स परित्रातुं	सः परित्रातुं
segment: ज्याच्छेदाद् दुर्बलो	ज्याच्छेदात् दुर्बलः
segment: शरैर्भीमवेगैर्हयान्	शरैः भीमवेगैः हयान्
segment: को दोषो	कः दोषः
segment: परिक्रम्यावलोक्य	परिक्रम्य अवलोक्य
segment: महीभारापनयनं कर्तुं	महीभारापनयनम् कर्तुम्
segment: बलाहकानामिव	बलाहकानाम् इव
segment: कुर्यादिति	कुर्यात् इति
segment: मुक्तित्वमिति	मुक्तित्वम् इति
segment: मां तातः	माम् तातः
segment: साक्षात्कारो जीवीयनित्यसुखसाक्षात्कारो	साक्षात्कारः जीवीयनित्यसुखसाक्षात्कारः
segment: कथं नु	कथम् नु
segment: स्वस्थानमेवात्र	स्वस्थानम् एव अत्र
segment: सुग्रीवेणाभिमृष्टाऽभूद् धर्मपत्नी	सुग्रीवेण अभिमृष्टा अभूत् धर्मपत्नी
segment: योगाभ्यासादिना	योगाभ्यास आदिना
segment: व्याप्तेरज्ञानादज्ञानरूपासिद्धिमात्रयोगितया	व्याप्तेः अज्ञानात् ज्ञानरूपासिद्धिमात्रयोगितया
segment: कुमारं वानरमभिगच्छन्तं	कुमारम् वानरम् अभिगच्छन्तम्
segment: द्वितीयः---शैला क्षिप्यन्ते	द्वितीयः---शैलाः क्षिप्यन्ते
segment: तादृशस्मृतिवाक्यस्यार्थवादत्वेनाप्रमाण्यमिति	तादृशस्मृतिवाक्यस्य अर्थवादत्वेनाप्रमाण्यम् इति
segment: क्षित्यादिकमकर्तृकं शरीराजन्यत्वादित्यादिना	क्षिति आदिकमकर्तृकम् शरीराजन्यत्वात् इति आदिना
segment: देयमेव	देयम् एव
segment: वेदोपि	वेदः अपि
segment: कृत्वाप्यासीनोऽस्मि	कृत्वा अपि आसीनः अस्मि
segment: यथार्थत्वमननुगतमिति	यथार्थत्वम् अननुगतम् इति
segment: काननं	काननम्
segment: यद् भ्रातृनाशाद्	यत् भ्रातृनाशात्
segment: दुःशासनो द्रौपदीं	दुःशासनः द्रौपदीम्
segment: प्रहरेद् रक्षो	प्रहरेत् रक्षः
segment: सुतवधं सङ्ख्ये	सुतवधम् सङ्ख्ये
segment: स महाव्याधिना	सः महाव्याधिना
tag: आचार्यम् भाषते ।	आचार्यम्|NOUN भाषते|VERB ।|SYM
segment: सुदर्शनः---यदाज्ञापयति	सुदर्शनः---यद् आज्ञापयति
segment: घटितव्याप्तेरपि	घटितव्याप्तेः अपि
segment: हृदयस्याद्यावेग इव	हृदयस्य अद्य आवेगः इव
tag: ततः रक्षकाः रक्ष्यते ।	ततः|ADV रक्षकाः|NOUN रक्ष्यते|VERB ।|SYM
segment: तद्व्याप्तज्ञानायैव	तद्व्याप्तज्ञानाय एव
segment: चेष्टापत्तिः	च इष्टापत्तिः
segment: तं मानुषमद्य	तम् मानुषम् अद्य
segment: कार्यत्वावच्छिन्नं प्रत्येव	कार्यत्वावच्छिन्नम् प्रति एव
segment: किमलं तव	किम् अलम् तव
segment: किं युक्तं	किम् युक्तम्
segment: अर्जुनमपि	अर्जुनम् अपि
segment: अव्यक्तादिरचिन्त्यात्मा	अव्यक्तादिः अचिन्त्यात्मा
segment: करैरस्पृष्टबालद्रुमाः	करैः अस्पृष्टबालद्रुमाः
tag: एतत् धर्मक्षेत्रे वदति ।	एतत्|PRON धर्मक्षेत्रे|NOUN वदति|VERB ।|SYM
tag: अर्जुन भीष्मम् सन्ति ।	अर्जुन|NOUN भीष्मम्|NOUN सन्ति|VERB ।|SYM
segment: कृतिजन्यत्वं तथाप्युपदर्शितसिद्ध	कृतिजन्यत्वम् तथा अपि उपदर्शितसिद्ध
segment: किमाहतुर्भवन्तौ-अत्रभवान्	किम आहतुः भवन्तौ-अत्रभवान्
segment: सायकं चापि	सायकम् च अपि
segment: स्पार्शनं प्रति	स्पार्शनम् प्रति
segment: किमतः	किम् अतः
segment: भाट्टास्तु	भाट्टाः तु
segment: तद् आचरणं	तत् आचरणं
tag: भीमाभिरक्षितम् कृष्णः उवाच ।	भीमाभिरक्षितम्|ADJ कृष्णः|NOUN उवाच|VERB ।|SYM
segment: नाशत्वावछिन्नहेतुत्वेनावश्यं क्लृप्तेन	नाशत्वावछिन्नहेतुत्वेन अवश्यम् क्लृप्तेन
segment: तस्यापि	तस्य अपि
segment: पार्थानां सुरतुल्यविक्रमवतां	पार्थानाम् सुरतुल्यविक्रमवताम्
segment: स्वतो दूषणत्वमिति	स्वतः दूषणत्वम् इति
segment: रावणं याति	रावणम् याति
segment: सन्नाहमाज्ञापय	सन्नाहम् आज्ञापय
segment: पूर्णमेवाब्धिं	पूर्णम् एव अब्धिं
segment: कार्यसिद्धिर्भवतु]	कार्यसिद्धिः भवतु]
tag: सौभद्रः द्रौपदेयाः च सर्वे एव महारथाः ॥	सौभद्रः|NOUN द्रौपदेयाः|NOUN च|CONJ सर्वे|PRON एव|PART महारथाः|NOUN ॥|SYM
segment: इत्याहुरित्यास्तां विस्तरेणेति	इति आहुः इति आस्ताम् विस्तरेणेति
segment: कस्यापि-क	कस्य अपि-क
segment: यावद् गच्छामि	यावत् गच्छामि
segment: स मानुषः	सः मानुषः
segment: बहुविधमणिरत्नभूषिताङ्गं	बहुविधमणिरत्नभूषिताङ्गम्
segment: .दित्युक्तम्	.दिति उक्तम्
segment: तस्मादहमपि	तस्मात् अहम् अपि
segment: देवानामपि	देवानाम् अपि
tag: अयम् धर्मक्षेत्रे मन्यते ।	अयम्|PRON धर्मक्षेत्रे|NOUN मन्यते|VERB ।|SYM
segment: असाधारणवदनित्यदोषतापत्तेः	असाधारणवत् अनित्यदोषतापत्तेः
tag: विराटः उपनिषत् दर्शयति ।	विराटः|NOUN उपनिषत्|NOUN दर्शयति|VERB ।|SYM
segment: नाधिगम्यते	न अधिगम्यते
segment: श्रूयतां रामशासनम्	श्रूयताम् रामशासनम्
segment: प्रकृतेस्तद्बोधेन	प्रकृतेः तत् बोधेन
segment: अयमिदानीम्	अयम् इदानीम्
tag: उपनिषत् समानः स्मरति ।	उपनिषत्|NOUN समानः|ADJ स्मरति|VERB ।|SYM
segment: स्वरूपासिद्धत्वग्रहेऽपि	स्वरूपासिद्धत्वग्रहे अपि
segment: कर्णं दत्त्वा)	कर्णम् दत्त्वा)
segment: .तत्संग्राह्यमेव-ख	.तत् संग्राह्यम् एव-ख
segment: द्रष्टव्योऽत्र	द्रष्टव्यः अत्र
segment: किं बहुना	किम् बहुना
segment: .चाप्तवाक्यादेरनित्यत्वप्रतियोगिकव्यतिरेकव्याप्तिमात्रग्रहः	.च आप्तवाक्यादेः अनित्यत्वप्रतियोगिकव्यतिरेकव्याप्तिमात्रग्रहः
segment: शुभं भूयात्	शुभम् भूयात्
segment: वञ्चयेद् यः	वञ्चयेत् यः
segment: तादृशनियमाङ्गीकारे	तादृशनियम अङ्गीकारे
segment: किमभिधास्यसि	किम् अभिधास्यसि
segment: स राक्षसेन्द्रः	सः राक्षसेन्द्रः
segment: वैराग्निर्बालेष्वपि	वैराग्निः बालेषु अपि
segment: रूपाज्ञानसिद्धिरित्याहुः	रूपाज्ञानसिद्धिः इति आहुः
segment: दृष्टा मया	दृष्टाः मया
segment: कुमारो हि	कुमारः हि
segment: अन्यानिष्टचिकीर्षुर्ना	अन्यानिष्टचिकीर्षुः ना
segment: प्रत्यक्षत्वावच्छिन्नं प्रति	प्रत्यक्षत्वावच्छिन्नम् प्रति
segment: विचाराश्चेल्लिख्यन्ते	विचाराः च उल्लिख्यन्ते
segment: प्रायश्चित्तफलत्वासंभवात्	प्रायश्चित्त उत्तरकालवृत्तिदुःखप्रागभावसंबन्धस्य अर्थपर्यालोचनक्रमेण
segment: ज्ञेयो	ज्ञेयः
segment: इत्यस्त्रोपदेशं ग्रहीतुमारब्धं	इति अस्त्रोपदेशम् ग्रहीतुम् आरब्धम्
segment: खल्वियम्	खलु इयम्
segment: वक्तुमिच्छसि	वक्तुम् इच्छसि
segment: उपाधिज्ञानस्यापि	उपाधिज्ञानस्य अपि
segment: .तथापि-क	.तथा अपि-क
segment: यावदहमपि	यावद् अहम् अपि
segment: वृत्तिमतो धर्मस्यान्यतरवृत्तित्वनियमेन	वृत्तिमतः धर्मस्य अन्यतरवृत्तित्वनियमेन
segment: यमसदनं प्रतियापयाम्यहं	यमसदनम् प्रतियापयामि अहम्
segment: हेतुत्वमायास्यतीति	हेतुत्वम् आयास्यति इति
segment: गौरवात्तदपेक्ष्य	गौरवात् तत् अपेक्ष्य
tag: चतुरः बालकः करोति ।	चतुरः|ADJ बालकः|NOUN करोति|VERB ।|SYM
segment: सर्वदैवतैरभिहितं भवतु	सर्वदैवतैः अभिहितम् भवतु
tag: तया कावेरी नमस्कृत्य ।	तया|PRON कावेरी|NOUN नमस्कृत्य|VERB ।|SYM
segment: .धर्मान्यतर--क	.धर्म अन्यतर--क
segment: श्रीरचिराद् विपत्स्यते	श्रीः अचिरात् विपत्स्यते
segment: साध्यसम्बन्धस्यापि	साध्यसम्बन्धस्य अपि
segment: सकर्तृकत्वासिद्धेः	सकर्तृकत्व असिद्धेः
segment: नन्दिनानादृतत्वाद्	नन्दिना अनादृतत्वात्
segment: गङ्गाप्रभृतयो महानद्य	गङ्गाप्रभृतयः महानद्यः
segment: वश्यत्वमागता	वश्यत्वम् आगता
segment: संकोचकल्पनस्यावश्यकत्वात्	संकोचकल्पनस्य आवश्यकत्वात्
segment: तल्लोके	तत् लोके
segment: अयमयमागच्छामि	अयम् अयम् आगच्छामि
segment: सद्धेतावनतिप्रसङ्गात्	सद्धेतौ अनतिप्रसङ्गात्
segment: भवत्येव	भवति एव
tag: अधीरः क्षेत्रम् विनद्य ।	अधीरः|ADJ क्षेत्रम्|NOUN विनद्य|VERB ।|SYM
segment: निपातितो रावणः	निपातितः रावणः
segment: यस्यां भयात्	यस्याम् भयात्
tag: इयम् नदी शक्नोति ।	इयम्|PRON नदी|NOUN शक्नोति|VERB ।|SYM
tag: अन्यायः कुरुवृद्धः दिदृक्षते ।	अन्यायः|NOUN कुरुवृद्धः|NOUN दिदृक्षते|VERB ।|SYM
segment: नान्यः	न अन्यः
tag: यानि दिदृक्षते ।	यानि|PRON दिदृक्षते|VERB ।|SYM
segment: सन्तोषितो	सन्तोषितः
segment: शीघ्रं बद्धः	शीघ्रम् बद्धः
segment: अनुमित्यादिस्थले	अनुमिति आदिस्थले
segment: शान्तवेगं शरीरम्	शान्तवेगम् शरीरम्
tag: शुकं स्थापयति ।	शुकं|NOUN स्थापयति|VERB ।|SYM
segment: अहं पदार्थ	अहम् पदार्थ
segment: तयोर्मानुषयोः	तयोः मानुषयोः
segment: कारणसत्वेग्रिमक्षणे	कारणसत्वे अग्रिमक्षणे
tag: शिष्यः वचनम् वदति ।	शिष्यः|NOUN वचनम्|NOUN वदति|VERB ।|SYM
segment: एतदनुष्ठीयते	एतत् अनुष्ठीयते
segment: निरर्थमस्त्रं च	निरर्थम् अस्त्रम् च
segment: वृन्दमेतद्ददामि	वृन्दम् एतत् ददामि
segment: कर्णभारमवसितम्	कर्णभारम् अवसितम्
segment: एतद्धर्म्याग्रमारुह्यावलोकयामि	एतत् हर्म्याग्रम् आरुह्य अवलोकयामि
tag: उत्तमः हनुमान् समीक्षते ।	उत्तमः|ADJ हनुमान्|NOUN समीक्षते|VERB ।|SYM
segment: .तस्यानुकूल-ख	.तस्य अनुकूल-ख
segment: विरुद्धस्येति--क	विरुद्धस्य इति--क
segment: योग्यादृष्टजनकं	योग्य अदृष्टजनकम्
segment: मामयं राक्षसाधमः	माम् अयम् राक्षसाधमः
segment: परिहरतो द्वितीयापत्तिरिति	परिहरतः द्वितीयापत्तिः इति
segment: वेलातटं साम्प्रतम्	वेलातटम् साम्प्रतम्
segment: विजातीयदुःखत्वावच्छिन्नं प्रति	विजातीयदुःखत्वावच्छिन्नम् प्रति
segment: विनाशोऽभ्यागत इति	विनाशः अभ्यागतः इति
segment: शासकास्तस्याः	शासकाः तस्याः
segment: दुरितबद्भिन्नदुरितध्वसत्वा	दुरितवत् भिन्नदुरितध्वसत्वा
segment: हनुमान्---यदाज्ञापयति	हनूमान्---यत् आज्ञापयति
segment: तत्त्वज्ञानहेतुत्वासंभवेन	तत्त्वज्ञानहेतुत्व असंभवेन
segment: भिक्षुरेकोऽन्यं	भिक्षुः एकः अन्यं
segment: मयाप्यनुचितदौत्यसमयोऽनुष्ठितः	मया अपि अनुचितदौत्यसमयः अनुष्ठितः
segment: वृत्तिमत्वेनान्यतराधिकरणवृत्तित्वनिश्चयेन	वृत्तिमत्वेन अन्यतराधिकरणवृत्तित्वनिश्चयेन
segment: किलानेन	किल अनेन
segment: ग्राह्याभावानवगाहीति	ग्राह्याभावानवगाही इति
segment: कोऽत्र	कः अत्र
segment: विभीषणः---यदाज्ञापयति	विभीषणः---यद् आज्ञापयति
segment: जटामात्रविद्ब्रह्मसन्धिज्ञो	जटा मात्र वित् ब्रह्म सन्धि ज्ञः
segment: मुक्तेरभावे	मुक्तेः अभावे
tag: भेर्यः महेष्वासाः कामयते ।	भेर्यः|NOUN महेष्वासाः|ADJ कामयते|VERB ।|SYM
tag: यूयम् शिक्षयति ।	यूयम्|PRON शिक्षयति|VERB ।|SYM
segment: मारुतस्यौरसः	मारुतस्य औरसः
segment: .तस्माद्यथा	.तस्मात् यथा
segment: व्यर्थत्वादिति	व्यर्थत्वात् इति
segment: प्रमदवनैरभिसंवृतां स्वलङ्काम्	प्रमदवनैः अभिसंवृताम् स्वलङ्काम्
segment: द्वितीयः---एतदस्त्रं	द्वितीयः---एतद् अस्त्रम्
segment: प्रतिबन्धको न	प्रतिबन्धकः न
segment: पल्लवान्न	पल्लवान् न
tag: भवान् भीष्मः च कर्णः च कृपः च समितिञ्जयः । अश्वत्थामा विकर्णः च सौमदत्तिः तथा एव च ॥	भवान्|PRON भीष्मः|NOUN च|CONJ कर्णः|NOUN च|CONJ कृपः|NOUN च|CONJ समितिञ्जयः|NOUN ।|SYM अश्वत्थामा|NOUN विकर्णः|NOUN च|CONJ सौमदत्तिः|NOUN तथा|PART एव|PART च|CONJ ॥|SYM
segment: लक्ष्मणः---निष्फलो मम	लक्ष्मणः---निष्फलः मम
segment: क्रमान्निवेश्यमानासु	क्रमात् निवेश्यमानासु
segment: श्रुतिबलात्तादृश	श्रुतिबलात् तादृश
segment: नैतत्पुरूषीयात्मप्रत्यक्षं प्रति	न एतत्पुरूषीयात्मप्रत्यक्षम् प्रति
segment: उर्वश्यादयोऽप्सरसो मामभिगताः	उर्वश्यादयः अप्सरसः माम् अभिगताः
segment: कुतो नु	कुतः नु
tag: अन्नम् सेवायाम् युध्यति ।	अन्नम्|NOUN सेवायाम्|NOUN युध्यति|VERB ।|SYM
segment: वरुणोऽयम्	वरुणः अयम्
segment: एवं कृतप्रायश्रित्तस्य	एवम् कृतप्रायश्रित्तस्य
segment: अयं केशवः	अयम् केशवः
segment: को नु	कः नु
segment: दण्डितत्वाद् विगतपापोऽहं	दण्डितत्वात् विगतपापः अहम्
segment: प्रियमिति	प्रियम् इति
segment: सोऽयं गम्भीरघोषः	सः अयम् गम्भीरघोषः
segment: भृशशोकतप्तमनसो रामस्य	भृशशोकतप्तमनसः रामस्य
segment: संभवत्येवमुपदर्शितधर्मस्य	संभवत्येवम् उक्तिपदर्शितधर्मस्य
segment: मां भामिनि	माम् भामिनि
tag: युधि भवति ।	युधि|NOUN भवति|VERB ।|SYM
segment: रामो वदति	रामः वदति
tag: सिंहनादम् दिदृक्षते ।	सिंहनादम्|NOUN दिदृक्षते|VERB ।|SYM
segment: वासनानाशकत्वाभ्युपगमेतिरिक्त	वासनानाशकत्वाभ्युपगमे अतिरिक्त
segment: धर्मेऽतिव्याप्तिः	धर्मे अतिव्याप्तिः
segment: तदसंग्राह्यमेवेति	तत् संग्राह्यम् एव इति
segment: केनैतच्छ्रुतिपथदूषणं कृतं	केन एतत् श्रुतिपथदूषणम् कृतम्
segment: तद्वाच्यम्	तत् वाच्यम्
segment: आक्रान्ता गुरुभिर्धराधरवरैः	आक्रान्ताः गुरुभिः धराधरवरैः
segment: तीक्ष्णमुद्यम्य	तीक्ष्णम् उद्यम्य
segment: वयं दूतघातकाः	वयम् दूतघातकाः
segment: नास्ति-ख	न अस्ति-ख
segment: उदारचरितश्चापि	उदारचरितः च अपि
tag: संज्ञार्थम् नरपुङ्गवः वदति ।	संज्ञार्थम्|ADV नरपुङ्गवः|NOUN वदति|VERB ।|SYM
segment: चैवं	च एवं
segment: शक्रजिच्चापि	शक्रजित् च अपि
segment: साम्प्रतमिति	साम्प्रतम् इति
segment: शरणागतं मां	शरणागतम् माम्
tag: ब्रह्मन् कपिशः बुभूषति ।	ब्रह्मन्|NOUN कपिशः|NOUN बुभूषति|VERB ।|SYM
segment: अशरीरस्तद	अशरीरः तद
segment: को नु	कः नु
segment: (सहसोत्तिष्ठन्	(सहसा उत्तिष्ठन्
segment: तथाप्यतिप्रसङ्ग इति	तथापि अतिप्रसङ्गः इति
segment: कोऽत्र	कः अत्र
segment: इत्येतावतैव	इति एतावत् एव
segment: ह्यनुजानात्	हि अनुजानात्
segment: खल्वेषः	खलु एषः
segment: तर्काभावेनाप्रयोजकतया	तर्क अभावेन अप्रयोजकतया
segment: एतद् आकर्ण्य	एतत् आकर्ण्य
segment: भोगजन्यतयान्यथासिद्धेरभावात्	भोगजन्यतया अन्यथासिद्धेः अभावात्
segment: चादृष्टवदात्मसंयोगस्यैव	च अदृष्टवत् आत्मसंयोगस्य एव
segment: सद्धेतावतिव्याप्तिः	सद्धेतौ अतिव्याप्तिः
segment: यथाबलमद्य	यथाबलम् अद्य
tag: यत्र वेदः प्रादुरासीत् ।	यत्र|ADV वेदः|NOUN प्रादुरासीत्|VERB ।|SYM
segment: कोऽत्र	कः अत्र
tag: यदा हनुमान् वसति ।	यदा|ADV हनुमान्|NOUN वसति|VERB ।|SYM
segment: रक्षिणश्चाप्रमत्ता भवन्तु	रक्षिणः च अप्रमत्ताः भवन्तु
segment: नित्यत्वं लाघवादेव	नित्यत्वम् लाघवात् एव
segment: प्रथमोऽङ्कः	प्रथमः अङ्कः
segment: अक्षयोऽस्तु	अक्षयः अस्तु
segment: तस्मादेतादृशयुक्त्या	तस्मात् एतादृशयुक्त्या
tag: मन्त्री भगवान् दृश्यते ।	मन्त्री|NOUN भगवान्|NOUN दृश्यते|VERB ।|SYM
segment: शरीरं विना	शरीरम् विना
tag: शङ्खम् च कुर्ता अवलोकयति ।	शङ्खम्|NOUN च|CONJ कुर्ता|NOUN अवलोकयति|VERB ।|SYM
segment: अयमाशक्तः	अयम् अशक्तः
tag: कुरुक्षेत्रे एकः बोधयति ।	कुरुक्षेत्रे|NOUN एकः|ADJ बोधयति|VERB ।|SYM
segment: .तद्वत्त्वगोचरज्ञानस्य	.तद्वत् अगोचरज्ञानस्य
segment: कर्तुं नृपाणां	कर्तुम् नृपाणाम्
segment: स्नेहाल्लुम्पति	स्नेहात् लुम्पति
segment: गुणास्तस्याः	गुणाः तस्याः
segment: कुमारोऽभिमन्युः	कुमारः अभिमन्युः
segment: श्रीर्यस्याभिरता नियोगसुमुखी	श्रीः यस्य अभिरताः नियोगसुमुखी
tag: पुरातनः वाजश्रवाः भवति ।	पुरातनः|ADJ वाजश्रवाः|NOUN भवति|VERB ।|SYM
tag: सर्वे भुङ्क्ते ।	सर्वे|PRON भुङ्क्ते|VERB ।|SYM
tag: मुनिः शृणोति ।	मुनिः|NOUN शृणोति|VERB ।|SYM
segment: सायकवरं परिवर्तयन्तम्	सायकवरम् परिवर्तयन्तम्
segment: तद् आनीयतां	तत् आनीयतां
segment: दूरेऽवतिष्ठेत	दूरे अवतिष्ठेत
segment: अत्रानैकान्तिकसामान्यलक्षणायोगः	अत्र अनैकान्तिकसामान्यलक्षणायोगः
segment: सन्नाहमाज्ञापिता	सन्नाहम् आज्ञापिता
tag: कुरुवृद्धः चपलः ताडयति ।	कुरुवृद्धः|NOUN चपलः|ADJ ताडयति|VERB ।|SYM
segment: रामः---यद्येवं गच्छ	रामः---यदि एवम् गच्छ
segment: शङ्कुकर्णः---श्रोतुमर्हति	शङ्कुकर्णः---श्रोतुम् अर्हति
segment: कथं रामेणेति	कथम् रामेण इति
segment: सतीति	सति इति
segment: हयगजवृषभाणां पातनाज्जातदर्पो	हयगजवृषभाणाम् पातनात् जातदर्पः
segment: द्वितीयापत्तिरिति	द्वितीयापत्तिः इति
segment: छलैर्हत्वा	छलैः हत्वा
tag: वृक्षः मूलम् अभवत् ।	वृक्षः|NOUN मूलम्|NOUN अभवत्|VERB ।|SYM
segment: घटत्वं घटत्वाद्यवच्छिन्नं	घटत्वम् घटत्वादि अवच्छिन्नम्
segment: पाण्डवानां प्रविश्य	पाण्डवानाम् प्रविश्य
segment: चेश्वरस्य	च ईश्वरस्य
segment: रजनिचरवरं निहत्य	रजनिचरवरम् निहत्य
segment: भक्तास्तथा	भक्ताः तथा
segment: तत्रेयमनुपपत्तिरूद्भाव्यते	तत्र इयम् अनुपपत्तिः उद्भाव्यते
segment: दूषणोपाधिमात्रस्यैव	दूषणोपाधिमात्रस्य एव
tag: पाणिनिः भाषते ।	पाणिनिः|NOUN भाषते|VERB ।|SYM
segment: किं नु	किम् नु
segment: जाता	जाताः
segment: सन्दष्टौष्ठश्चण्डसंरक्तनेत्रो	सन्दष्टौष्ठः चण्डसंरक्तनेत्रः
segment: किमथ	किम् अथ
segment: तेनात्मनो युवतिजनाय	तेनात्मनः युवतिजनाय
segment: क्षिप्रमेव	क्षिप्रम् एव
segment: तदुत्तरं तत्त्वज्ञानबलात्प्रारब्धान्य	तदुत्तरम् तत्त्वज्ञानबलात् प्रारब्ध अन्य
segment: वाक्यैर्भोगस्य	वाक्यैः भोगस्य
segment: पृष्टोऽस्मि	पृष्टः अस्मि
segment: स्वामिनमुपाश्रितस्य	स्वामिनम् उपाश्रितस्य
segment: मोक्षभिन्नज्ञानविषय	इति अर्थः
segment: नववाक्यवादिञ्छृणोमि	नववाक्यवादिन् शृणोमि
tag: अन्नम् ब्रवीमि ।	अन्नम्|NOUN ब्रवीमि|VERB ।|SYM
segment: राघवेणाहं हनूमान्	राघवेण अहम् हनूमान्
segment: दुर्योधनः---किं करिष्यति	दुर्योधनः---किम् करिष्यति
segment: कुलेऽस्मिन्	कुले अस्मिन्
segment: नापीति	न अपि इति
tag: कल्पः च वाक्यम् कुर्वत ।	कल्पः|NOUN च|CONJ वाक्यम्|NOUN कुर्वत|VERB ।|SYM
segment: मन्दरमुद्वहन्	मन्दरम् उद्वहन्
segment: तत्त्वेनैव	तत्त्वेन एव
segment: विचिन्तयंश्चक्रधरस्य	विचिन्तयन् चक्रधरस्य
segment: अयं खलु	अयम् खलु
segment: व्याप्तिग्रह इति	व्याप्तिग्रहः इति
segment: महानेष	महान् एष
segment: .सहकृतैतदुपाधिमत्वमेव-ख	.सहकृतैतदुपाधिमत्वम् एव-ख
segment: दीर्घायुर्भवेति	दीर्घायुः भव इति
segment: मुष्टिमुद्यम्य	मुष्टिम् उद्यम्य
tag: ब्रह्मन् महेशः ब्रवीमि ।	ब्रह्मन्|NOUN महेशः|NOUN ब्रवीमि|VERB ।|SYM
segment: विपुलप्रसादा-	विपुलप्रसादात्
segment: स्वदेहमिव	स्वदेहम् इव
segment: .अस्यापि-ख	.अस्य अपि-ख
segment: धृष्टं मुदिततरमुखो	धृष्टम् मुदिततरमुखः
segment: प्रणयाद् ब्रुवन्ति	प्रणयात् ब्रुवन्ति
segment: संस्कृतव्याकरणम्	संस्कृत व्याकरणम्
segment: राजसम्मानो विरला	राजसम्मानः विरलाः
segment: क्रोधविस्फारिताक्षा	क्रोधविस्फारिताक्षाः
segment: पाण्डवा भवेयुः	पाण्डवाः भवेयुः
segment: पापराक्षस आर्यपुत्रसम्बन्धीत्यात्मानं	पापराक्षसः आर्यपुत्रसम्बन्धी इति आत्मानम्
segment: .तस्यापि-ख	.तस्य अपि-ख
segment: कार्यार्थमभ्युपगतस्य	कार्यार्थम् अभ्युपगतस्य
segment: रावणः---छिद्यतामेषा	रावणः---छिद्यताम् एषा
segment: भोगानाश्यदुरितनाशत्वमेव	भोगानाश्यदुरितनाशत्वम् एव
segment: हेतुवदाभासमाना	हेतुवत् आभासमाना
segment: पौत्रमायस्तचेतसः	पौत्रम् आयस्तचेतसः
segment: पुत्रो माता	पुत्रः माता
segment: सर्वविषयकज्ञानेच्छा	सर्वविषयकज्ञान इच्छा
segment: सामान्यत इष्टापत्तिः	सामान्यतः इष्टापत्तिः
tag: चन्द्रः च चमूम् विमृशति ।	चन्द्रः|NOUN च|CONJ चमूम्|NOUN विमृशति|VERB ।|SYM
segment: सिद्धमिति	सिद्धम् इति
segment: कल्पकोटिशतैरपि	कल्पकोटिशतैः अपि
segment: निर्मनस्कतापत्तिरिति	निर्मनस्कतापत्तिः इति
segment: मद्वाक्याद् राज्यार्धं	मद्वाक्यात् राज्यार्धम्
segment: तत्काले	तत् काले
segment: कर्णः---ततो नाहं	कर्णः---ततः न अहम्
segment: व्याजोपलब्धविफलास्त्रबलो घृणावान्	व्याजोपलब्धविफलास्त्रबलः घृणावान्
segment: प्रियमुपहरामि	प्रियम् उपहरामि
tag: भीमाभिरक्षितम् आचारात् अभवत् ।	भीमाभिरक्षितम्|ADJ आचारात्|NOUN अभवत्|VERB ।|SYM
tag: भवान् श्रेयः अस्ति ।	भवान्|PRON श्रेयः|NOUN अस्ति|VERB ।|SYM
segment: तस्यैव	तस्य एव
segment: एतान्यस्त्राणि	एतानि अस्त्राणि
tag: पिता अस्ति ।	पिता|NOUN अस्ति|VERB ।|SYM
tag: कृष्णा सत्त्वम् श्रुत्वा ।	कृष्णा|NOUN सत्त्वम्|NOUN श्रुत्वा|VERB ।|SYM
segment: स्वैरासनो द्रुपदराजसुतां	स्वैरासनः द्रुपदराजसुताम्
tag: किम् अभवत् ।	किम्|PRON अभवत्|VERB ।|SYM
segment: पश्यामीव	पश्यामि इव
segment: एवेति	एव इति
segment: व्रतमुग्रचर्यं	व्रतम् उग्रचर्यम्
segment: प्रशान्तरोषो भगवान्	प्रशान्तरोषः भगवान्
segment: पाषाणो जडो	पाषाणः जडः
segment: भग्नो दारुपर्वतकः	भग्नः दारुपर्वतकः
segment: तज्जन्यतावच्छेदकत्वाङ्गीकारेणेति	तज्जन्यतावच्छेदकत्व अङ्गीकारेण इति
segment: समानीतं सर्वराजमण्डलम्	समानीतम् सर्वराजमण्डलम्
segment: घटवदित्यनुमानाज्जडोपदानस्यैकत्ववत्वे	घटवदिति अनुमानात् जडोपदानस्य एकत्ववत्वे
segment: लङ्केश्वर इत	लङ्केश्वरः इतः
segment: निःस्पृहास्ततः	निःस्पृहाः ततः
segment: प्रतिबन्धकत्वमिति	प्रतिबन्धकत्वम् इति
segment: हविरिति	हविः इति
segment: रामशासनमित्याह	रामशासनम् इति आह
segment: ह्यनुमितिप्रतिबन्धकीभूततादृशज्ञानविशेष्यत्वं	हि अनुमितिप्रतिबन्धकीभूततादृशज्ञानविशेष्यत्वं
segment: भुजगाहुतिप्रणयिनं यस्तर्पितः	भुजगाहुतिप्रणयिनम् यः तर्पितः
segment: धृतराष्ट्र एष	धृतराष्ट्रः एषः
segment: ऐश्वर्यं स्फीतमेतत्	ऐश्वर्यम् स्फीतम् एतत्
tag: अधिकः रामः भुङ्क्ते ।	अधिकः|ADJ रामः|NOUN भुङ्क्ते|VERB ।|SYM
segment: शस्त्रशाला बहुविधकरणैः	शस्त्रशालाः बहुविधकरणैः
segment: तदवच्छिन्नं प्रति	तदवच्छिन्नम् प्रति
segment: भवेन्नित्यं	भवेत् नित्यं
segment: रावणः---अभिधीयतां मद्वचनात्	रावणः---अभिधीयताम् मद् वचनात्
tag: नगरम् द्रुपदपुत्रेण युध्यति ।	नगरम्|NOUN द्रुपदपुत्रेण|NOUN युध्यति|VERB ।|SYM
segment: घटोत्कचः---कथं दुश्शासनो	घटोत्कचः---कथम् दुश्शासनः
segment: ततस्तुष्टः	ततः तुष्टः
segment: साम्प्रतं द्विधाभूत	साम्प्रतम् द्विधाभूतः
segment: तत्रभवन्तं तातमभिवादयिष्यामः	तत्रभवन्तम् तातम् अभिवादयिष्यामः
segment: तत्सम्भव इति	तत्सम्भवः इति
segment: दूत इति	दूतः इति
segment: काञ्चुकीयः---यदाज्ञापयति	काञ्चुकीयः---यद् आज्ञापयति
segment: कर्तुमर्हति	कर्तुम् अर्हति
segment: नभसीव	नभसि इव
segment: कार्यत्वादित्यादावप्रयोजकत्वाहितसाध्याभावांशसंशयीभूतपक्षीयव्यभिचारसन्देहप्रतिबन्धकत्वस्य	कार्यत्वात् इत्यादौ अप्रयोजकत्वाहितसाध्याभावांशसंशयीभूतपक्षीयव्यभिचारसन्देहप्रतिबन्धकत्वस्य
tag: मध्यमः आपत्सु गायति ।	मध्यमः|ADJ आपत्सु|NOUN गायति|VERB ।|SYM
segment: धृतराष्ट्रः---यदाज्ञापयति	धृतराष्ट्रः---यत् आज्ञापयति
segment: येनामृतं मातृविमोक्षणार्थम्	येन अमृतम् मातृविमोक्षणार्थम्
segment: तैरज्ञानस्यातिरिक्त	तैः अज्ञानस्य अतिरिक्त
segment: किं मेरुमन्दरकुलं	किम् मेरुमन्दरकुलम्
segment: स्वार्थानुमान इति	स्वार्थानुमाने इति
segment: प्रभृत्येव	प्रभृति एव
tag: सर्वेषाम् निरीक्षते ।	सर्वेषाम्|PRON निरीक्षते|VERB ।|SYM
segment: ईश्वरोऽपि	ईश्वरः अपि
segment: अद्वितीया गुणास्तस्याः	अद्वितीयाः गुणाः तस्याः
tag: सदा सिंहः श्रुत्वा ।	सदा|ADV सिंहः|NOUN श्रुत्वा|VERB ।|SYM
segment: वा	प्रायश्रित्त उत्तरकालरूपः वा
segment: भिन्नप्रकारकत्वान्न	भिन्नप्रकारकत्वात् न
segment: युक्त्यैव	युक्त्या एव
tag: क्षेत्रम् वीर्यवान् निन्दति ।	क्षेत्रम्|NOUN वीर्यवान्|ADJ निन्दति|VERB ।|SYM
tag: सुतं अब्रवीत् ।	सुतं|NOUN अब्रवीत्|VERB ।|SYM
segment: अस्मदीयैर्महावृक्षैरस्मदीया महबलाः	अस्मदीयैः महावृक्षैः अस्मदीयाः महबलाः
segment: द्रष्टुमाशया	द्रष्टुम् आशया
segment: कथं कथं	कथम् कथम्
segment: ज्ञात्वैतद् भिक्षुरेकोऽन्यं	ज्ञात्वा एतत् भिक्षुः एकः अन्यं
segment: देवदेवर्षिसिद्धविद्याधरगन्धर्वाप्सरोगणाः स्वविभवैर्भवन्तं	देवदेवर्षिसिद्धविद्याधरगन्धर्वाप्सरोगणाः स्वविभवैः भवन्तम्
segment: शरैश्छादिता	शरैः छादिता
segment: तदशौचबोधकस्यागमस्य	तत् अशौचबोधकस्य आगमस्य
segment: हनूमान्---अचिराद् द्रक्ष्यसि	हनूमान्---अचिरात् द्रक्ष्यसि
segment: महीमेकातपत्राङ्कां राजसिंहः	महीम् एकातपत्राङ्काम् राजसिंहः
segment: इवाशु	इव आशु
segment: वह्निव्यभिचारीति	वह्निव्यभिचारि इति
segment: आर्यपुत्रनामसंकीर्तनेनाहमेनेनाभिभाषिष्ये	आर्यपुत्रः नामसंकीर्तनेन अहम् एतेन अभिभाषिष्ये
segment: खल्वस्मि	खलु अस्मि
segment: स्वर्गं जित्वा	स्वर्गम् जित्वा
segment: पूर्वपक्षिणस्तस्येष्टत्वादिति	पूर्वपक्षिणः तस्य इष्टत्वात् इति
segment: .तस्मादुभयव्यावृत्तग्रहसामग्रीत्वेन	.तस्मात् उभयव्यावृत्तग्रहसामग्रीत्वेन
segment: जानामीत्यनुभव	जानामि इति अनुभव
segment: मुक्तिं प्रति	मुक्तिम् प्रति
segment: जातो धृतराष्ट्र	जातः धृतराष्ट्रः
segment: पार्वतीशङ्‌कराविव	पार्वतीशङ्‌करौ इव
segment: गन्तुं समर्थः	गन्तुम् समर्थः
segment: सम्बन्धो बन्धुभिः	सम्बन्धः बन्धुभिः
segment: सिद्धान्तो व्याहन्येत	सिद्धान्तः व्याहन्येत
segment: युगपरिणामसमुद्यतो यथार्कः	युगपरिणामसमुद्यतः यथा अर्कः
tag: मनुष्यः च पुस्तकम् जल्पति ।	मनुष्यः|NOUN च|CONJ पुस्तकम्|NOUN जल्पति|VERB ।|SYM
segment: प्रसादं पुनरगसुतया	प्रसादम् पुनः अगसुतया
tag: कार्यान्तरे ज्येष्ठः भवतु ।	कार्यान्तरे|NOUN ज्येष्ठः|ADJ भवतु|VERB ।|SYM
segment: प्रमाणाभावादिति	प्रमाणाभावात् इति
segment: तद् दलं	तत् दलं
segment: तरुणमधिकमर्थिप्रार्थनीयं पवित्रम्	तरुणम् अधिकम् अर्थिप्रार्थनीयम् पवित्रम्
segment: वृत्तान्त आर्यपुत्रस्य]	वृत्तान्तः आर्यपुत्रस्य]
segment: [गोसहस्रमिति	[गोसहस्रम् इति
segment: हेतुत्वप्रसङ्गादिति	हेतुत्वप्रसङ्गात् इति
segment: तं पश्य	तम् पश्य
segment: .वस्तुतस्तु	.वस्तुतः तु
segment: यतो हि	यतः हि
segment: प्रसन्नोऽस्मि	प्रसन्नः अस्मि
segment: स्यन्दनमानय	स्यन्दनम् आनय
segment: पुत्रमङ्कस्थमश्रुभिः	पुत्रम् अङ्कस्थम् अश्रुभिः
segment: तत्त्वज्ञानपदार्थस्तथापि	तत्त्वज्ञानपदार्थः तथापि
segment: स्फुरिताधरोष्ठ-	स्फुरिताधरोष्ठः
segment: मित्यस्यापि	मोक्षशब्दोत्तरनिमित्तसप्तमीप्रतिपादितमोक्षजनकत्वाश्रयप्रतिष्ठाविषयः अर्थः
segment: प्राप्ता वयं	प्राप्ताः वयम्
segment: हेतुत्वादीनामपि	हेतुत्वादीनाम् अपि
tag: शीतः वृक्षः गच्छति ।	शीतः|ADJ वृक्षः|NOUN गच्छति|VERB ।|SYM
segment: दुर्योधन इत	दुर्योधनः इतः
segment: रथारोहणं नाटयतः	रथारोहणम् नाटयतः
segment: समवेतकार्यं प्रत्येव	समवेतकार्यम् प्रति एव
segment: मदसरितकपोलं षट्पदैः	मदसरितकपोलम् षट्पदैः
segment: नेश्वरस्य	न ईश्वरस्य
segment: दुष्परिहरमेवेत्यधिकं सूक्ष्मार्थदर्शिभिः	दुष्परिहरम् एव इति अधिकम् सूक्ष्म अर्थदर्शिभिः
segment: पुलको यथैव	पुलकः यथा एव
segment: सेच्छति	स इच्छति
segment: मन्त्रयितुमिच्छामि	मन्त्रयितुम् इच्छामि
segment: न फलं	दुरितध्वंसः न
segment: तावदानन्तरीयं बलं	तावत् आनन्तरीयम् बलम्
segment: मार्गं न	मार्गम् न
segment: पार्थिवैर्भूमिश्चागतसंभ्रमेव	पार्थिवैः भूमिः चागतसंभ्रमा इव
tag: मधुरः राज्ञः विचारयति ।	मधुरः|ADJ राज्ञः|NOUN विचारयति|VERB ।|SYM
segment: इत्यत्र	इति अत्र
segment: सर्वस्कन्धावारं प्रविश्य	सर्वस्कन्धावारम् प्रविश्य
segment: चेष्टातो घटपटादिरूपकार्यसंभवादिति	चेष्टातः घटपटादिरूपकार्यसंभवात् इति
segment: तस्मादीश्वरस्य	तस्मात् ईश्वरस्य
tag: कुत्र काशी विनद्य ।	कुत्र|ADV काशी|NOUN विनद्य|VERB ।|SYM
segment: शङ्कुकर्ण---यदाज्ञापयति	शङ्कुकर्ण---यद् आज्ञापयति
segment: निष्फलं च	निष्फलम् च
segment: सर्वमिदं संभवित	सर्वम् इदम् संभवित
segment: तद् इदानिं	तत् इदानिं
tag: व्यापारिणाम् व्यासं बभूव ।	व्यापारिणाम्|NOUN व्यासं|NOUN बभूव|VERB ।|SYM
segment: आदावन्ते	आदौ अन्ते
segment: फलेन्नहि	फलेत् नहि
segment: करनिकरैर्हृदयं ममाभिपीड्य	करनिकरैः हृदयम् मम अभिपीड्य
segment: कथं तत्त्वज्ञानदुरितवद्भिन्न	कथम् तत्त्वज्ञानदुरितवद्भिन्न
segment: यदनेन	यत् अनेन
segment: साक्षादनुमिति	साक्षात् अनुमिति
segment: मुहूर्तकमारोहामि	मुहूर्तकम् आरोहामि
segment: दैत्येन्द्रा मम	दैत्येन्द्राः मम
segment: 'अत्यन्तासत्यपि	'अत्यन्तासति अपि
segment: गुरुभिर्धराधरवरैः	गुरुभिः धराधरवरैः
segment: निरूपकत्वाभावेनेश्वकृतौ	निरूपकत्व अभावेन ईश्वरकृतौ
segment: वृत्तान्तं रामपत्न्याः	वृत्तान्तम् रामपत्न्याः
segment: दुर्योधनः---कथं यास्यति	दुर्योधनः---कथम् यास्यति
tag: पुरुजित् गंगा वदति ।	पुरुजित्|NOUN गंगा|NOUN वदति|VERB ।|SYM
segment: तत्पूर्वमपि	तत्पूर्वम् अपि
segment: संदिग्धोपाध्याहितव्यभिचारसंदेहवदसाधारणाहितोऽपि	संदिग्धोपाध्याहितव्यभिचारसंदेहवदसाधारणाहितः अपि
tag: यज्ञः निकृष्टः घोषयति ।	यज्ञः|NOUN निकृष्टः|ADJ घोषयति|VERB ।|SYM
segment: तदपि	तत् अपि
segment: आनीयतां स	आनीयताम् सः
segment: क्वचिद् भीमावर्तः	क्वचित् भीमावर्तः
segment: जडो ज्ञेयो	जडः ज्ञेयः
segment: साक्षाद्विषयता	साक्षात् विषयता
segment: व्यर्थविशेषणत्वाच्च	व्यर्थविशेषणत्वात् च
segment: प्रहृतं नरेन्द्रैः	प्रहृतम् नरेन्द्रैः
segment: श्रियं च	श्रियम् च
segment: शीघ्र-	शीघ्रम्
segment: वैष्णवसन्तो हि	वैष्णवसन्तः हि
segment: विप्रियं कृत्वा	विप्रियम् कृत्वा
segment: सोऽपि	सः अपि
segment: रथमारूढवान्	रथम् आरूढवान्
segment: तेऽस्तु	ते अस्तु
segment: स्त्रिदशपतित्वमवाप्य	त्रिदशपतित्वम् अवाप्य
segment: किमस्य	किम् अस्य
segment: द्वैतवादापत्तेरिति	द्वैतवाद आपत्तेः इति
segment: चैतत्	च एतत्
segment: जनस्यादृष्टपूर्वोऽयं संभ्रमः	जनस्य अदृष्टपूर्वः अयम् संभ्रमः
segment: भावस्याद्वैतपदार्थतया	भावस्य अद्वैतपदार्थतया
tag: तदा गंगा करोति ।	तदा|ADV गंगा|NOUN करोति|VERB ।|SYM
segment: रिपुमण्डलं तत्	रिपुमण्डलम् तत्
segment: प्राचीनवेदान्तिग्रंथस्यापि	प्राचीनवेदान्तिग्रंथस्य अपि
segment: वागुराच्छन्नमाश्रित्य	वागुराच्छन्नम् आश्रित्य
segment: अञ्जनायां समुत्पन्नो	अञ्जनायाम् समुत्पन्नः
segment: तथापि	तथा अपि
segment: मां प्रहरेद्	माम् प्रहरेत्
tag: नदी ग्रामः खादति ।	नदी|NOUN ग्रामः|NOUN खादति|VERB ।|SYM
segment: गुरुर्वनभ्रमणपरिश्रमान्मदङ्के	गुरुः वनभ्रमणपरिश्रमात् मदङ्के
segment: नदन्तं	नदन्तम्
segment: प्रेषितो मां	प्रेषितः माम्
segment: स्वभावं विमुञ्चति	स्वभावम् विमुञ्चति
segment: जातो हि	जातः हि
segment: परमुखनिरिक्षकतयोपाधिवदुभयव्यावृत्तत्वं	परमुखनिरिक्षकतयोपाधिवत् उभयव्यावृत्तत्वं
segment: कारणत्वकल्पनस्यावश्यकत्वात्	कारणत्वकल्पनस्य आवश्यकत्वात्
segment: रामो विशुद्धमनसा	रामः विशुद्धमनसा
segment: लोकानामेवमेव	लोकानाम् एवम् एव
tag: अन्यत्र ब्रह्मा मन्यते ।	अन्यत्र|ADV ब्रह्मा|NOUN मन्यते|VERB ।|SYM
segment: राजंस्त्वद्दर्शनविकल्मषः	राजन् त्वद्दर्शनविकल्मषः
segment: अग्निः---एष भगवान्	अग्निः---एषः भगवान्
segment: तिष्ठेदानीम्	तिष्ठ इदानीम्
tag: तस्मै अस्ति ।	तस्मै|PRON अस्ति|VERB ।|SYM
segment: क्रौञ्चं यथा	क्रौञ्चम् यथा
segment: वैवश्यतस्तस्य	वैवश्यतः तस्य
segment: देवेन्द्रार्तिकरा निवातकवचा	देवेन्द्रार्तिकराः निवातकवचाः
segment: साध्येति	साध्ये इति
segment: वानरेणेति	वानरेण इति
segment: विपक्षव्यावृत्तत्वांशो दोषत्वेन	विपक्षव्यावृत्तत्वांशः दोषत्वेन
segment: मेऽद्य	मे अद्य
segment: सप्तच्छददानगन्धिनो	सप्तच्छददानगन्धिनः
segment: स्यन्दनं वाहयन्तम्	स्यन्दनम् वाहयन्तम्
segment: चोभयव्यावृत्तत्वस्य	च उभयव्यावृत्तत्वस्य
segment: घोषयात्रायां फल्गुनेनैव	घोषयात्रायाम् फल्गुनेन एव
segment: .तद्गोचर-क	.तत् गोचर-क
segment: तज्जन्यत्वं संभवति	तज्जन्यत्वम् संभवति
segment: तादृशसाक्षात्कारं प्रति	तादृशसाक्षात्कारम् प्रति
segment: व्यर्थविशेषणत्वमेव	व्यर्थविशेषणत्वम् एव
segment: कथं रामो	कथम् रामः
segment: ह्रस्वत्वं केशवस्य	ह्रस्वत्वम् केशवस्य
segment: वक्तव्यं दीर्घायुर्भवेति	वक्तव्यम् दीर्घायुः भव इति
tag: वेतालः च नारायणं भविष्यति ।	वेतालः|NOUN च|CONJ नारायणं|NOUN भविष्यति|VERB ।|SYM
segment: दर्पो मातृपक्षोग्ररूपो	दर्पः मातृपक्षोग्ररूपः
segment: तस्मादुत्पत्त्यसंभवात्	तस्मात् उत्पत्त्यसंभवात्
segment: कर्तव्यो भ्रातृषु	कर्तव्यः भ्रातृषु
segment: कथनस्यासंभव	कथनस्य असंभव
segment: कुमारोऽभिमन्युः	कुमारः अभिमन्युः
segment: वाली---अगम्यागमनेनेति	वाली---अगम्यागमनेन इति
segment: तस्येश्वरज्ञानस्यैवेदानीं	तस्य ईश्वरज्ञानस्य एव इदानीं
tag: ततः श्वेतैः हयैः युक्ते महति स्यन्दने स्थितौ । माधवः पाण्डवः च एव दिव्यौ शङ्खौ प्रदध्मतुः ॥	ततः|ADV श्वेतैः|ADJ हयैः|NOUN युक्ते|ADJ महति|ADJ स्यन्दने|NOUN स्थितौ|ADJ ।|SYM माधवः|NOUN पाण्डवः|NOUN च|CONJ एव|PART दिव्यौ|ADJ शङ्खौ|NOUN प्रदध्मतुः|VERB ॥|SYM
segment: तावदस्त्रस्य	तावद् अस्त्रस्य
segment: निष्क्रान्तो हनुमान्)	निष्क्रान्तः हनुमान्)
segment: यद्यपीति	यद्यपि इति
segment: अतोऽप्यधीयताम्	अतः अपि अधीयताम्
tag: ततः शङ्खाः च भेर्यः च पणवानकगोमुखाः । सहसा एव अभ्यहन्यन्त सः शब्दः तुमुलः अभवत् ॥	ततः|ADV शङ्खाः|NOUN च|CONJ भेर्यः|NOUN च|CONJ पणवानकगोमुखाः|NOUN ।|SYM सहसा|ADV एव|PART अभ्यहन्यन्त|VERB सः|PRON शब्दः|NOUN तुमुलः|ADJ अभवत्|VERB ॥|SYM
segment: इदानीमर्जुनः	इदानीम् अर्जुनः
segment: सत्प्रतिपक्षितत्वबुद्धेर्यथार्थत्वेन	सत्प्रतिपक्षितत्वबुद्धेः यथार्थत्वेन
segment: प्रागभावाप्रतियोगित्वं वा	प्रागभावाप्रतियोगित्वम् वा
segment: मच्छिरो ददामि	मच्छिरः ददामि
segment: विरुद्धस्यापि	विरुद्धस्य अपि
segment: गुरुर्वदति	गुरुः वदति
segment: तद्भिन्नत्वं वेत्यत्र	तद्भिन्नत्वम् वेति अत्र
tag: यः विचारयति ।	यः|PRON विचारयति|VERB ।|SYM
segment: एवेति	एव इति
segment: ध्यानसंवीतहृदयानशनक्षामवदना	ध्यानसंवीतहृदया अनशनक्षामवदना
tag: महेष्वासाः काशी मारयति ।	महेष्वासाः|ADJ काशी|NOUN मारयति|VERB ।|SYM
segment: पितामहं द्रष्टुमाशया	पितामहम् द्रष्टुम् आशया
segment: मद्बाणवेगार्दितं	मद्बाणवेगार्दितम्
segment: तन्नीडं	तत् नीडं
tag: अशक्तः पणवानकगोमुखाः ब्रवीमि ।	अशक्तः|ADJ पणवानकगोमुखाः|NOUN ब्रवीमि|VERB ।|SYM
segment: यात्रायामपरिग्रहः	यात्रायाम् अपरिग्रहः
segment: प्राप्त एव	प्राप्तः एव
segment: स्त्रीस्वभावोपपन्नं	स्त्रीस्वभावोपपन्नम्
tag: तानि पठति ।	तानि|PRON पठति|VERB ।|SYM
segment: बहिरागच्छन्	बहिः आगच्छन्
segment: सर्वापराधेष्ववध्याः	सर्वापराधेषु अवध्याः
segment: वह्निव्यभिचरितो धूम	वह्निव्यभिचरितः धूमः
segment: हेत्वाभासपदवाच्य इति	हेत्वाभासपदवाच्यः इति
segment: खल्वेतत्	खलु एतत्
segment: मां	माम्
tag: कविर्मुनिः धीमान् समीक्षते ।	कविर्मुनिः|NOUN धीमान्|ADJ समीक्षते|VERB ।|SYM
segment: परमाणुरूपं शरीरं	परमाणुरूपम् शरीरम्
segment: दृष्ट्वास्पदमलभमानौ	दृष्ट्वा आस्पदम् अलभमानौ
segment: शरणार्थमुपागतः	शरणार्थम् उपागतः
segment: .यथोक्ते	.यथा उक्ते
segment: ज्ञानेऽपि	ज्ञाने अपि
segment: साध्याभावानुमितिसामग्री.प्रतिबन्धकत्वादित्येवमेवेति	साध्याभावानुमितिसामग्रीप्रतिबन्धकत्वात् इति एवम् एव इति
segment: एतच्चर्मासनम्	एतत् चर्मासनम्
segment: ज्ञानाभाव	ज्ञान अभाव
segment: ज्वलित इव	ज्वलितः इव
segment: देयं तथापि	देयम् तथापि
segment: ...तद्वत्त्वविरहादेव-क	...तद्वत् तु अविरहात् एव-क
tag: अस्माकम् तु विशिष्टाः ये तान् निबोध द्विजोत्तम । नायकाः मम सैन्यस्य संज्ञार्थम् तान् ब्रवीमि ते ॥	अस्माकम्|PRON तु|PART विशिष्टाः|ADJ ये|PRON तान्|PRON निबोध|VERB द्विजोत्तम|NOUN ।|SYM नायकाः|NOUN मम|PRON सैन्यस्य|NOUN संज्ञार्थम्|ADV तान्|PRON ब्रवीमि|VERB ते|PRON ॥|SYM
segment: परमात्मनोपि	परमात्मनः अपि
segment: सुव्यक्तं धनुषि	सुव्यक्तम् धनुषि
tag: नानाशस्त्रप्रहरणाः विक्रमादित्यः श्रुत्वा ।	नानाशस्त्रप्रहरणाः|ADJ विक्रमादित्यः|NOUN श्रुत्वा|VERB ।|SYM
tag: क्षेत्रम् च स्त्री प्रकाशयति ।	क्षेत्रम्|NOUN च|CONJ स्त्री|NOUN प्रकाशयति|VERB ।|SYM
tag: भीष्मम् धनवान् ददति ।	भीष्मम्|NOUN धनवान्|ADJ ददति|VERB ।|SYM
segment: चोभयव्यावृत्तत्वे	च उभयव्यावृत्तत्वे
segment: वयमार्यस्याभिप्रायमनुवर्तितारः	वयम् आर्यस्य अभिप्रायम् अनुवर्तितारः
tag: महेशः उत्तमः जगाद ।	महेशः|NOUN उत्तमः|ADJ जगाद|VERB ।|SYM
segment: सत्प्रतिपक्षसंभवान्नोपदर्शितानुमानज्जन्यमात्रे	सत्प्रतिपक्षसंभवात् न उपदर्शितानुमानत् जन्यमात्रे
segment: ममागमनं रावणाय	मम आगमनम् रावणाय
segment: अयमङ्गराजः	अयम् अङ्गराजः
segment: चैकपक्षधर्मताविषयत्वेनेति	च एकपक्षधर्मताविषयत्वेन इति
segment: विशेषणमेव	विशेषणम् एव
segment: कथं कथं	कथम् कथम्
segment: तथैव	तथा एव
segment: प्रवेश्यतां विभीषणः	प्रवेश्यताम् विभीषणः
segment: धृतराष्ट्रः---कथमिदानीं वृत्तमेतत्	धृतराष्ट्रः---कथम् इदानीम् वृत्तम् एतत्
segment: जीविता इह	जीविताः इह
segment: तृतीयोऽङ्कः	तृतीयः अङ्कः
segment: सिद्ध्यतीति	सिद्ध्यति इति
segment: नेच्छामि	न इच्छामि
segment: भूयांसो	भूयांसः
segment: ज्ञानं प्रति	ज्ञानम् प्रति
segment: स्याद् विफलः	स्यात् विफलः
tag: देवं सर्वेषु प्रोक्तः ।	देवं|NOUN सर्वेषु|ADJ प्रोक्तः|VERB ।|SYM
segment: बध्यतामयं केशवः	बध्यताम् अयम् केशवः
segment: परिगृह्यतां नः	परिगृह्यताम् नः
segment: विवक्षायां प्रयोजनाभाव	विवक्षायाम् प्रयोजनाभाव
segment: सिद्धमस्मत्कार्यम्	सिद्धम् अस्मत्कार्यम्
segment: किंचिदनुपपन्नम्	किंचित् अनुपपन्नम्
segment: भवतां चक्रायुधः	भवताम् चक्रायुधः
segment: नेत्यर्थः	न इति अर्थः
segment: यत्राऽऽयान्ति	यात्रा आयान्ति
segment: पुनर्दुवारत्वादिति	पुनः दुवारत्वात् इति
segment: वा प्रायश्रित्तोत्तरकालरूपो	दुःखप्रागभावस्वरूपः वा
tag: पितृ अन्यायः आगच्छति ।	पितृ|NOUN अन्यायः|NOUN आगच्छति|VERB ।|SYM
segment: हेतुत्वेनैव	हेतुत्वेन एव
segment: दशायामपि	दशायाम् अपि
segment: मां सुयोधनः	माम् सुयोधनः
segment: तं कमललोचनमुग्रचापं	तम् कमललोचनम् उग्रचापम्
segment: कार्यत्वरूपहेतोर्भागासिद्धेरिति	कार्यत्वरूपहेतोः भागासिद्धेः इति
segment: ग्रहमिव	ग्रहम् इव
segment: कृतार्थगणनामहमद्य	कृतार्थगणनाम् अहम् अद्य
segment: साध्यवदन्यवृत्तित्वमित्यर्थः	साध्यवत् अन्यवृत्तित्वम् इति अर्थः
segment: खल्वयं	खलु अयं
segment: किं ते	किम् ते
segment: अलमतिसाहसेन	अलम् अतिसाहसेन
segment: वक्तव्यमिति	वक्तव्यम् इति
segment: निवातकवचप्राणोपहारार्चितं	निवातकवचप्राणोपहारार्चितम्
segment: महद् आश्चर्यं	महत् आश्चर्यं
segment: राजंस्तव	राजन् तव
segment: पृच्छास्त्रैः	पृच्छ अस्त्रैः
segment: तादृशज्ञानविषयो हेत्वाभास	तादृशज्ञानविषयः हेत्वाभासः
segment: दर्शनीयोऽयं चित्रपटः	दर्शनीयः अयम् चित्रपटः
segment: नागमिष्यति	न आगमिष्यति
segment: भर्तर्यत्र	भर्तरि अत्र
segment: प्रवेशासंभवात्	प्रवेश असंभवात्
segment: संबन्धाङ्गीकारादुपदर्शितरीत्या	संबन्धाङ्गीकारात् उपदर्शितरीत्या
segment: वेदान्तविचारः	वेद अन्त विचारः
segment: तदर्थत्वसंभवेनानुपपत्त्यभावादिति	तदर्थत्वसंभवेन अनुपपत्त्यभावात् इति
segment: सदैवैका	सदा एव एका
segment: कुमारपादमूलमेव	कुमारपादमूलम् एव
segment: एष दुःशासनो	एषः दुःशासनः
segment: कार्यत्वावच्छिन्नं प्रति	कार्यत्वावच्छिन्नम् प्रति
tag: पुरुजित् कुन्तिभोजः च शैब्यः च नरपुङ्गवः । युधामन्युः च विक्रान्तः उत्तमौजाः च वीर्यवान् ॥	पुरुजित्|NOUN कुन्तिभोजः|NOUN च|CONJ शैब्यः|NOUN च|CONJ नरपुङ्गवः|NOUN ।|SYM युधामन्युः|NOUN च|CONJ विक्रान्तः|ADJ उत्तमौजाः|NOUN च|CONJ वीर्यवान्|ADJ ॥|SYM
segment: प्रवृत्तिं ज्ञात्वा	प्रवृत्तिम् ज्ञात्वा
tag: विक्रमादित्यः ज्ञानम् अभ्यहन्यन्त ।	विक्रमादित्यः|NOUN ज्ञानम्|NOUN अभ्यहन्यन्त|VERB ।|SYM
segment: वयो लिङ्गं	वयः लिङ्गं
tag: अशोकः अश्वः बोधयति ।	अशोकः|NOUN अश्वः|NOUN बोधयति|VERB ।|SYM
segment: गौरवाच्चेति	गौरवात् चेति
segment: वक्ष्यमाणासंकीर्णबाधस्थलेऽव्याप्तेर्वज्रलेपत्वात्	वक्ष्यमाणासंकीर्णबाधस्थले अव्याप्तेः वज्रलेपत्वात्
segment: मयाद्य	मया अद्य
segment: अलमलं संभ्रमेण	अलम् अलम् संभ्रमेण
tag: स्थिरः युयुधानः प्रकाशयति ।	स्थिरः|ADJ युयुधानः|NOUN प्रकाशयति|VERB ।|SYM
segment: यत्तु	यत् तु
tag: नगरम् नाम दिदृक्षते ।	नगरम्|NOUN नाम|NOUN दिदृक्षते|VERB ।|SYM
segment: नासिकामपि	नासिकाम् अपि
segment: पद्भ्यां	पद्भ्याम्
tag: आशा धनी ददति ।	आशा|NOUN धनी|ADJ ददति|VERB ।|SYM
segment: हन्तुं समुद्योगः	हन्तुम् समुद्योगः
tag: एते सैन्यस्य भुङ्क्ते ।	एते|PRON सैन्यस्य|NOUN भुङ्क्ते|VERB ।|SYM
segment: प्रारब्धदुरितान्यत्वमवश्यं निवेशनीयम्	प्रारब्धदुरित अन्यत्वम् अवश्यम् निवेशनीयम्
segment: जातिर्द्विविधा	जातिः द्विविधा
segment: वृत्तिप्रयत्नवदात्मसंयोगस्य	वृत्तिप्रयत्नवत् आत्मसंयोगस्य
segment: वृद्धिर्भविष्यति	वृद्धिः भविष्यति
segment: चैवं सत्यनुमित्यादेरप्यपरोक्षत्वापत्तिः	च एवम् सत्यनुमिति आदेः अपि अपरोक्षत्वापत्तिः
tag: ब्रह्मा अस्ति ।	ब्रह्मा|NOUN अस्ति|VERB ।|SYM
segment: क्षतिर्भवेत्	क्षतिः भवेत्
segment: यशसो भाजनेन	यशसः भाजनेन
segment: मुक्तेरपुरूषार्थप्रसङ्ग	मुक्तेः अपुरूषार्थ
segment: विभीषणः---तदेव	विभीषणः---तद् एव
segment: नास्ति	न अस्ति
segment: सममभ्युदयेन	समम् अभ्युदयेन
segment: शत्रुणाऽपि	शत्रुणा अपि
segment: करणवृत्तेर्वह्निसंबंधदशायां बह्न्यनुमितिस्तदा	करणवृत्तेः वह्निसंबंधदशायाम् वह्नि अनुमितिः तदा
segment: नाशकेनेति	नाशकेन इति
tag: कुशलः देवः पठति ।	कुशलः|ADJ देवः|NOUN पठति|VERB ।|SYM
tag: यः अभिरक्षन्तु ।	यः|PRON अभिरक्षन्तु|VERB ।|SYM
segment: सत्प्रतिपक्षितत्वविशिष्टमिति-ख	सत्प्रतिपक्षितत्वविशिष्टम् इति-ख
segment: कुमारमन्तरेणानृतं नाभिधीयते	कुमारम् अन्तरेण अनृतम् न अभिधीयते
segment: व्याप्त्यवधारणादनुमितिरूपं	व्याप्त्यवधारणात् अनुमितिरूपं
tag: व्यापारी अधिकः शिक्षते ।	व्यापारी|NOUN अधिकः|ADJ शिक्षते|VERB ।|SYM
segment: कथं बलवद्विग्रहो	कथम् बलवद्विग्रहः
tag: मृदुः महाभारतम् ब्रवीमि ।	मृदुः|ADJ महाभारतम्|NOUN ब्रवीमि|VERB ।|SYM
segment: ज्ञाननिवृत्तिस्वीकारेपि	ज्ञाननिवृत्तिस्वीकारे अपि
segment: एष दुरात्मा	एषः दुरात्मा
segment: श्वेतोऽभवत्	श्वेतः अभवत्
tag: सा मार्गः अभवत् ।	सा|PRON मार्गः|NOUN अभवत्|VERB ।|SYM
segment: रावणस्यावलेपः	रावणस्य अवलेपः
segment: प्रतिबन्धकत्वान्न	प्रतिबन्धकत्वात् न
segment: नोत्सहे	न उत्सहे
segment: ज्ञानेच्छायोरङ्गीकारे	ज्ञानेच्छायोः अङ्गीकारे
segment: पुनर्विचार्य	पुनः विचार्य
tag: नरः च कन्याकुब्जा मारयति ।	नरः|NOUN च|CONJ कन्याकुब्जा|NOUN मारयति|VERB ।|SYM
segment: स्वप्नो मया	स्वप्नः मया
segment: अयमत्रभवान्	अयम् अत्रभवान्
segment: विस्मर्तव्या गुणेतराः	विस्मर्तव्याः गुणेतराः
segment: तद्वत्त्वगोचरत्वं	तद्वत् तु अगोचरत्वं
segment: त्वन्येन--ख	तु अन्येन--ख
