input	output
segment: तत्रानुमित्यप्रतिबन्धात्	तत्र अनुमित्यप्रतिबन्धात्
segment: केवलमीश्वरः	केवलम् ईश्वरः
segment: नासम्भवः	न असम्भवः
segment: ग्रहगणचरितं वा	ग्रहगणचरितम् वा
segment: विचित्रवीर्यो विषयी	विचित्रवीर्यः विषयी
segment: यो यस्माज्जायते	यः यस्मात् जायते
segment: नाव्याप्तिः	न अव्याप्तिः
segment: वचनगतसिद्धिमपि	वचनगतसिद्धिम् अपि
segment: अतिव्याप्तेरेवेत्यर्थः	अतिव्याप्तेः एव इति अर्थः
segment: मुनिशापमाप्तवान्	मुनिशापम् आप्तवान्
segment: मां दृष्ट्वा	माम् दृष्ट्वा
segment: व्यभिचारवारणार्थं तत्त्वज्ञाननिष्ठयोगाभ्यास	व्यभिचारवारणार्थम् तत्त्वज्ञाननिष्ठयोगाभ्यास
segment: घटत्वादिनानाहेतुतयैव	घटत्वादिनानाहेतुतया एव
segment: साध्याभावप्रतियोगिकव्यतिरेकव्याप्तेरेव	साध्याभावप्रतियोगिकव्यतिरेकव्याप्तेः एव
segment: तन्न	तत् न
segment: यो वचनगतसिद्धिमपि	यः वचनगतसिद्धिम् अपि
segment: मदो मधुसूदनस्य	मदः मधुसूदनस्य
segment: माऽधुना	मा अधुना
segment: नद्यश्च	नद्यः च
segment: किं घटत्वादिवृत्तिविषयतासंबन्धेन	किम् घटत्वादिवृत्तिविषयतासंबन्धेन
segment: चापि	च अपि
segment: जनतेच्छति	जनता इच्छति
segment: एता रावणजीमूताद्	एताः रावणजीमूतात्
segment: .तद्विषयकत्वेन	.तत् विषयकत्वेन
segment: त्रिभुवनं सृष्टं	त्रिभुवनम् सृष्टम्
segment: नदन्तं	नदन्तम्
segment: घटत्वादिमत्तद्भेद	घटत्वादिमत् तत् भेद
segment: सतां विहाय	सताम् विहाय
segment: कञ्चिद् दर्शयते	कञ्चित् दर्शयते
segment: किं नु	किम् नु
segment: निगृह्यानय	निगृह्य आनय
segment: तथापि	तथा अपि
segment: चात्रापि	च अत्र अपि
segment: तस्यैव	तस्य एव
segment: ज्ञानरूपसम्बन्धमादाय	ज्ञानरूपसम्बन्धम् आदाय
segment: सृजन्तं नदन्तं	सृजन्तम् नदन्तम्
segment: गोवधादिजन्यतावच्छेकदुःख	गोवध आदिजन्यतावच्छेकदुःख
segment: .चायथार्थत्वनियमेनोक्तदोषापरिहारः	.च अयथार्थत्वनियमेन उक्तदोषापरिहारः
segment: सारो भगवदाश्रयः	सारः भगवदाश्रयः
segment: हेममालिनं वालिनं	हेममालिनम् वालिनम्
segment: सर्वेः---कथमाशीर्वचनं न	सर्वेः---कथम् आशीर्वचनम् न
segment: हेतुभेदाभेदस्यैव	हेतुभेदाभेदस्य इव
segment: कुमारमक्षमाज्ञापय	कुमारम् अक्षम् आज्ञापय
segment: जातो धृतराष्ट्र	जातः धृतराष्ट्रः
segment: दशग्रीवो राजलक्ष्मीमनुत्तमाम्	दशग्रीवः राजलक्ष्मीम् अनुत्तमाम्
segment: षष्ठोऽङ्कः	षष्ठः अङ्कः
segment: तत्साध्याभावोपापकत्वात्दुद्भावनमृचिम्	तत्साध्याभावोपापकत्वात् उद्भावनमृचिम्
segment: क्रोधविस्फारिताक्षा	क्रोधविस्फारिताक्षाः
segment: तादृशवैजात्यं च	तादृशवैजात्यम् च
segment: कृपणो जायते	कृपणः जायते
segment: चैतदुद्भावनमिष्टमेव	च एतत् उद्भावनम् इष्टम् एव
segment: वरोऽपि	वरः अपि
segment: प्रत्यक्षविषयत्वसंभवादीश्वरात्म	प्रत्यक्षविषयत्वसंभवादि ईश्वरात्म
segment: हृदयस्याद्यावेग इव	हृदयस्य अद्य आवेगः इव
segment: तद्वत्त्वप्रकारकयथार्थज्ञानविशेष्यत्वस्य	तद्वत् तु अप्रकारकयथार्थज्ञानविशेष्यत्वस्य
segment: धारयन्त्येकवेणीं	धारयन्तीं एकवेणीम्
segment: हेतोर्वृत्तिमत्त्वं	हेतोः वृत्तिमत्त्वं
segment: एवाग्रे	एव अग्रे
segment: शरीरत्वमिति	शरीरत्वम् इति
segment: तनुमास्थिता	तनुम् आस्थिता
segment: कृष्णो गच्छति	कृष्णः गच्छति
segment: कर्तव्येनाभग्नस्य	कर्तव्येन अभग्नस्य
segment: तथाविधानुभवस्य	तथाविध अनुभवस्य
segment: प्रमाण्यमिति	प्रमाण्यम् इति
segment: कथनस्यासंभव	कथनस्य असंभव
segment: प्राप्तोऽस्मि	प्राप्तः अस्मि
segment: किं न	किम् न
segment: हितं पश्यामि	हितम् पश्यामि
segment: एता उर्वश्यादयोऽप्सरसो	एताः उर्वश्यादयः अप्सरसः
segment: एह्येहि	एहि एहि
segment: यज्ज्ञाने	यत् ज्ञाने
segment: एतदेव	एतद् एव
segment: समं सुतेनाप्रतिमं	समम् सुतेन अप्रतिमम्
segment: पिष्टपेषणमेतावत्	पिष्टपेषणम् एतावत्
segment: दण्ड्योऽस्मि	दण्ड्यः अस्मि
segment: स्वप्रकृतेस्त्यागं	स्वप्रकृतेः त्यागं
segment: इहोपलप्स्यति	इह उपलप्स्यति
segment: पश्येतां भवन्तौ	पश्येताम् भवन्तौ
segment: बलमाज्ञापयितुमर्हति	बलम् आज्ञापयितुम् अर्हति
segment: तत्त्वमसि	तत्त्वम् असि
segment: नानिष्टं	न अनिष्टं
segment: मुक्तित्वमिति	मुक्तित्वम् इति
segment: यात्राङ्कुरविशेषेण	यत्र अङ्कुरविशेषेण
segment: भगवद्गुणान्	भगवत् गुणान्
segment: स्यन्दनमानय	स्यन्दनम् आनय
segment: तातमभिवादयिष्यामः	तातम् अभिवादयिष्यामः
segment: रामः---अनुगृहीतोऽस्मि	रामः---अनुगृहीतः अस्मि
segment: स्वोत्तरोत्पन्नाविशेषगुणेनान्यथासिद्धत्वात्	स्वोत्तरोत्पन्नाविशेषगुणेन अन्यथासिद्धत्वात्
segment: कर्तुमर्हति	कर्तुम् अर्हति
segment: गौररहं स्थूल	गौररहम् स्थूल
segment: तृणान्तराभिभाष्यो भवान्	तृणान्तराभिभाष्यः भवान्
segment: परिमाणादिनिष्ठतामादाय	परिमाणादिनिष्ठताम् आदाय
segment: विशिष्टदुरितवद्भिन्नत्वं वेत्यत्र	विशिष्टदुरितवद्भिन्नत्वम् वेति अत्र
segment: व्यभिचाराननुमितौ	व्यभिचारान् अनुमितौ
segment: जीवितमप्रियम्	जीवितम् अप्रियम्
segment: नान्त्यः-ख	न अन्त्यः-ख
segment: प्रेषितोऽहं नरेन्द्रेण	प्रेषितः अहम् नरेन्द्रेण
segment: यतयोपदर्शित	यतया उपदर्शित
segment: स्वरूपमित्यर्थः	स्वरूपम् इति अर्थः
segment: अनित्यत्वादनित्यदोषत्वम्	अनित्यत्ववत् अनित्यदोषत्वम्
segment: नास्तीति	न अस्ति इति
segment: आहूयतां स	आहूयताम् सः
segment: शङ्करं वा	शङ्करम् वा
segment: पाण्डवशिबिरमेव	पाण्डवशिबिरम् एव
segment: एवं सति	एवम् सति
segment: निरूपकत्वाभ्युपगमेनैवोपपत्तौ	निरूपकत्व अभ्युपगमेन एव उपपत्तौ
segment: तावद् भोः	तावत् भोः
segment: यो हि	यः हि
segment: भृशशोकतप्तमनसो रामस्य	भृशशोकतप्तमनसः रामस्य
segment: तच्च	तत् च
segment: (प्रविश्यान्यो राक्षसः)	(प्रविश्यान्यः राक्षसः)
segment: तत्र	स्वसामान्याधि(धी)न आत्यन्तिकतया
segment: समास्थायच्छलेनापहृता	समास्थाय छलेन अपहृता
segment: क्रमान्निवेश्यमानासु	क्रमात् निवेश्यमानासु
segment: बोधोबाधकाभावादिति	बोधोबाधकाभावात् इति
segment: आदावन्ते	आदौ अन्ते
segment: दष्टोष्ठो मुष्टिमुद्यम्य	दष्टोष्ठः मुष्टिम् उद्यम्य
segment: जन्यापरोक्षत्वावच्छिन्नं प्रति	जन्यापरोक्षत्वावच्छिन्नम् प्रति
segment: यो गाधिपुत्रमखविघ्नकराभिहन्ता	यः गाधिपुत्रमखविघ्नकराभिहन्ता
segment: युक्तरूपोऽस्य	युक्तरूपः अस्य
segment: यद् रोचते	यत् रोचते
segment: धर्षितस्तेन	धर्षितः तेन
segment: पक्षतावच्छेदकत्वेपि	पक्षतावच्छेदकत्वे अपि
segment: वापराधेऽनयोर्वानरचापलं क्षन्तुमर्हसि	वा अपराधे अनयोः वानरचापलम् क्षन्तुम् अर्हसि
segment: तावन्मम	तावत् मम
segment: पुरामृतमन्थनेऽपि	पुरा अमृतमन्थने अपि
segment: निरवच्छिन्नत्वज्ञानत्वयोर्विशेष्यविशेषणभावे	निरवच्छिन्नत्वज्ञानत्वयोः विशेष्यविशेषणभावे
segment: ध्वंसत्वस्यार्थसमाजग्रस्तत्वे	ध्वंसत्वस्य अर्थसमाजग्रस्तत्वे
segment: कनकखचितपृष्ठं भाति	कनकखचितपृष्ठम् भाति
segment: सविषयकत्वमिति	सविषयकत्वम् इति
segment: पल्लवान्न	पल्लवान् न
segment: अतितपत्यादित्यः	अतितपति आदित्यः
segment: सत्यदृष्टजनकास्मदादितथाविधकृतिजन्यत्वमादाय	सत्यदृष्टजनकास्मत् आदितथाविधकृतिजन्यत्वम् आदाय
segment: कोऽत्र	कः अत्र
segment: हरीणामधिपेन	हरीणाम् अधिपेन
segment: सत्यनुमित्यभावनियमस्तादृशं	सति अनुमित्यभावनियमः तादृशं
segment: भवन्तं पृच्छामि	भवन्तम् पृच्छामि
segment: वच्छेदकमित्यामनन्ति	वच्छेदकम् इति आमनन्ति
segment: वायुसुतश्च	वायुसुतः च
segment: दर्शितमिति	दर्शितम् इति
segment: विशिष्टबुद्धिं प्रति	विशिष्टबुद्धिम् प्रति
segment: वानरमानय	वानरम् आनय
segment: तन्मम	तत् मम
segment: कथं सुग्रीव	कथम् सुग्रीवः
segment: स्वैरमेकान्ते	स्वैरम् एकान्ते
segment: परस्परं व्यभिचारेण	परस्परम् व्यभिचारेण
segment: रामो वदति	रामः वदति
segment: एवं च	एवम् च
segment: .चाप्तवाक्यादेरनित्यत्वप्रतियोगिकव्यतिरेकव्याप्तिमात्रग्रहः	.च आप्तवाक्यादेः अनित्यत्वप्रतियोगिकव्यतिरेकव्याप्तिमात्रग्रहः
segment: गिरिवरं युधि	गिरिवरम् युधि
segment: कुलप्रवालं परिगृह्यतां	कुलप्रवालम् परिगृह्यताम्
segment: सङ्‌कटेऽप्यागते	सङ्‌कटे अपि आगते
segment: नासिकामपि	नासिकाम् अपि
segment: चैवं	च एवं
segment: व्याख्येय इति	व्याख्येयः इति
segment: सन्तोषितो	सन्तोषितः
segment: महाराजायाङ्गेश्वराय	महाराजाय अङ्गेश्वराय
segment: अभिषेकनाटकं समाप्तम्	अभिषेकनाटकम् समाप्तम्
segment: इष्टापत्तेश्च	इष्टापत्तेः च
segment: द्रौपदीकेशाम्बरावकर्षणमालिखितम्	द्रौपदीकेशाम्बरावकर्षणम् आलिखितम्
segment: विनाशोऽभ्यागत इति	विनाशः अभ्यागतः इति
segment: वैधव्यमश्लाघ्यमवाप्स्यतीति	वैधव्यम् अश्लाघ्यम् अवाप्स्यति इति
segment: पूर्वदर्शितलाघवात्तादुशाज्ञाननिवृत्तित्वावच्छिन्नं प्रति	पूर्वदर्शितलाघवात् तादुशाज्ञाननिवृत्तित्वावच्छिन्नम् प्रति
segment: नेच्छामि	न इच्छामि
segment: परिखेदलब्धं	परिखेदलब्धम्
segment: (कोटरादवरुह्य)	(कोटरात् अवरुह्य)
segment: वक्तव्यं	वक्तव्यम्
segment: सांसारिकपदार्था हि	सांसारिकपदार्थाः हि
segment: कुलेऽस्मिन्	कुले अस्मिन्
segment: आनीयतां स	आनीयताम् सः
segment: संकोचकल्पनस्यावश्यकत्वात्	संकोचकल्पनस्य आवश्यकत्वात्
segment: सामर्थ्यं पश्यामि	सामर्थ्यम् पश्यामि
segment: विरुद्धस्यापि	विरुद्धस्य अपि
segment: मानुषीं तनुमास्थिता	मानुषीम् तनुम् आस्थिता
segment: विद्युल्लताकपिलतुङ्गजटाकलाप-	विद्युल्लताकपिलतुङ्गजटाकलापम्
segment: प्रतिज्ञातं किलानेन	प्रतिज्ञातम् किल अनेन
segment: सततं द्यूतशालिना	सततम् द्यूतशालिना
segment: एष युधिष्ठिरः	एषः युधिष्ठिरः
segment: वृत्तिमत्वेनान्यतराधिकरणवृत्तित्वनिश्चयेन	वृत्तिमत्वेन अन्यतराधिकरणवृत्तित्वनिश्चयेन
segment: तत्त्वज्ञानं प्रति	तत्त्वज्ञानम् प्रति
segment: धैर्यं हि	धैर्यम् हि
segment: उक्तदोषावकाशस्तदेव	उक्तदोषावकाशः तदेव
segment: महाराजो नास्त	महाराजः न आस्ते
segment: धरणीमप्यारूढं नभस्थलम्	धरणीम् अपि आरूढम् नभस्थलम्
segment: प्रसादाद्	प्रसादात्
segment: तद् भवद्भिः	तत् भवद्भिः
segment: वध्यत्वाच्च	वध्यत्वात् च
segment: प्रतिबन्धकत्वमेव	प्रतिबन्धकत्वम् एव
segment: तदपि	तत् अपि
segment: ततो भवति	ततः भवति
segment: तद्रथं लङ्घयित्वा	तत् रथम् लङ्घयित्वा
segment: धर्म्यं यद्	धर्म्यम् यत्
segment: तस्मादागच्छ	तस्मात् आगच्छ
segment: अत एव	अतः एव
segment: प्रतिगृह्यतामस्मत्कुलधनं	प्रतिगृह्यताम् अस्मत्कुलधनं
segment: निश्चितसाध्यवदन्यवृत्तित्वम्	निश्चितसाध्यवत् अन्यवृत्तित्वम्
segment: बलवद्विग्रहो नाम	बलवद्विग्रहः नाम
segment: स्वैर्दुष्कृतैर्जीवितम्	स्वैः दुष्कृतैः जीवितम्
segment: क्वचिदपि	क्वचित् अपि
segment: मूलप्रकृत्यपरनामकस्य	मूलप्रकृति अपरनामकस्य
segment: स प्रियपाण्डवत्वात्	सः प्रियपाण्डवत्वात्
segment: किमिति	किम् इति
segment: हेतोर्ज्ञानेन	हेतोः ज्ञानेन
segment: .हेतुभेदमात्रस्याप्रयोजकत्वात्	.हेतुभेदमात्रस्य अप्रयोजकत्वात्
segment: स्वरश्मिजालैर्धरणिं दहन्तौ	स्वरश्मिजालैः धरणिम् दहन्तौ
segment: संवृत्तं तुमुलं	संवृत्तम् तुमुलम्
segment: स कालः	सः कालः
segment: तदेतरत्रापि	तत् इतरत्र अपि
segment: मुक्तित्वकथनं दुरूपवादमेवेति	मुक्तित्वकथनम् दुरूपवादम् एव इति
segment: प्रागभावविशेशणेनेति	प्रागभावविशेशणेन इति
segment: चोद्यतां मम	चोद्यताम् मम
segment: किं दूत	किम् दूतः
segment: कल्पकोटिशतैरपि	कल्पकोटिशतैः अपि
segment: सुतस्ते	सुतः ते
segment: विलम्बो न	विलम्बः न
segment: यमवरुणकुबेरवासवाद्यै-	यमवरुणकुबेरवासवाद्यैः
segment: राममुपगम्य	रामम् उपगम्य
segment: काञ्चुकीयश्च	काञ्चुकीयः च
segment: खल्वनेककपटबुद्धेः	खलु अनेककपटबुद्धेः
segment: द्वितीयः---एतदस्त्रं	द्वितीयः---एतद् अस्त्रम्
segment: तत्त्वज्ञानपदार्थो यथा	तत्त्वज्ञानपदार्थः यथा
segment: नोचिता	न उचिता
segment: क्वासौ	क्व असौ
segment: दुःखिनस्तस्य	दुःखिनः तस्य
segment: कारणत्वकल्पनस्यावश्यकत्वात्	कारणत्वकल्पनस्य आवश्यकत्वात्
segment: यन्मिथ्याज्ञानं तज्जन्यसंस्कारात्मक	यन्मिथ्याज्ञानम् तज्जन्यसंस्कारात्मक
segment: कार्यत्वरूपहेतोर्भागासिद्धेरिति	कार्यत्वरूपहेतोः भागासिद्धेः इति
segment: साक्षादनुमितिप्रतिबन्धकम्	साक्षात् अनुमितिप्रतिबन्धकम्
segment: तत्तत्पुरूषीयप्रत्यक्षानुपपत्तेः	तत्तत् पुरुषीयप्रत्यक्षानुपपत्तेः
segment: स विकरोति	सः विकरोति
segment: शीघ्रमागच्छेति	शीघ्रम् आगच्छ इति
segment: भगवतीं लक्ष्मीं	भगवतीम् लक्ष्मीम्
segment: सत्यवश्यमनुमितिप्रतिबन्धस्तस्यैव	सति अवश्यम् अनुमितिप्रतिबन्धः तस्य एव
segment: पाण्डवाग्नीनामात्मा	पाण्डवाग्नीनाम् आत्मा
segment: हनुमान्---एष महाराजः	हनुमान्---एषः महाराजः
segment: रथारोहणं नाटयतः	रथारोहणम् नाटयतः
segment: भोगानाश्यदुरितनाशत्वमेव	भोगानाश्यदुरितनाशत्वम् एव
segment: भवत्यच्छमेव	भवति अच्छम् एव
segment: विवक्षायां प्रयोजनाभाव	विवक्षायाम् प्रयोजनाभाव
segment: तद्वदेव	तद्वत् एव
segment: बाधितमर्थं	बाधितम् अर्थम्
segment: करणासत्वेग्रिमक्षणे	करणासत्वे अग्रिमक्षणे
segment: शरीरादिभ्यो भिन्न	शरीरादिभ्यः भिन्न
segment: कथं नु	कथम् नु
segment: धृतराष्ट्रः---किं किं	धृतराष्ट्रः---किम् किम्
segment: कृतोऽद्य	कृतः अद्य
segment: दीयतामिति	दीयताम् इति
segment: तस्यैव	तस्य एव
segment: तत्परयैवा.परोऽपि	तत्परया एव.परः अपि
segment: स्पर्शो जातिविशेषस्य	स्पर्शः जातिविशेषस्य
segment: कोऽयं मे	कः अयम् मे
segment: संभ्रान्तो भृत्यो	संभ्रान्तः भृत्यः
segment: नगरद्वारं संश्रयामि	नगरद्वारम् संश्रयामि
segment: तत्रैव	तत्र एव
segment: नानात्वस्वीकार	गोवधादिजन्यतावच्छेदकजातेः एव
segment: सुखमाप्नोति	सुखम् आप्नोति
segment: वक्ष्यतीति	वक्ष्यति इति
segment: अलमलं विषादेन	अलम् अलम् विषादेन
segment: बहिर्गतः	बहिः गतः
segment: तत्सामग्र्यपि	तत्सामग्री अपि
segment: शोकपरवशो न	शोकपरवशः न
segment: अयमिदानीम्	अयम् इदानीम्
segment: विवशास्तुरङ्गमाः	विवशाः तुरङ्गमाः
segment: प्रकारमहं गौररहं	प्रकारमहम् गौररहम्
segment: दोर्भ्यां प्रतिज्ञार्णवं	दोर्भ्याम् प्रतिज्ञार्णवम्
segment: मानुषो माम	मानुषः माम्
segment: हरिहराविव	हरिहरौ इव
segment: खल्वमङ्गलं भण	खलु अमङ्गलम् भण
segment: वानरैर्नैरृतेषु	वानरैः नैरृतेषु
segment: परं मनः	परम् मनः
segment: क्रूरमेवं नरपतिं	क्रूरम् एवम् नरपतिम्
segment: पुनरपि	पुनः अपि
segment: बलं परीक्षिष्यामहे	बलम् परीक्षिष्यामहे
segment: बहिरागताः	बहिः आगताः
segment: सौभद्रेणेदृशं कृतम्	सौभद्रेण ईदृशम् कृतम्
segment: अहं ब्रह्म	अहम् ब्रह्म
segment: राज्यविभ्रष्टं सुग्रीवं	राज्यविभ्रष्टम् सुग्रीवम्
segment: घोषयात्रायां फल्गुनेनैव	घोषयात्रायाम् फल्गुनेन एव
segment: रावणस्याचिरेण	रावणस्य अचिरेण
segment: न	वेदः अपि
segment: नमो भगवते	नमः भगवते
segment: शक्तिं निपातितां	शक्तिम् निपातिताम्
segment: हतोऽपि	हतः अपि
segment: निहतं श्रुत्वा	निहतम् श्रुत्वा
segment: किमुक्तेन	किम् उक्तेन
segment: मच्छिरो ददामि	मच्छिरः ददामि
segment: दुर्योधनः---इदानीं प्रसन्नोऽस्मि	दुर्योधनः---इदानीम् प्रसन्नः अस्मि
segment: पश्येतां भवन्तौ	पश्येताम् भवन्तौ
segment: राज्ञां बलं	राज्ञाम् बलम्
segment: तवाद्य	तव अद्य
segment: नैवाहं धर्षितस्तेन	न एव अहम् धर्षितः तेन
segment: विपत्तिं	विपत्तिम्
segment: कृतास्त्रश्च	कृतास्त्रः च
segment: तदवच्छिन्नं प्रति	तदवच्छिन्नम् प्रति
segment: विमातापि	विमाता अपि
segment: शल्यः---ततस्ततः	शल्यः---ततः ततः
segment: ससुरदनुसुतं यन्मया	ससुरदनुसुतम् यत् मया
segment: मन्त्रशालामेव	मन्त्रशालाम् एव
segment: धृतराष्ट्रः---कष्टं भो	धृतराष्ट्रः---कष्टम् भो
segment: ज्वलनं विशेयुः	ज्वलनम् विशेयुः
segment: चेश्वरस्य	च ईश्वरस्य
segment: कस्त्वमिति	कः त्वम् इति
segment: तद् गृहीत्वा	तत् गृहीत्वा
segment: यत्राऽऽयान्ति	यात्रा आयान्ति
segment: कथमिव	कथम् इव
segment: कर्तव्यं रणशिरसि	कर्तव्यम् रणशिरसि
segment: सगर्वं	सगर्वम्
segment: जीवन्तीमादाय	जीवन्तीम् आदाय
segment: ज्ञानकर्मसमुच्चयवादस्तु	ज्ञानकर्मसमुच्चयवादः तु
segment: हेतुत्वं कल्पनीयम्	हेतुत्वम् कल्पनीयम्
segment: स्वपितरं बद्ध्वा	स्वपितरम् बद्ध्वा
segment: इत्याकारकं	इति आकारकम्
segment: दुरितवद्भिन्नदुरितध्वंसत्वं तत्तत्र	दुरितवद्भिन्नदुरितध्वंसत्वम् तत् तत्र
segment: नेदृक्	न ईदृक्
segment: तथाविधश्रुतीनां लक्षणया	तथाविधश्रुतीनाम् लक्षणया
segment: सिद्धसाधनस्यादोषत्वमिति	सिद्धसाधनस्य अदोषत्वम् इति
segment: दोलायत इव	दोलायते इव
segment: कथं कथं	कथम् कथम्
segment: दूरस्थामपि	दूरस्थाम् अपि
segment: वचनं सुहृदां	वचनम् सुहृदाम्
segment: चलत्तरङ्गाहतभीमवेलमुदीर्णनक्राकुलनीलनीरम्	चलत्तरङ्गाहतभीमवेलम् उदीर्णनक्राकुलनीलनीरम्
segment: पृच्छाग्निं भुजगाहुतिप्रणयिनं	पृच्छ अग्निम् भुजगाहुतिप्रणयिनम्
segment: ब्राह्मणवचनाद् गृह्यताम्	ब्राह्मणवचनात् गृह्यताम्
segment: वासनानाशानुरोधेनावश्यं क्लृप्ततया	वासनानाशानुरोधेनावश्यम् क्लृप्ततया
segment: अतो न	अतः न
segment: यत्किंचित्साध्यवदन्यवृत्तित्वं	यत्किंचित् साध्यवत् अन्यवृत्तित्वं
segment: ईश्वरवादेकामसिद्धिं परिहरतो	ईश्वरवादेकाम् असिद्धिम् परिहरतः
segment: पतिर्मम	पतिः मम
segment: स्याच्च	स्यात् च
segment: य आनन्दः	यः आनन्दः
segment: सहृद् तं	सहृत् तं
segment: रामः---यद्येवं गच्छ	रामः---यदि एवम् गच्छ
segment: एनमशोकपादपमारुह्य	एनम् अशोकपादपम् आरुह्य
segment: भृत्यो दुर्योधनाज्ञया	भृत्यः दुर्योधनाज्ञया
segment: हविरिति	हविः इति
segment: तथोक्त्यसंभवात्	तथा उक्ति असंभवात्
segment: वह्निव्यभिचारीति	वह्निव्यभिचारि इति
segment: य एषः	यः एषः
segment: दुरितध्वंसस्यापि	दुरितध्वंसस्य अपि
segment: घटोत्कचः---शकुनिरेष व्याहरति	घटोत्कचः---शकुनिः एषः व्याहरति
segment: स वः	सः वः
segment: युक्तं भो	युक्तम् भो
segment: एवं नित्यसुखविषयकसाक्षात्कारत्वस्य	एवम् नित्यसुखविषयकसाक्षात्कारत्वस्य
segment: नाशत्वावछिन्नहेतुत्वेनावश्यं क्लृप्तेन	नाशत्वावछिन्नहेतुत्वेन अवश्यम् क्लृप्तेन
segment: क्रोधोपहारमसिरेष विधास्यति	क्रोधोपहारम् असिः एषः विधास्यति
segment: ज्ञानं प्रति	ज्ञानम् प्रति
segment: भवन्तमभिवर्धयन्ति	भवन्तम् अभिवर्धयन्ति
segment: दुर्लभो राजसम्मानो	दुर्लभः राजसम्मानः
segment: तस्याप्रयोजकत्वादिति	तस्य अप्रयोजकत्वात् इति
segment: शिक्षितं	शिक्षितम्
segment: कारणमिति	कारणम् इति
segment: भटः---यदाज्ञापयति	भटः---यत् आज्ञापयति
segment: चास्मिस्सिद्धान्ते-ख	च अस्मत् सिद्धान्ते-ख
segment: प्रभुरेव	प्रभुः एव
segment: स्वाचरणे	स्व आचरणे
segment: भवतापि	भवता अपि
segment: तादृशानुभवविषयः	तादृश अनुभवविषयः
segment: देवाश्च	देवाः च
segment: देहमारोपयन्त्यर्जुनदर्शनार्थम्	देहम् आरोपयन्ति अर्जुनदर्शनार्थम्
segment: संस्कृतव्याकरणम्	संस्कृत व्याकरणम्
segment: पूर्तिरसम्भवा	पूर्तिः असम्भवा
segment: अद्वितीया गुणास्तस्याः	अद्वितीयाः गुणाः तस्याः
segment: चेन्न	चेत् न
segment: शक्ररिपोरशोकवनिका	शक्ररिपोः अशोकवनिका
segment: शङ्कुकर्णः---यदाज्ञापयति	शङ्कुकर्णः---यद् आज्ञापयति
segment: वेदातन्तिनस्तु	वेदातन्तिनः तु
segment: विपद्यमानं राक्षसकुलं	विपद्यमानम् राक्षसकुलम्
segment: (परिक्रम्याग्रतो विलोक्य)	(परिक्रम्य अग्रतः विलोक्य)
segment: रामः---राक्षस इति	रामः---राक्षसः इति
segment: रक्षिणश्चाप्रमत्ता भवन्तु	रक्षिणः च अप्रमत्ताः भवन्तु
segment: शरणागतं मां	शरणागतम् माम्
segment: चानुमितिमात्रोच्छेदः	च अनुमितिमात्रोच्छेदः
segment: पार्वतीशङ्‌कराविव	पार्वतीशङ्‌करौ इव
segment: संभवेनानुत्पत्यभावात्	संभवेन अनुत्पत्ति अभावात्
segment: खल्वयं वानरः	खलु अयम् वानरः
segment: सत्यं न	सत्यम् न
segment: एकपुत्रविनाशादर्जुनस्य	एकपुत्रविनाशात् अर्जुनस्य
segment: राहोर्वदनमण्डले	राहोः वदनमण्डले
segment: निर्ममेऽध्वनि	निर्ममे अध्वनि
segment: प्रतिबन्धकमस्तु	प्रतिबन्धकम् अस्तु
segment: त्वेवं हि	तु एवम् हि
segment: राममेव	रामम् एव
segment: यावद् गच्छामि	यावत् गच्छामि
segment: श्रीरघुदेवकृतो मुक्तिवादः	श्रीरघुदेवकृतः मुक्तिवादः
segment: कारणभावयोर्बाधकं विना	कारणभावयोः बाधकम् विना
segment: शुभं भूयात्	शुभम् भूयात्
segment: वधो वा	वधः वा
segment: वैय्यर्थ्याभावात्	वैय्यर्थ्य अभावात्
segment: तज्ज्ञानस्यायथार्थत्वेन	तत् ज्ञानस्य अयथार्थत्वेन
segment: प्रतिबन्धकत्वान्न	प्रतिबन्धकत्वात् न
segment: प्रथमोऽङ्कः	प्रथमः अङ्कः
segment: निश्चयाघटितमिति	निश्चयाघटितम् इति
segment: निवेद्यतां तावत्	निवेद्यताम् तावत्
segment: व्यतिरेकानुविधानबलात्	व्यतिरेक अनुविधानबलात्
segment: एकलव्यस्तयैवाभूत्	एकलव्यः तया एव अभूत्
segment: अपर्याप्तं कनकं	अपर्याप्तम् कनकम्
segment: वस्तुतस्तु	वस्तुतः तु
segment: पक्षतावच्छेदकमिति	पक्षतावच्छेदकम् इति
segment: विपुलप्रसादा-	विपुलप्रसादात्
segment: पैतामहं पार्थिवः	पैतामहम् पार्थिवः
segment: स्पृशधातोरूत्पत्तौ	स्पृशधातोः उत्पत्तौ
segment: तद्भिन्नमेव	तद्भिन्नम् एव
segment: तादृशज्ञानस्याप्ययथार्थत्वेनाव्याप्तिर्वज्रलेपायितैव	तादृशज्ञानस्य अपि अयथार्थत्वेन अव्याप्तिः वज्रलेपायितः एव
segment: प्रयत्नमनुतिष्ठामः	प्रयत्नम् अनुतिष्ठामः
segment: आत्मत्वाभावसंपत्यर्थं तत्त्वज्ञानसामग्र्याः	आत्मत्व अभावसंपत्यर्थम् तत्त्वज्ञानसामग्र्याः
segment: विनिगमनाविरहेणापि	विनिगमनाविरहेण अपि
segment: कुन्त्यां समुत्पन्नो	कुन्त्याम् समुत्पन्नः
segment: गुरुभिर्धराधरवरैः	गुरुभिः धराधरवरैः
segment: विभीषणः---एष एष	विभीषणः---एषः एषः
segment: खल्वार्यपुत्रस्यागमनेन	खलु आर्यपुत्रस्य आगमनेन
segment: यदिच्छन्ति	यत् इच्छन्ति
segment: प्रेषितो राघवेणाहं	प्रेषितः राघवेण अहम्
segment: जनेऽनुक्रोशं परिश्रमं	जने अनुक्रोशम् परिश्रमम्
segment: पूर्णमेवाब्धिं	पूर्णम् एव अब्धिं
segment: श्रूयन्तां मद्विभवाः	श्रूयन्ताम् मद्विभवाः
segment: शिवो वा	शिवः वा
segment: विवृद्धश्चिरं	विवृद्धः चिरम्
segment: विरुद्धस्येति--क	विरुद्धस्य इति--क
segment: भिक्षां याचे	भिक्षाम् याचे
segment: अतो नातिव्याप्तिरिति	अतः न अतिव्याप्तिः इति
segment: उतिष्ठोत्तिष्ठ	उतिष्ठ उत्तिष्ठ
segment: स वो	सः वः
segment: (पुनर्नेपथ्ये	(पुनः नेपथ्ये
segment: ममास्त्रस्य	मम अस्त्रस्य
segment: वास्ति	वा अस्ति
segment: शब्दत्वादेर्वृत्तिमत्त्वग्रहे	शब्दत्वादेः वृत्तिमत्त्वग्रहे
segment: परमुखनिरिक्षकतयोपाधिवदुभयव्यावृत्तत्वं	परमुखनिरिक्षकतयोपाधिवत् उभयव्यावृत्तत्वं
segment: निरवच्छिन्नं ज्ञानं	निरवच्छिन्नम् ज्ञानम्
segment: सुग्रीवः---यदाज्ञापयति	सुग्रीवः---यद् आज्ञापयति
segment: राक्षसीगणपरिवृतोपविष्टा	राक्षसीगणपरिवृता उपविष्टा
segment: दशग्रीवं लङ्कामेवाभियास्यति	दशग्रीवम् लङ्काम् एव अभियास्यति
segment: विस्रष्टुमर्हति	विस्रष्टुम् अर्हति
segment: सचिववचोऽप्यनवेक्ष्य	सचिववचः अपि अनवेक्ष्य
segment: अक्षयोऽस्तु	अक्षयः अस्तु
segment: नोच्यते	न उच्यते
segment: साम्प्रतं द्विधाभूत	साम्प्रतम् द्विधाभूतः
segment: किं नु	किम् नु
segment: त्वमहमेवैनमासाद्य	त्वम् अहम् एव एनम् आसाद्य
segment: ममैकादशाक्षौहिणीबलसमुदयः	मम एकादश अक्षौहिणीबलसमुदयः
segment: कनकरचितविद्रुमेन्द्रनीलैर्विकृतमहाद्रुमपङ्क्तिचित्रदेशा	कनकरचितविद्रुमेन्द्रनीलैः विकृतमहाद्रुमपङ्क्तिचित्रदेशा
segment: सुहृदश्च	सुहृदः च
segment: मृगमुद्दिश्य	मृगम् उद्दिश्य
segment: साध्यतदभावानुमित्यनुकूलव्यतिरेकव्याप्तिद्वयसहितपक्षधर्मताज्ञानविषयतयेत्यर्थः	साध्यतदभावानुमित्यनुकूलव्यतिरेकव्याप्तिद्वयसहितपक्षधर्मताज्ञानविषयतया इति अर्थः
segment: तत्त्वज्ञानम्	तत् त्व ज्ञानम्
segment: तत्राभावात्	तत्र अभावात्
segment: सम्मानो भवेद्	सम्मानः भवेत्
segment: काञ्चुकीयः---यदाज्ञापयति	काञ्चुकीयः---यद् आज्ञापयति
segment: प्रागभावाप्रतियोगित्वं वा	प्रागभावाप्रतियोगित्वम् वा
segment: रघुवरकार्मुकनादनिर्जितस्त्वम्	रघुवरकार्मुकनादनिर्जितः त्वम्
segment: धूर्तो वाक्छलतोऽवश्यं	धूर्तः वाक्छलतः अवश्यं
segment: हतोऽयं मृत्युना	हतः अयम् मृत्युना
segment: नपुंसकतानुपपत्तेः	नपुंसकता अनुपपत्तेः
segment: वाजिनां ते	वाजिनाम् ते
segment: सिद्ध्यतीति	सिद्ध्यति इति
segment: दीर्घायुर्भवेति	दीर्घायुः भव इति
segment: दुःखनिष्ठचरमत्वं जातिविशेषः	दुःखनिष्ठचरमत्वम् जातिविशेषः
segment: चेद् भवत्येव	चेत् भवति एव
segment: नाहं गन्तुं	न अहम् गन्तुम्
segment: सर्वापराधेष्ववध्याः	सर्वापराधेषु अवध्याः
segment: शासकास्ततः	शासकाः ततः
segment: काञ्चुकीयः---यदाज्ञापयति	काञ्चुकीयः---यद् आज्ञापयति
segment: महानुद्घोषः	महान् उद्घोषः
segment: सुग्रीवं रामलक्ष्मणौ	सुग्रीवम् रामलक्ष्मणौ
segment: प्रकृतेऽपि	प्रकृते अपि
segment: तदवच्छिन्नस्यापत्तित्यसंभवेन	तदवच्छिन्नस्य आपत्तित्यसंभवेन
segment: श्रुतिर्विरूध्येतेति	श्रुतिः विरूध्येत इति
segment: जितवतां भवताम्	जितवताम् भवताम्
segment: सकर्तृकं	सकर्तृकम्
segment: वाऽबली	वा अबली
segment: श्रुतिप्रतिपादितमुक्तीश्वरात्म	श्रुतिप्रतिपादितमुक्ति ईश्वर आत्म
segment: पुनर्वानराणाम्	पुनः वानराणाम्
segment: नाद्यः	न आद्यः
segment: तज्ञानस्यानुमितिप्रतिबन्धकत्वादनुमितिप्रतिबन्धकतावच्छेदकरूप.सत्प्रतिपक्षत्वासाधारणत्वयोर्भावान्न	तत् ज्ञानस्य अनुमितिप्रतिबन्धकत्वात् अनुमितिप्रतिबन्धकतावच्छेदकरूपसत्प्रतिपक्षत्वासाधारणत्वयोः भावात् न
segment: एतन्मे	एतत् मे
segment: अलमलं विषादेन	अलम् अलम् विषादेन
segment: अत्रानन्तर्भूतत्वादाधिक्यम्	अत्र अनन्तर्भूतत्वात् आधिक्यम्
segment: किमर्थमिहागत इति	किम् अर्थम् इह आगतः इति
segment: प्रपञ्चितामिति	प्रपञ्चिताम् इति
segment: मुक्तिदशायां नित्यसुखविषयकज्ञानस्वीकारे	मुक्तिदशायाम् नित्यसुखविषयकज्ञानस्वीकारे
segment: कोऽन्यः	कः अन्यः
segment: प्रसन्नोऽस्मि	प्रसन्नः अस्मि
segment: प्रसादं पुनरगसुतया	प्रसादम् पुनः अगसुतया
segment: कथं रामशासनमित्याह	कथम् रामशासनम् इति आह
segment: पुनर्दर्शनाय	पुनः दर्शनाय
segment: वाली---श्रूयतां मत्पराक्रमः	वाली---श्रूयताम् मत्पराक्रमः
segment: कुमारमक्षं निहतं	कुमारम् अक्षम् निहतम्
segment: लङ्कामभ्युपयामि	लङ्काम् अभ्युपयामि
segment: घटत्वाद्यवच्छिन्नं प्रति	घटत्वादि अवच्छिन्नम् प्रति
segment: राज-	राजन्
segment: नैवाभिवर्षति	नैव अभिवर्षति
segment: प्रवृत्तिं ज्ञात्वा	प्रवृत्तिम् ज्ञात्वा
segment: घनीभूता इव	घनीभूताः इव
segment: भवेद् भूरि	भवेत् भूरि
segment: धूमविषयत्वेनैव	धूमविषयत्वेन एव
segment: सेन्द्रा जिता	सेन्द्राः जिताः
segment: मुक्तित्वरूपत्वमङ्गीकृत्य	मुक्तित्वरूपत्वम् अङ्गीकृत्य
segment: घटादिकमादाय	घटादिकम् आदाय
segment: शीघ्रं बद्धः	शीघ्रम् बद्धः
segment: नानुमितिप्रतिबन्धकत्वमिति	न अनुमितिप्रतिबन्धकत्वम् इति
segment: धृतराष्ट्रः---तत्करिष्यति	धृतराष्ट्रः---तत् करिष्यति
segment: इमां सागरपर्यन्तां	इमाम् सागरपर्यन्ताम्
segment: बुद्धिमन्तो महाजनाः	बुद्धिमन्तः महाजनाः
segment: बाधमात्रस्यैव	बाधमात्रस्य एव
segment: स परित्रातुं	सः परित्रातुं
segment: किं कार्यम्]	किम् कार्यम्]
segment: नित्यसुखविषयकसाक्षातकारो नित्यसुखविषयक	नित्यसुखविषयकसाक्षातकारः नित्यसुखविषयक
segment: अन्यांश्चापि	अन्यान् च अपि
segment: सामान्यस्यापि	सामान्यस्य अपि
segment: सपरिवारो रावणः)	सपरिवारः रावणः)
segment: पक्षासंभवात्	पक्ष असंभवात्
segment: रक्षो महत्	रक्षः महत्
segment: गोलकाद्यभावेन	गोलकादि अभावेन
segment: इदानीमपि	इदानीम् अपि
segment: धृतराष्ट्रः---सत्यमाह	धृतराष्ट्रः---सत्यम् आह
segment: इतस्तावत्	इतः तावत्
segment: इतो महाराजः	इतः महाराजः
segment: सुहृद् अपृच्छत्	सुहृत् अपृच्छत्
segment: .चायाथार्थ्यनियमेनोक्तदोष--क	.च अयथार्थ्यनियमेन उक्तदोषः --क
segment: सर्वे---भीमश्चित्रं भोः	सर्वे---भीमः चित्रम् भोः
segment: सागरोऽद्य	सागरः अद्य
segment: प्रवेश्यतां विभीषणः	प्रवेश्यताम् विभीषणः
segment: प्रकृतेस्तद्बोधेन	प्रकृतेः तत् बोधेन
segment: नीलः---यदाज्ञापयति	नीलः---यद् आज्ञापयति
segment: सुररिपोर्युधि	सुररिपोः युधि
segment: निवेशो न	निवेशः न
segment: शान्तिस्तथा	शान्तः तथा
segment: स्वचरितैर्दोषैर्गतः	स्वचरितैः दोषैः गतः
segment: दर्शनीयोऽयं चित्रपटः	दर्शनीयः अयम् चित्रपटः
segment: किञ्चिदाहारजातं सम्भावयामि	किञ्चिद् आहारजातम् सम्भावयामि
segment: कामं च	कामम् च
segment: तन्मतेपि	तन्मते अपि
segment: अन्वयव्यतिरेकाभ्यां कार्यत्वावच्छिन्नं	अन्वयव्यतिरेकाभ्याम् कार्यत्वावच्छिन्नम्
segment: भुक्तं क्षीयते	भुक्तम् क्षीयते
segment: क्षितित्वमत्र	क्षितित्वम् अत्र
segment: दुर्योधनः---कथं कथम्	दुर्योधनः---कथम् कथम्
segment: तस्मादमित्रविषयमस्या हृदयं	तस्माद् अमित्रविषयम् अस्याः हृदयम्
segment: य एषः	यः एषः
segment: गौरवस्यापि	गौरवस्य अपि
segment: अलमन्यशङ्कया	अलम् अन्यशङ्कया
segment: त्वमरविन्दपलाशनेत्रे	त्वम् अरविन्दपलाशनेत्रे
segment: स्याद्वाक्यमात्रेण	स्यात् वाक्यमात्रेण
segment: कोटावव्यवहितोत्तरत्व	कोटौ अव्यवहितोत्तरत्व
segment: सहर्षं	सहर्षम्
segment: तिष्ठेदानीम्	तिष्ठ इदानीम्
segment: शरीरैकत्वनिष्ठजातिविशेषं कल्पयित्वा	शरीरैकत्वनिष्ठजातिविशेषम् कल्पयित्वा
segment: भवन्तं पद्मपत्राक्षं	भवन्तम् पद्मपत्राक्षम्
segment: भयं त्यज	भयम् त्यज
segment: तत्कल्पनात्	तत् कल्पनात्
segment: दूषकत्वमिति	दूषकत्वम् इति
segment: गच्छाग्रतः	गच्छ अग्रतः
segment: किं श्रुतम्	किम् श्रुतम्
segment: सत्प्रतिपक्षितत्वविशिष्टमिति-ख	सत्प्रतिपक्षितत्वविशिष्टम् इति-ख
segment: चैवं	च एवं
segment: तत एतौ	ततः एतौ
segment: नमस्कारं कर्तुमर्हति	नमस्कारम् कर्तुम् अर्हति
segment: अक्षयोऽस्तु	अक्षयः अस्तु
segment: स मानुषः	सः मानुषः
segment: तादृशानुमितेरप्यपरोक्षत्वे	तादृश अनुमितेः अपि अपरोक्षत्वे
segment: हेतुत्वासंभवेन	अ
segment: प्रागुपपादितः	प्राक् उपपादितः
segment: प्रतिबन्धकत्वादिति	प्रतिबन्धकत्वात् इति
segment: .तत्सम्बन्धाभावसामानाधिकरण्यस्यावश्यं	.तत्सम्बन्धाभावसामानाधिकरण्यस्य अवश्यं
segment: सुहृदां शोककारणात्	सुहृदाम् शोककारणात्
segment: कृत्यभावादिति	कृत्यभावात् इति
segment: देहं	देहम्
segment: पर्याप्तं छिद्यतां	पर्याप्तम् छिद्यताम्
segment: किञ्चिद् हृदयप्रसादः	किञ्चित् हृदयप्रसादः
segment: वञ्चितस्त्वया	वञ्चितः त्वया
segment: वेत्यादयो बोध्याः	वा इति आदयः बोध्याः
segment: किन्तु तदुत्तरकाले	फलम् किन्तु
segment: कुर्यादिति	कुर्यात् इति
segment: पतितोऽत्रभवान्	पतितः अत्रभवान्
segment: जातिरिति	जातिः इति
segment: तं	तम्
segment: पुनश्च	पुनः च
segment: आश्चर्यमाश्चर्यम्	आश्चर्यम् आश्चर्यम्
segment: गुहां धर्षयितुं	गुहाम् धर्षयितुम्
segment: शङ्कुकर्णः---(पुरतो विलोक्य)	शङ्कुकर्णः---(पुरतः विलोक्य)
segment: मातलिं दृष्ट्वा	मातलिम् दृष्ट्वा
segment: .सहकृतैतदुपाधिमत्वमेव-ख	.सहकृतैतदुपाधिमत्वम् एव-ख
segment: चेन्न	चेत् न
segment: अस्तमितो भगवान्	अस्तम् इतः भगवान्
segment: तदाश्रयत्वेनेश्वरः	तदाश्रयत्वेन ईश्वरः
segment: योऽङ्के	यः अङ्के
segment: मामपि	माम् अपि
segment: दिदृक्षुरद्यारिमनार्यचेतसम्	दिदृक्षुः अद्य अरिम् अनार्यचेतसम्
segment: परिधर्षितोऽहम्	परिधर्षितः अहम्
segment: स्वनिलयमेव	स्वनिलयम् एव
segment: किमाहतुर्भवन्तौ	किम् आहतुः भवन्तौ
segment: शासनं यस्य	शासनम् यस्य
segment: खल्वापः	खलु आपः
segment: वृद्धराजस्वर इव	वृद्धराजस्वरः इव
segment: तत्कालीनो वा	तत्कालीनः वा
segment: तत्राव्याप्तिः	तत्र अव्याप्तिः
segment: सर्वमार्येण	सर्वम् आर्येण
segment: सम्बन्धस्तावदेव	सम्बन्धः तावत् एव
segment: निग्रहस्थानान्तरत्वाभावाच्चेति	निग्रहस्थानान्तरत्वाभावात् च इति
segment: नैयायिकानामपि	नैयायिकानाम् अपि
segment: तद् दलं	तत् दलं
segment: लिङ्गव्यत्यासकल्पनानौचित्यात्	न औचित्यात्
segment: व्यभिचारज्ञानत्वेनैव	व्यभिचारज्ञानत्वेन एव
segment: किमनुतिष्ठन्ति	किम् अनुतिष्ठन्ति
segment: युधिष्ठिरादयश्च	युधिष्ठिरादयः च
segment: कथं दायाद्यमिति	कथम् दायाद्यम् इति
segment: स्त्रीवधो न	स्त्रीवधः न
segment: बलवांश्चायमन्धकारः	बलवान् च अयम् अन्धकारः
segment: चापि	च अपि
segment: तस्येति	तस्य इति
segment: इन्द्रियत्वाभावात्	इन्द्रियत्व अभावात्
segment: अथवाज्ञाननिवृत्तिरेव	अथवा अज्ञाननिवृत्तिः एव
segment: भीष्माग्रहस्ताद्धृतम्	भीष्माग्रहस्तात् धृतम्
segment: इदानीन्तनदुःखध्वंसेतिव्याप्तिवारणाय	इदानीन्तनदुःखध्वंसे अतिव्याप्तिवारणाय
segment: राजन्यन्तः	राजनि अन्तः
segment: मुक्ता येन	मुक्ताः येन
segment: ज्ञानं च	ज्ञानम् च
segment: लक्ष्मणः---जयत्वार्यः	लक्ष्मणः---जयतु आर्यः
segment: प्रतिस्थापनानुमान	प्रतिस्थापन अनुमान
segment: स्वप्नो मया	स्वप्नः मया
segment: समरमधिगतार्थः	समरम् अधिगतार्थः
segment: यत्तु	यत् तु
segment: सुयोधनोऽयं स्वजनावमानं	सुयोधनः अयम् स्वजनावमानम्
segment: चानावृत्तापरोक्षविषयत्वम्	च अनावृत्तापरोक्षविषयत्वम्
segment: यथोक्ताः'	यथा उक्ताः'
segment: कार्यकारणबभावद्वयमिति	कार्यकारणभावद्वयम् इति
segment: ततो यान्ति	ततः यान्ति
segment: यावद्रथमारोहावः	यावत् रथम् आरोहावः
segment: नित्यत्वं लाघवादेव	नित्यत्वम् लाघवात् एव
segment: तादृशस्मृतेरस्वर	तादृशस्मृतेः अस्वर
segment: नास्ति	न अस्ति
segment: व्याजोपलब्धविफलास्त्रबलो घृणावान्	व्याजोपलब्धविफलास्त्रबलः घृणावान्
segment: नियामकत्वात्	बलत् द्वेषविषयाभावत्वस्य
segment: त्वं चित्रसेनेन	त्वम् चित्रसेनेन
segment: उभयव्यावृत्तत्वमेकत्र	उभयव्यावृत्तत्वम् एकत्र
segment: गतं तवासीत्	गतम् तव आसीत्
segment: तदिति	तत् इति
segment: नित्यसुखभेदस्यापि	नित्यसुखभेदस्य अपि
segment: इत्यर्थः	इति अर्थः
segment: करोतीत्यादिकमपि	करोति इति आदिकम् अपि
segment: भेर्यस्त्रिदिवसद्मनाम्	भेर्यः त्रिदिवसद्मनाम्
segment: शरीरप्रयत्नवदात्मसंयोगाद्यव्यवहितोत्तरोत्पन्नतत्तत्पदार्थक्रियां प्रति	शरीरप्रयत्नवत् आत्मसंयोगादि अव्यवहितोत्तर उत्पन्नतत्तत्पदार्थक्रियाम् प्रति
segment: तदसंग्राह्यमेवेति	तत् संग्राह्यम् एव इति
segment: शुभमतिं लङ्केश्वरं	शुभमतिम् लङ्केश्वरम्
segment: नोपदर्शितरीतेरावश्य	न उपदर्शितरीतेः आवश्य
segment: स प्रतिबन्धक	सः प्रतिबन्धकः
segment: वेत्यत्र	वेति अत्र
segment: चाव्यप्तम्	च अव्याप्तम्
segment: देवोऽवदति	देवः अवदति
segment: पतितं शिरः	पतितम् शिरः
segment: स्नेहाल्लुम्पति	स्नेहात् लुम्पति
segment: व्याप्तिसत्त्वादिति	व्याप्तिसत्त्वात् इति
segment: पक्षीयव्यभिचार.संदेहस्यापि	पक्षीयव्यभिचारसंदेहस्य अपि
segment: सलक्ष्मणेनाद्य	सलक्ष्मणेन अद्य
segment: राक्षसेभ्योऽपि	राक्षसेभ्यः अपि
segment: कृतकत्वादिहेतोर्हेत्वाभासत्वे	कृतकत्वादिहेतोः हेत्वाभासत्वे
segment: तत्रैव	तत्र एव
segment: सकलवानरकुलं ध्वंसयामि	सकलवानरकुलम् ध्वंसयामि
segment: स्यन्दनं वाहयन्तम्	स्यन्दनम् वाहयन्तम्
segment: दुःखनिवृत्तिर्मुक्तिरित्याचार्याः	दुःखनिवृत्तिः मुक्तिः इति आचार्याः
segment: कर्तुं निवारयति	कर्तुम् निवारयति
segment: लिखत्यभिखं नयज्ञः	लिखति अभिखम् नयज्ञः
segment: वच्छेदककोटावप्यव्यवहितोत्तरत्वं निवेशनीयमित्युभयत्राव्यहितोत्तरत्वानिवेशप्रयुक्तगौरवं	वच्छेदककोटौ अपि अव्यवहितोत्तरत्वम् निवेशनीयम् इति उभयत्रव्यहितोत्तरत्वानिवेशप्रयुक्तगौरवम्
segment: जातिस्तद्व्याप्यविरूद्धभेदेनापि	जातिः तद्व्याप्यविरूद्धभेदेन अपि
segment: .एकत्रानुकूलतर्कावतारे	.एकत्र अनुकूलतर्कावतारे
segment: अप्रमत्ता भवन्तु	अप्रमत्ताः भवन्तु
segment: रावणः---छिद्यतामेषा	रावणः---छिद्यताम् एषा
segment: नोपलक्षणम्	न उपलक्षणम्
segment: पक्षस्यापि	पक्षस्य अपि
segment: भगवांश्चक्रायुधः	भगवान् चक्रायुधः
segment: प्रेषितस्त्वद्विचित्यर्थं हनूमान्	प्रेषितः त्वत् विचित्यर्थम् हनूमान्
segment: ह्यनुजानात्	हि अनुजानात्
segment: पुनश्च	पुनः च
segment: एष दूतः	एषः दूतः
segment: .न्यूनत्वादेरेवोद्भावनमुचितं	.न्यूनत्वादेः एव उद्भावनम् उचितं
segment: अञ्जनायां समुत्पन्नो	अञ्जनायाम् समुत्पन्नः
segment: इदानीमपि	इदानीम् अपि
segment: देवासुरैरपि	देवासुरैः अपि
segment: चाज्ञायमानदशायां	च ज्ञायमानदशायां
segment: गम्भीरं भेर्यस्त्रिदिवसद्मनाम्	गम्भीरम् भेर्यः त्रिदिवसद्मनाम्
segment: रामायणमधीत्यापि	रामायणं अधीत्य अपि
segment: गजपतिमिव	गजपतिम् इव
segment: प्रहर्षात्कृतः	प्रहर्षात् कृतः
segment: सम्प्रत्यवन्त्वनिमिषा इह	सम्प्रति अवन्तु अनिमिषाः इह
segment: साम्प्रतमिति	साम्प्रतम् इति
segment: को वा	कः वा
segment: निपातितां दृष्ट्वा	निपातिताम् दृष्ट्वा
segment: पितृतां कथं	पितृताम् कथम्
segment: सोऽन्यापशकुनं	सः अन्यापशकुनं
segment: तृतीयोऽङ्कः	तृतीयः अङ्कः
segment: पुनस्तत्त्वज्ञाननिष्ठ	पुनः तत्त्वज्ञाननिष्ठ
segment: सुबद्धमूला निपतन्ति	सुबद्धमूलाः निपतन्ति
segment: धृतराष्ट्रः---कथमर्जुनोऽपि	धृतराष्ट्रः---कथम् अर्जुनः अपि
segment: शीघ्र-	शीघ्रम्
segment: एवमीश्वरज्ञानेच्छयोरपि	एवम् ईश्वरज्ञान इच्छयोः अपि
segment: मोक्षजनकीभूतज्ञानविषय	इति अर्थस्यः उपदर्शितश्रुत्या
segment: बलाहकानामिव	बलाहकानाम् इव
segment: प्रत्येव	प्रति एव
segment: दैत्याश्चापि	दैत्याः च अपि
segment: बालो न	बालः न
segment: दुःशासनो द्रौपदीं	दुःशासनः द्रौपदीम्
segment: निवृत्तिस्वीकारेनेह	निवृत्तिस्वीकारेन इह
segment: धर्षयितुं शक्तः	धर्षयितुम् शक्तः
segment: समुत्थितो ध्वनिः	समुत्थितः ध्वनिः
segment: पुत्रमङ्कस्थमश्रुभिः	पुत्रम् अङ्कस्थम् अश्रुभिः
segment: को नु	कः नु
segment: .अतोऽपि	.अतः अपि
segment: मुक्तेरभावे	मुक्तेः अभावे
segment: ज्ञेयो	ज्ञेयः
segment: मनुष्याणामस्त्येव	मनुष्याणाम् अस्ति एव
segment: प्रथमः---तदागम्यताम्	प्रथमः---तद् आगम्यताम्
segment: जननीवद् विमातापि	जननीवत् विमाता अपि
segment: मुक्तिं प्रति	मुक्तिम् प्रति
segment: श्वश्रूर्भूत्वा	श्वश्रूः भूत्वा
segment: प्रच्छन्नं तस्य	प्रच्छन्नम् तस्य
segment: पशुपकुलनिवासादानुजीव्यानभिज्ञः	पशुपकुलनिवासात् अनुजीव्यानभिज्ञः
segment: भुजबलयोगप्राप्तसंजातवेगं	भुजबलयोगप्राप्तसंजातवेगम्
segment: मलयानिला अपि	मलयानिलाः अपि
segment: किमाह	किम् आह
segment: उर्वश्यादयोऽप्सरसो मामभिगताः	उर्वश्यादयः अप्सरसः माम् अभिगताः
segment: मां दृष्ट्वा	माम् दृष्ट्वा
segment: खल्वार्यरामस्य	खलु आर्यरामस्य
segment: रावणः---कथं हता	रावणः---कथम् हताः
segment: नित्यसुखसाक्षात्कारस्य	च उपदर्शितश्रुत्या
segment: भीत इव	भीतः इव
segment: तावश्विसुतौ	तौ अश्विसुतौ
segment: पक्षस्यापि	पक्षस्य अपि
segment: कारणत्वासंभवेनाज्ञाननाशात्	कारणत्व असंभवेन अज्ञाननाशात्
segment: उक्तम्---सर्वेति	उक्तम्---सर्वे इति
segment: एवात्मवत्त्वविवेके	एव आत्मवत्त्वविवेके
segment: तत्पूर्वमपि	तत्पूर्वम् अपि
segment: यदनेन	यत् अनेन
segment: नापीति	न अपि इति
segment: नान्त्यः	न अन्त्यः
segment: यथेष्टं कर्तुमर्हति	यथेष्टम् कर्तुम् अर्हति
segment: साधारणत्वमस्येव	साधारणत्वम् अस्य एव
segment: द्रष्टुमाशया	द्रष्टुम् आशया
segment: भवन्तमनुप्राप्ता	भवन्तम् अनुप्राप्ता
segment: नेतुमागतः	नेतुम् आगतः
segment: पञ्चानां पाण्डवाग्नीनामात्मा	पञ्चानाम् पाण्डवाग्नीनाम् आत्मा
segment: वह्निव्यभिचरितत्वादिभ्रमविषयीभूतधूमादावतिव्याप्तिस्तदवस्थैव	वह्निव्यभिचरितत्वादिभ्रमविषयीभूतधूमादौ अतिव्याप्तिः तदवस्था एव
segment: विशेषणमेव	विशेषणम् एव
segment: कादाचित्को वा	कादाचित्कः वा
segment: तच्चापि	तत् च अपि
segment: गतोऽसि	गतः असि
segment: मह्यमीषन्मनोज्वरः	मह्यम् ईषत् मनोज्वरः
segment: यस्माज्जायते	यस्मात् जायते
segment: जानकीं पुरुषोत्तम	जानकीम् पुरुषोत्तम
segment: नन्वहमाज्ञप्ता	ननु अहम् आज्ञप्ता
segment: नित्यदोषेऽव्याप्तिरिति	नित्यदोषे अव्याप्तिः इति
segment: जीवनयोनियन्त्रवत्तादृश	जीवनयोनियन्त्रवत् तादृश
segment: किमेवमुचितं गतसार	किम् एवम् उचितम् गतसार
segment: विजातीयैकवत्त्वेन	विजातीय एकवत्त्वेन
segment: विरोधितयत्संग्रहार्थमुक्तोपाधेरवश्यमनुसरणीयत्वात्	विरोधितयत्संग्रहार्थम् उक्तोपाधेः अवश्यम् अनुसरणीयत्वात्
segment: बलवीर्यज्ञा मया	बलवीर्यज्ञाः मया
segment: ज्ञाननिवृत्तिस्वीकारेपि	ज्ञाननिवृत्तिस्वीकारे अपि
segment: भङ्गोऽस्तु	भङ्गः अस्तु
segment: तस्यानुमित्यनुकूलत्वेन	तस्य अनुमित्यनुकूलत्वेन
segment: काशीमरणादेर्हेतुत्वा	काशीमरणादेः हेतुत्वा
segment: दोषमपास्य	दोषम् अपास्य
segment: व्याप्तिग्रह इति	व्याप्तिग्रहः इति
segment: .चाप्तवाक्यादेवानित्यत्व-क	.च आप्तवाक्यात् एव अनित्यत्व-क
segment: हैडिम्बोऽस्मि	हैडिम्बः अस्मि
segment: शङ्कुकर्णः---श्रोतुमर्हति	शङ्कुकर्णः---श्रोतुम् अर्हति
segment: स्वैरं प्रविशन्तु	स्वैरम् प्रविशन्तु
segment: निपातनमभिमन्योश्च	निपातनम् अभिमन्योः च
segment: निर्युक्तिकत्वेनाश्रद्धेयत्वात्	निर्युक्तिकत्वेन अश्रद्धेयत्वात्
segment: दृष्टमिदं हि	दृष्टम् इदम् हि
segment: व्रतमुग्रचर्यं	व्रतम् उग्रचर्यम्
segment: (अधोऽवलोक्य)	(अधः अवलोक्य)
segment: तदिच्छाजनकत्वेन	तत् इच्छाजनकत्वेन
segment: मुहूर्तकं क्षीरं	मुहूर्तकम् क्षीरम्
segment: दृष्टा मया	दृष्टाः मया
segment: सकर्तृकं वा	सकर्तृकम् वा
segment: मद्वाक्याद् राज्यार्धं	मद्वाक्यात् राज्यार्धम्
segment: तत्सम्बन्धस्याकल्पनात्	तत्सम्बन्धस्य अकल्पनात्
segment: चादृष्टवदात्मसंयोगस्यैव	च अदृष्टवत् आत्मसंयोगस्य एव
segment: ज्येष्ठा लभ्याः	ज्येष्ठाः लभ्याः
segment: कथं बलवद्विग्रहो	कथम् बलवद्विग्रहः
segment: सम्बन्धमादाय-ख	सम्बन्धम् आदाय-ख
segment: श्रोतुं सखे	श्रोतुम् सखे
segment: तद्धनं	तत् धनं
segment: प्रमाणाभावादिति	प्रमाणाभावात् इति
segment: दुर्योधनः---संभ्रम इति	दुर्योधनः---संभ्रमः इति
segment: .व्यभिचारादावपि	.व्यभिचारादौ अपि
segment: वीराणां वधो	वीराणाम् वधः
segment: नैव	न एव
segment: पृथुसानुकुञ्जगहना मेघोपमाः	पृथुसानुकुञ्जगहनाः मेघोपमाः
segment: समवेतानुगुणत्वादित्यनुमानादीश्वरसिद्धौ	समवेतानुगुणत्वात् इति अनुमानात् ईश्वरसिद्धौ
segment: जाता	जाताः
segment: दुष्टान्तपक्षसाधारणस्वत्वस्यैकस्याभावात्	दुष्टान्तपक्षसाधारणस्वत्वस्य एकस्य अभावात्
segment: गुरूभक्ता न	गुरूभक्ताः न
segment: तदसंग्रहापत्तेः	तत् असंग्रहापत्तेः
segment: कथं वा	कथम् वा
segment: शल्यः---ततस्ततः	शल्यः---ततः ततः
segment: अपराधमनुद्दिश्य	अपराधम् अनुद्दिश्य
segment: ईश्वरप्रयत्नस्यापि	ईश्वरप्रयत्नस्य अपि
segment: प्रावृट्कालाभ्रकल्पं परमलघुतरं	प्रावृट्कालाभ्रकल्पम् परमलघुतरम्
segment: समानाधिकरण्यान्तनिवेशे	समानाधिकरण्या अन्तनिवेशे
segment: विषयविशेषणीभूतमपि	विषयविशेषणीभूतम् अपि
segment: पादपमूलमाश्रित्य	पादपमूलम् आश्रित्य
segment: सङ्कोचयन्निव	सङ्कोचयन् इव
segment: बाधसत्प्रतिपक्षयोराह---यद्वेति	बाधसत्प्रतिपक्षयोः आह---यत् वा इति
segment: अग्रेऽत्यन्ताभावगर्भमुक्तमिति	अग्रे अत्यन्ताभावगर्भम् उक्तम् इति
segment: तं वनौकसम्	तम् वनौकसम्
segment: किंकृतोऽयं समुद्योगः	किंकृतः अयम् समुद्योगः
segment: स्यादिति	स्यात् इति
segment: खल्वस्मि	खलु अस्मि
segment: प्रेक्षितुमागतोऽस्मि]	प्रेक्षितुम् आगतः अस्मि]
segment: श्रीरस्तु	श्रीः अस्तु
segment: काञ्चुकीयः---यदाज्ञापयति	काञ्चुकीयः---यद् आज्ञापयति
segment: चापि	च अपि
segment: तदेव	तत् एव
segment: विन्ध्यमन्दरसारोऽयं	विन्ध्यमन्दरसारः अयम्
segment: श्रीमानेष न	श्रीमान् एषः न
segment: अव्यक्तादिरचिन्त्यात्मा	अव्यक्तादिः अचिन्त्यात्मा
segment: कामपथान्निवृत्तम्	कामपथात् निवृत्तम्
segment: दुःखध्वंसस्तस्य	दुःखध्वंसः तस्य
segment: सकाशं गतवानस्मि	सकाशम् गतवान् अस्मि
segment: नानित्यदोषता	न अनित्यदोषता
segment: स्वैरमासतां भवन्तः	स्वैरम् आसताम् भवन्तः
segment: कालविफलान्यस्त्राणि	कालविफलानि अस्त्राणि
segment: निपतन्त्यसुराङ्गनानाम्	निपतन्ति असुराङ्गनानाम्
segment: द्रुपदराजसुतां रुदन्तीं	द्रुपदराजसुताम् रुदन्तीम्
segment: देवेन्द्रार्तिकरा निवातकवचा	देवेन्द्रार्तिकराः निवातकवचाः
segment: नीरसमेव	नीरसम् एव
segment: शब्द इव	शब्दः इव
segment: कन्दरं वा	कन्दरम् वा
segment: रूपाज्ञानसिद्धिरित्याहुः	रूपाज्ञानसिद्धिः इति आहुः
segment: शाब्दात्मकज्ञानेपरोक्षत्वं	शाब्दात्मकज्ञाने अपरोक्षत्वम्
segment: सुरैरद्य	सुरैः अद्य
segment: ब्रह्मज्ञानात्यन्ताभाव	ब्रह्मज्ञान अत्यन्ताभाव
segment: विषयताप्रत्यासत्त्यैव	विषयताप्रत्यासत्त्या एव
segment: जन्यत्वस्यैवात्र	जन्यत्वस्य एव अत्र
segment: तोरणमाश्रित्य	तोरणम् आश्रित्य
segment: मातुर्वचनेन	मातुः वचनेन
segment: तस्यापि	तस्य अपि
segment: मानुषं रूपमास्थाय	मानुषम् रूपम् आस्थाय
segment: दूतसमुदाचारेणोपस्थितः	दूतसमुदाचारेण उपस्थितः
segment: त्वमपि	त्वम् अपि
segment: ईश्वरविषयकं जीवात्मविषयकं	ईश्वरविषयकम् जीवात्मविषयकम्
segment: हेत्वाभासत्वमित्यर्थः	हेत्वाभासत्वम् इति अर्थः
segment: स्वर्गं गतो	स्वर्गम् गतः
segment: एतद्धर्म्याग्रमारुह्यावलोकयामि	एतत् हर्म्याग्रम् आरुह्य अवलोकयामि
segment: कथं कर्मकाल	कथम् कर्मकालः
segment: सद्धेतावतिव्याप्तिः	सद्धेतौ अतिव्याप्तिः
segment: श्रीधरोस्तु	श्रीधरः अस्तु
segment: यो न	यः न
segment: बाधस्यापि	बाधस्य अपि
segment: कथं न	कथम् न
segment: विवादाध्यासितकर्तृपक्षककार्यत्वहेतुसकर्तृक-त्वानुमानं तत्र	विवादाध्यासितकर्तृपक्षककार्यत्वहेतुसकर्तृकत्व अनुमानम् तत्र
segment: तादृशानुभवस्यातिरिक्ता	तादृश अनुभवस्य अतिरिक्ता
segment: प्रशंसामन्यतः	प्रशंसाम् अन्यतः
segment: छलयितुमक्रमेण	छलयितुम् अक्रमेण
segment: बालेनार्जुनकर्म	बालेन अर्जुनकर्म
segment: कार्यसिद्धिर्भवतु]	कार्यसिद्धिः भवतु]
segment: सुखदुःखाभावान्यतरस्य	सुखदुःखाभाव अन्यतरस्य
segment: किमिति	किम् इति
segment: लक्ष्मणः---यदाज्ञापयत्यार्यः	लक्ष्मणः---यद् आज्ञापयति आर्यः
segment: केचिदज्ञाननिवृत्तिरनिर्वचनीया	केचित् अज्ञाननिवृत्तिः अनिर्वचनीया
segment: मां परिभवति	माम् परिभवति
segment: हेत्वाभास इत्येतावतैव	हेत्वाभासः इति एतावत् एव
segment: ईश्वरानुमानविवेचनप्रस्तावे	ईश्वर अनुमानविवेचनप्रस्तावे
segment: प्रयोजकमिति	प्रयोजकम् इति
segment: प्रहृष्टोऽस्मि	प्रहृष्टः अस्मि
segment: तद् आचरणं	तत् आचरणं
segment: वृषं यथा	वृषम् यथा
segment: कि कंसभृत्यो	किम् कंसभृत्यः
segment: घटादिव्योमादिव्यावृत्तत्वनिश्चयो विद्यमानोऽप्यकिंचित्कर	घटादिव्योमादिव्यावृत्तत्वनिश्चयः विद्यमानः अपि अकिंचित्करः
segment: पार्थानां सुरतुल्यविक्रमवतां	पार्थानाम् सुरतुल्यविक्रमवताम्
segment: पुत्रो माता	पुत्रः माता
segment: व्यर्थत्वान्न	व्यर्थत्वात् न
segment: कश्चिदपरो ब्रूयान्न	कश्चित् अपरः ब्रूयान् न
segment: वासनानाशकत्वाभ्युपगमेतिरिक्त	वासनानाशकत्वाभ्युपगमे अतिरिक्त
segment: वाच्यो भवति	वाच्यः भवति
segment: काञ्चनपरिघमुद्यम्य	काञ्चनपरिघम् उद्यम्य
segment: (कर्णमुपगम्य)	(कर्णम् उपगम्य)
segment: दृष्ट्वास्पदमलभमानौ	दृष्ट्वा आस्पदम् अलभमानौ
segment: किन्त्वन्यो	किन्तु अन्यः
segment: तनुमृदुललिताङ्गं स्त्रीस्वभावोपपन्नं	तनुमृदुललिताङ्गम् स्त्रीस्वभावोपपन्नम्
segment: कुलविग्रहोऽयमस्मांश्च	कुलविग्रहः अयम् अस्मान् च
segment: सन्दिधक्षुर्यथैव	सन्दिधक्षुः यथा एव
segment: मन्त्रशालायां केशवा	मन्त्रशालायाम् केशवाः
segment: कोऽत्र	कः अत्र
segment: वृत्तान्तं ज्ञास्यामि	वृत्तान्तम् ज्ञास्यामि
segment: किमाह	किम् आह
segment: .मतमवलम्ब्यैतदुक्तम्	मतमवलम्ब्य एतत् उक्तम्
segment: भेत्तुं न	भेत्तुम् न
segment: तस्मादुभयं परिहृत्य	तस्मात् उभयम् परिहृत्य
segment: सेवकावित्यात्मानमपदिशतः	सेवकौ इति अत्मानम् अपदिशतः
segment: कस्यचित्कार्य	कस्यचित् कार्य
segment: पुनरहं	पुनः अहं
segment: युक्तं राघवमेवं	युक्तम् राघवम् एवम्
segment: जातिस्तेजस्त्वादिना	जातिः तेजस्त्वादिना
segment: वयमपि	वयम् अपि
segment: भीष्मादयो निर्जिताः	भीष्मादयः निर्जिताः
segment: निर्जितविष्टपत्रयभुजो निर्जीयते	निर्जितविष्टपत्रयभुजः निर्जीयते
segment: शीघ्रं निवेद्यतां	शीघ्रम् निवेद्यताम्
segment: चेन्न	चेत् न
segment: तत्त्वज्ञानं प्रत्यपि	तत्त्वज्ञानम् प्रत्यपि
segment: अयं केशवः	अयम् केशवः
segment: राजलक्ष्मीमनुत्तमाम्	राजलक्ष्मीम् अनुत्तमाम्
segment: .सत्प्रतिपक्षरूपतयैव-ख	.सत्प्रतिपक्षरूपतया एव-ख
segment: यस्तर्पितः	यः तर्पितः
segment: लक्ष्मणः---यदाज्ञापयत्यार्यः	लक्ष्मणः---यद् आज्ञापयति आर्यः
segment: दिव्यास्त्रैस्त्रिदशगणा भयाभिभूता	दिव्यास्त्रैः त्रिदशगणाः भया अभिभूताः
segment: लक्षणमङ्गीक्रियते	लक्षणम् अङ्गीक्रियते
segment: निर्जघानेति	निर्जघान इति
segment: साम्प्रतं धैर्यं	साम्प्रतम् धैर्यम्
segment: वागुराच्छन्नमाश्रित्य	वागुराच्छन्नम् आश्रित्य
segment: स्वतो दूषणत्वमिति	स्वतः दूषणत्वम् इति
segment: साधनं राजलक्ष्म्याः	साधनम् राजलक्ष्म्याः
segment: नीलः---यदाज्ञापयति	नीलः---यद् आज्ञापयति
segment: हेतुतायां व्यभिचार	हेतुतायाम् व्यभिचार
segment: व्यतिरेकानुविधानबलादपि	व्यतिरेक अनुविधानबलात् अपि
segment: द्रष्टकामो रणातिथिः	द्रष्टकामः रणातिथिः
segment: युक्त्यैव	युक्त्या एव
segment: साध्यतदभावोत्थापकतयेति	साध्यतदभावोत्थापकतया इति
segment: सत्प्रतिपक्षसंभवान्नोपदर्शितानुमानज्जन्यमात्रे	सत्प्रतिपक्षसंभवात् न उपदर्शितानुमानत् जन्यमात्रे
segment: ब्रह्मणो	ब्रह्मणः रूपम्
segment: चेन्मैवम्	चेत् मा एवम्
segment: समुदाचारो नावेक्षितः	समुदाचारः न अवेक्षितः
segment: एवोचित	एव उचित
segment: तज्जन्यतावच्छेदकत्वाङ्गीकारेणेति	तज्जन्यतावच्छेदकत्व अङ्गीकारेण इति
segment: (तच्छ्रुत्वा	(तत् श्रुत्वा
segment: विनिगमनाविरहाज्ज्ञानत्वादिनापि	विनिगमनाविरहात् ज्ञानत्वादिन अपि
segment: तदानीमपि	तदानीम् अपि
segment: प्राप्त एव	प्राप्तः एव
segment: ह्यत्रेव	हि अत्र एव
segment: शत्रोर्बलं	शत्रोः बलम्
segment: त्वयेव	त्वया एव
segment: प्रतिपन्नं तेन	प्रतिपन्नम् तेन
segment: साध्यवदन्यवृत्तित्वमित्यर्थः	साध्यवत् अन्यवृत्तित्वम् इति अर्थः
segment: गुणा धरन्ते	गुणाः धरन्ते
segment: इदं नगरद्वारम्	इदम् नगरद्वारम्
segment: तथाप्यतिप्रसङ्ग इति	तथापि अतिप्रसङ्गः इति
segment: तत्साध्यता	तत् साध्यता
segment: तं विदित्वैवेति	तम् विदित्व एव इति
segment: तच्च	तत् च
segment: पुत्रशोकसमुत्थितोऽग्निर्न	पुत्रशोकसमुत्थितः अग्निः न
segment: ...अज्ञायमानाया असिद्धेश्च-ख	...अज्ञायमानायाः असिद्धेः च-ख
segment: स भक्तोत्तमो	सः भक्तोत्तमः
segment: नाहमभिमन्युरिह	न अहम् अभिमन्युः इह
segment: हेतुरित्येवोद्भाव्यत इत्यर्थः	हेतुः इति एव उद्भाव्यते इति अर्थः
segment: कार्यकारणभावानन्त्यकल्पनमपि	कार्यकारणभाव अनन्त्यकल्पनम् अपि
segment: शोचन्तमार्यपुत्रं कुर्वन्तः	शोचन्तम् आर्यपुत्रम् कुर्वन्तः
segment: वानरेन्द्रास्तिष्ठन्तु	वानरेन्द्राः तिष्ठन्तु
segment: ईश्वरस्यैकमेव	ईश्वरस्य एकम् एव
segment: मारुतो भीमरूपी	मारुतः भीमरूपी
segment: तारल्यात्किञ्चिदुच्यते	तारल्यात् किञ्चित् उच्यते
segment: लाङ्गूलमादीप्य	लाङ्गूलम् आदीप्य
segment: पुनर्वीजन्ति	पुनः वीजन्ति
segment: ह्यनुमितिप्रतिबन्धकीभूततादृशज्ञानविशेष्यत्वं	हि अनुमितिप्रतिबन्धकीभूततादृशज्ञानविशेष्यत्वं
segment: तच्छिक्षाऽनुसृता	तत् शिक्षा अनुसृता
segment: दुःखं संपूर्णः	दुःखम् संपूर्णः
segment: कृतं त्रिदशैरिदमप्रियम्	कृतम् त्रिदशैः इदम् अप्रियम्
segment: मयाप्यनुचितदौत्यसमयोऽनुष्ठितः	मया अपि अनुचितदौत्यसमयः अनुष्ठितः
segment: संभवत्येवमुपदर्शितधर्मस्य	संभवत्येवम् उक्तिपदर्शितधर्मस्य
segment: हेतुत्वस्यावश्यं कल्पनीयतया	हेतुत्वस्य आवश्यम् कल्पनीयतया
segment: वा	प्रायश्रित्त उत्तरकालरूपः वा
segment: वानरत्वाद्	वानरत्वात्
segment: कार्यत्वं तत्साध्यता	कार्यत्वम् तत् साध्यता
segment: व्यतिरेकिण्यप्रसिद्धमेव	व्यतिरेकिण्यप्रसिद्धम् एव
segment: फलेन्नहि	फलेत् नहि
segment: वासुदेवः---पुराविदं भवन्तं	वासुदेवः---पुराविदम् भवन्तम्
segment: लङ्केश्वर एतामवस्थां	लङ्केश्वरः एताम् अवस्थाम्
segment: राज्ञस्तस्य	राज्ञः तस्य
segment: नाम्रा लभ्याः	न आम्राः लभ्याः
segment: इत्यपापकवादित्यर्थः	इति अपापकवादित्यर्थः
segment: किमतः	किम् अतः
segment: पुरूषार्थत्वाङ्गीकारात्	दुःखजनकाभावस्य अपि
segment: निर्णयहेतुतैव	निर्णयहेतुत एव
segment: शङ्कुकर्ण---यदाज्ञापयति	शङ्कुकर्ण---यद् आज्ञापयति
segment: वैयर्थ्यशङ्केति	वैयर्थ्यशङ्का इति
segment: दृढं वृत्तान्तं	दृढम् वृत्तान्तम्
segment: व्याविद्धो नमुचिर्येन	व्याविद्धः नमुचिः येन
segment: जातो	जातः
segment: संसारितादशायां नित्यसुखसाक्षात्कारापत्तिः	संसारितादशायाम् नित्यसुखसाक्षात्कारापत्तिः
segment: नात्र	न अत्र
segment: स्वतो दूषकत्वाभावात्	स्वतः दूषकत्वाभावात्
segment: देशाश्च	देशाः च
segment: धृतराष्ट्रो गान्धारी	धृतराष्ट्रः गान्धारी
segment: धीरमाकर्षमाणः	धीरम् आकर्षमाणः
segment: अपायाच्च	अपायात् च
segment: ज्ञानादिजनकत्वं त्वन्तः	ज्ञानादिजनकत्वम् त्वन्तः
segment: निवातकवचा नीताः	निवातकवचाः नीताः
segment: चात्यन्तावयवित्वमनिवेश्यैव	च अत्यन्तावयवित्वमनिवेश्य एव
segment: महान्तमादित्यवर्णं तमसः	महान्तम् आदित्यवर्णम् तमसः
segment: एकत्वेपि	एकत्वे अपि
segment: पृष्टोऽस्मि	पृष्टः अस्मि
segment: चोभयव्यावृत्तत्वे	च उभयव्यावृत्तत्वे
segment: कथञ्चिद् धीरमाकर्षमाणः	कथञ्चित् धीरम् आकर्षमाणः
segment: गुरोर्मम	गुरोः मम
segment: ईश्वरात्मानि	ईश्वर आत्मानि
segment: एष एष	एषः एषः
segment: सकर्तृकत्वप्रकारकसंदेहविशेष्यतावच्छेदकत्वमेव	सकर्तृकत्वप्रकारकसंदेहविशेष्यतावच्छेदकत्वम एव
segment: स्यादिति	स्यात् इति
segment: सुरुचिरतरुषण्डं तोयदाभं	सुरुचिरतरुषण्डम् तोयदाभम्
segment: आगमनाद् भीतः	आगमनात् भीतः
segment: हृदयं परिशङ्कितं	हृदयम् परिशङ्कितम्
segment: एष खलु	एषः खलु
segment: तावदस्त्रस्य	तावद् अस्त्रस्य
segment: चेन्न	चेत् न
segment: देयं तथापि	देयम् तथापि
segment: भ्रातार्जुनो मे	भ्राता अर्जुनः मे
segment: बुद्धिर्दोलायते	बुद्धिः दोलायते
segment: यो	यः
segment: तद्वत्वगोचरयथार्थज्ञानविषयत्वं	तद्वत् अगोचरयथार्थज्ञानविषयत्वं
segment: इत इतः	इतः इतः
segment: तं मानुषमद्य	तम् मानुषम् अद्य
segment: नोभयव्याप्तिग्रहसामग्रीत्वम्	न उभयव्याप्तिग्रहसामग्रीत्वम्
segment: वो व्यवसायेन	वः व्यवसायेन
segment: सिद्धेरप्रत्यूहत्वात्	सिद्धेः अप्रत्यूहत्वात्
segment: वैधुर्यमापतति	वैधुर्यम् आपतति
segment: पाषाणो जडो	पाषाणः जडः
segment: मुक्तिं प्रति	मुक्तिम् प्रति
segment: सपरिवारो रावणः)	सपरिवारः रावणः)
segment: बाधमात्रेणेत्यर्थो	बाधमात्रेण इत्यर्थः
segment: यवीयसो दाराभिमर्शनम्	यवीयसः दाराभिमर्शनम्
segment: तदागम्यतां मन्त्रशालामेव	तद् आगम्यताम् मन्त्रशालाम् एव
segment: अनेकयज्ञाहुतितर्पितो द्विजैः	अनेकयज्ञाहुतितर्पितः द्विजैः
segment: विहायान्यत्	विहाय अन्यत्
segment: सहस्रहंसप्रयुक्तो वीरवाही	सहस्रहंसप्रयुक्तः वीरवाही
segment: बलमाज्ञापय	बलम् आज्ञापय
segment: भूयो भूयः	भूयः भूयः
segment: चपलपलायनमनुचितमविरतममरसमराणि	चपलपलायनम् अनुचितम् अविरतम् अमरसमराणि
segment: नैतत्पुरूषीयात्मप्रत्यक्षं प्रति	न एतत्पुरूषीयात्मप्रत्यक्षम् प्रति
segment: कथं तस्य	कथम् तस्य
segment: तत्रैव	तत्र एव
segment: लक्ष्मणः---जयत्वार्यः	लक्ष्मणः---जयतु आर्यः
segment: किमितरनैरपेक्ष्येण	किम् इतरनैरपेक्ष्येण
segment: तत्पुरस्कारेणैवोक्तलक्षणगमनं	तत्पुरस्कारेण एव उक्तलक्षणगमनं
segment: निषेधादित्यलमतिविस्तरेण	निषेधात् इति अलम् अतिविस्तरेण
segment: प्रेषितो मातलिवाहितो	प्रेषितः मातलिवाहितः
segment: उपाधावतिप्रसङ्गात्	उपाधौ अतिप्रसङ्गात्
segment: स चित्रपटो	सः चित्रपटः
segment: अतस्तासु	अतः तासु
segment: संयुक्तसमवायरूपकारणबलान्नापत्तिरिति	संयुक्तसमवायरूपकारणबलात् न आपत्तिः इति
segment: किमनया	किम् अनया
segment: नरपतिर्दत्तास्पदो वीर्यवान्	नरपतिः दत्तास्पदः वीर्यवान्
segment: इत एवाभिवर्तते	इतः एव अभिवर्तते
segment: चेन्मैवम्	चेत् मा एवम्
segment: गतवानस्मि	गतवान् अस्मि
segment: अयं कालो	अयम् कालः
segment: स मनुजयुगलं	सः मनुजयुगलम्
segment: क्षितिरखिलापि	क्षितिः अखिलापि
segment: गुरोर्भूपं कंसं	गुरोः भूपम् कंसम्
segment: व्रज्रहता इवाशु	व्रज्रहताः इव आशु
segment: अयमाशक्तः	अयम् अशक्तः
segment: ईश्वरोऽपि	ईश्वरः अपि
segment: मद्वचनात्	मद् वचनात्
segment: तद् गृहं	तत् गृहं
segment: अहमवधृतपाण्डरातपत्रो	अहम् अवधृतपाण्डरातपत्रः
segment: इत्युक्तमाचार्यैः	इति उक्तम् आचार्यैः
segment: .प्रतिबन्धकम्--तत्सामग्र्यपि-ख	.प्रतिबन्धकम्--तत्सामग्री अपि-ख
segment: खल्वेष जीवन्तीमादाय	खलु एषः जीवन्तीम् आदाय
segment: प्रवेशयत्वेतौ	प्रवेशयतु एतौ
segment: कपिवरं त्वत्कारणादग्रजं	कपिवरम् त्वत्कारणाद् अग्रजम्
segment: तदेतत्	तत् एतत्
segment: विचाराश्चेल्लिख्यन्ते	विचाराः च उल्लिख्यन्ते
segment: कल्पनाधिक्येपि	कल्पनाधिक्ये अपि
segment: .अस्यापि-ख	.अस्य अपि-ख
segment: फलवृत्तित्वादिति	फलवृत्तित्वात् इति
segment: स्वीकारलाघवमिति	स्वीकारलाघवम् इति
segment: मद्वचनादेवं स	मद्वचनात् एवम् सः
segment: धृतराष्ट्रः---यदाज्ञापयति	धृतराष्ट्रः---यत् आज्ञापयति
segment: हरिरिव	हरिः इव
segment: भावस्याद्वैतपदार्थतया	भावस्य अद्वैतपदार्थतया
segment: मार्गं न	मार्गम् न
segment: फलमतो निजशाठ्यसमुद्भवम्	फलम् अतः निजशाठ्यसमुद्भवम्
segment: एवमनादिभावत्वं ज्ञाननिर्वृत्त्यवृत्ति	एवम् अनादिभावत्वम् ज्ञाननिर्वृत्त्यवृत्ति
segment: तुल्यभावं	तुल्यभावम्
segment: किं नु	किम् नु
segment: चैतावता	च एतावता
segment: .तस्माद्यदा-क	.तस्मात् यदा-क
segment: स उदतरत्	सः उदतरत्
segment: हेतुत्वमायास्यतीति	हेतुत्वम् आयास्यति इति
segment: किमथ	किम् अथ
segment: सृष्टं त्वयेव	सृष्टम् त्वया एव
segment: वयसाऽपि	वयसा अपि
segment: विजातीयदुःखत्वावछिन्नं प्रति	विजातीयदुःखत्वावछिन्नम् प्रति
segment: साम्नायं न	साम्ना अयम् न
segment: कथं कथं	कथम् कथम्
segment: को भवान्	कः भवान्
segment: व्याप्यत्वावच्छेदकत्वाभावेभाव	व्याप्यत्वावच्छेदकत्वाभावे अभाव
segment: आर्यपुत्रनामसंकीर्तनेनाहमेनेनाभिभाषिष्ये	आर्यपुत्रः नामसंकीर्तनेन अहम् एतेन अभिभाषिष्ये
segment: गुरुत्वं बालस्य	गुरुत्वम् बालस्य
segment: स्वयं नरपतिर्दत्तास्पदो	स्वयम् नरपतिः दत्तास्पदः
segment: पञ्चमोऽङ्कः	पञ्चमः अङ्कः
segment: भ्रान्ता मेघाः	भ्रान्ताः मेघाः
segment: पाणितलाभ्यामभिमृदितानि	पाणितलाभ्याम् अभिमृदितानि
segment: विभीषणः---अनुगृहीतोऽस्मि	विभीषणः---अनुगृहीतः अस्मि
segment: धैर्यादुद्धरते	धैर्यात् उद्धरते
segment: यतो हि	यतः हि
segment: वृत्तमेतत्	वृत्तम् एतत्
segment: स्त्रिदशपतित्वमवाप्य	त्रिदशपतित्वम् अवाप्य
segment: एष वाली	एषः वाली
segment: हन्यतामयं वानरः	हन्यताम् अयम् वानरः
segment: रोषं धारयितुम्	रोषम् धारयितुम्
segment: हीतरसामग्रीसमवहितस्यापि	हि इतरसामग्रीसमवहितस्य अपि
segment: उदधिरिव	उदधिः इव
segment: दुर्गतमं रसातलं	दुर्गतमम् रसातलम्
segment: काञ्चुकीयः---श्रूयतां	काञ्चुकीयः---श्रूयताम्
segment: वेति	वा इति
segment: एवमेका	एवम् एका
segment: बलेनाभिहत्य	बलेन अभिहत्य
segment: अमुष्मिंश्चान्यथा	अमुष्मिन् च अन्यथा
segment: पटत्वाभाववानित्यादि	पटत्वाभाववान् इति आदि
segment: श्रुतिबलात्तादृश	श्रुतिबलात् तादृश
segment: सत्प्रतिपक्षभेदो न	सत्प्रतिपक्षभेदः न
segment: इमा गङ्गाप्रभृतयो	इमाः गङ्गाप्रभृतयः
segment: मुक्तिरिति	मुक्तिः इति
segment: राक्षसोऽसौ	राक्षसः असौ
segment: रूपेणान्यत्रवात्रापि	रूपेण अन्यत्र इव अत्र अपि
segment: रावणः---कथं त्वमवगच्छसि	रावणः---कथम् त्वम् अवगच्छसि
segment: समवेतत्वबाधसहकृतादियं कृतिः	समवेतत्वबाधसहकृतात् इयम् कृतिः
segment: प्रेषितो मां	प्रेषितः माम्
segment: घटपटादिरूपकार्यसंभवादिति	घटपटादिरूपकार्यसंभवात् इति
segment: भिक्षां याचे]	भिक्षाम् याचे]
segment: सिद्धमस्मत्कार्यम्	सिद्धम् अस्मत्कार्यम्
segment: तत्त्वज्ञानोत्पत्त्या	तत्त्वज्ञान उत्पत्त्या
segment: नैव	न एव
segment: रावणेनैतौ	रावणेन एतौ
segment: तथाचैका	तथाच एका
segment: भवन्त एव	भवन्तः एव
segment: मुक्तित्वं साधीय	मुक्तित्वम् साधीय
segment: महत्तरां भिक्षां	महत्तराम् भिक्षाम्
segment: अहमेव	अहम् एव
segment: शक्तिरियं प्रतिगृह्यताम्	शक्तिः इयम् प्रतिगृह्यताम्
segment: भगवांश्चक्रायुधः	भगवान् चक्रायुधः
segment: कार्यत्वावच्छिन्नं प्रत्येव	कार्यत्वावच्छिन्नम् प्रति एव
segment: रूपमन्नञ्च	रूपमन्नम् च
segment: द्वितीयः---शैला क्षिप्यन्ते	द्वितीयः---शैलाः क्षिप्यन्ते
segment: पुष्पफलाढ्यपादपयुता देशाश्च	पुष्पफलाढ्यपादपयुताः देशाः च
segment: एवं गोलकाद्यभावेन	एवम् गोलकादि अभावेन
segment: सत्यनुमितित्वादेरपरोक्ष	सत्यनुमितित्वादेः अपरोक्
segment: साहाय्यमाचरेत्	साहाय्यम् आचरेत्
segment: अपरहेतुविषयतयापि	अपरहेतुविषयतया अपि
segment: स्वरूपासिद्धिवारकत्वेनैव	स्वरूपासिद्धिवारकत्वेन एव
segment: सुदर्शनः---कथं कथं	सुदर्शनः---कथम् कथम्
segment: कलहो यत्र	कलहः यत्र
segment: कर्तव्यं तावदस्माभिर्वद	कर्तव्यम् तावद् अस्माभिः वद
segment: स्वीयो	स्वीयः
segment: गोचरत्वगर्भमपि	गोचरत्वगर्भम् अपि
segment: हेत्वाभासान्तरता.पत्तिश्च	हेत्वाभासान्तरतापत्तिः च
segment: प्रलयपूर्वकालीनमुक्त्यात्मकदुःखध्वंसानां पुरूषान्तरीयदुःखप्रागभाव	प्रलयपूर्वकालीनमुक्ति आत्मकदुःखध्वंसानाम् पुरूषान्तरीयदुःखप्रागभाव
segment: पत्नीं स्पृशन्ति	पत्नीम् स्पृशन्ति
segment: दोष इति	दोषः इति
segment: वस्त्रमनिन्दिताङ्गि	वस्त्रम् अनिन्दिताङ्गि
segment: किं वार्जुनसमीपे	किम् वा अर्जुनसमीपे
segment: समुद्धर्तुं दशग्रीवं	समुद्धर्तुम् दशग्रीवम्
segment: एवेति	एव इति
segment: बाधितमिदमिति	बाधितम् इदम् इति
segment: अयमङ्गराजः	अयम् अङ्गराजः
segment: निर्वहतीति	निर्वहति इति
segment: स्वजनपरिभवादासन्नविलयम्	स्वजनपरिभवात् आसन्नविलयम्
segment: ज्ञायमानदोषत्वेनेत्यर्थः	ज्ञायमानदोषत्वेन इत्यर्थः
segment: आवां खलु	आवाम् खलु
segment: स्थितोऽस्मि	स्थितः अस्मि
segment: हरितान्यपि	हरितानि अपि
segment: निदिध्यासितव्यश्चेति	निदिध्यासितव्यः च इति
segment: शल्यश्च)	शल्यः च)
segment: कमललोचनमुग्रचापं	कमललोचनम् उग्रचापम्
segment: युक्त्यैव	युक्त्या एव
segment: को दोषः	कः दोषः
segment: कार्यतावच्छेदकं निरवच्छिन्नत्व	कार्यतावच्छेदकम् निरवच्छिन्नत्व
segment: स्त्रिदशगणैरभिसंवृतो विभाति	त्रिदशगणैः अभिसंवृतः विभाति
segment: तदविषयकस्य	.तत् विषयकस्य
segment: रावणं	रावणम्
segment: धृतराष्ट्रः---को भवान्	धृतराष्ट्रः---कः भवान्
segment: हन्यतामयं वानरः	हन्यताम् अयम् वानरः
segment: भवेद् विफलश्रमः	भवेत् विफलश्रमः
segment: युद्धकाल उपस्थित	युद्धकालः उपस्थितः
segment: भवन्मतेपि	भवन्मते अपि
segment: नित्यं पुष्पफलाढ्यपादपयुता	नित्यम् पुष्पफलाढ्यपादपयुताः
segment: तथापि	तथा अपि
segment: अहमपि	अहम् अपि
segment: आर्यरामो महाराजश्च	आर्यः रामः महाराजः च
segment: तस्याहेतुतयोपदर्शितप्रबादोपि	तस्य अहेतुतया उपदर्शितप्रवादः अपि
segment: येनाहं कृतमङ्गलप्रतिसरो	येन अहम् कृतमङ्गलप्रतिसरः
segment: मेऽद्य	मे अद्य
segment: नीयमानो नभस्तलम्	नीयमानः नभस्तलम्
segment: भोगादेव	भोगात् एव
segment: शरणार्थमुपागतः	शरणार्थम् उपागतः
segment: तत्रातिव्याप्तिरिति	तत्र अतिव्याप्तिः इति
segment: .तद्यावृत्तत्वेनेव-ख	.तद्यावृत्तत्वेन एव-ख
segment: रघुवरभुजवेगविप्रमुक्तं	रघुवरभुजवेगविप्रमुक्तम्
segment: प्रतिबन्धकत्वमिति	प्रतिबन्धकत्वम् इति
segment: दुर्धियो जनाः	दुर्धियः जनाः
segment: ध्यानसंवीतहृदयानशनक्षामवदना	ध्यानसंवीतहृदया अनशनक्षामवदना
segment: जन्यमिति	जन्यम् इति
segment: .तस्माद्यथा	.तस्मात् यथा
segment: तत्संशयो व्यभिचारसंशयत्वेन	तत्संशयः व्यभिचारसंशयत्वेन
segment: युद्धं कुमारस्य	युद्धम् कुमारस्य
segment: मां तातः	माम् तातः
segment: श्रमिको धीमान्	श्रमिकः धीमान्
segment: तत्सम्बन्धस्य	तत् सम्बन्धस्य
segment: समवेतकार्यं प्रत्येव	समवेतकार्यम् प्रति एव
segment: साक्षाद्विषयतावत्त्वस्य	साक्षात् विषयतावत्त्वस्य
segment: शुचितां धूमकेतन	शुचिताम् धूमकेतन
segment: को हि	कः हि
segment: अन्यथोदाहरणमपि	अन्यथा उदाहरणम् अपि
segment: किं नु	किम् नु
segment: सम्प्रार्थयत ईश्वरम्	सम्प्रार्थयते ईश्वरम्
segment: बाधमात्रविषयस्यैव	बाधमात्रविषयस्य एव
segment: बालभावनिमज्जनमस्माकं भाग्यक्रमेण	बालभावनिमज्जनम् अस्माकम् भाग्यक्रमेण
segment: तीक्ष्णदंष्ट्रो मृगेन्द्रः	तीक्ष्णदंष्ट्रः मृगेन्द्रः
segment: स वानरः	सः वानरः
segment: शीतो भवति	शीतः भवति
segment: तस्मादेष निरस्यताम्	तस्मात् एषः निरस्यताम्
segment: सूर्येणेवाभ्यागतैरंशुजालैः	सूर्येणे इव अभ्यागतैः अंशुजालैः
segment: स्वादृष्टकृष्टशरीरसंबन्धस्यैव	स्वादृष्टकृष्टशरीरसंबन्धस्य एव
segment: सदैवैका	सदा एव एका
segment: तस्यैव	तस्य एव
segment: भग्नो दारुपर्वतकः	भग्नः दारुपर्वतकः
segment: कोऽत्र	कः अत्र
segment: पातनाज्जातदर्पो	पातनात् जातदर्पः
segment: नेच्छामि	न इच्छामि
segment: बलमाज्ञापयितुमर्हति	बलम् आज्ञापयितुम् अर्हति
segment: घटोत्कचः---कथं दुश्शासनो	घटोत्कचः---कथम् दुश्शासनः
segment: क्षत्रियाणां विनाशं	क्षत्रियाणाम् विनाशम्
segment: सलिलनिचयमध्यादुत्थितस्त्वेष शीघ्र-	सलिलनिचयमध्यात् उत्थितः तु एषः शीघ्रम्
segment: परस्परं विशेषणविशेष्यभावे	परस्परम् विशेषणविशेष्यभावे
segment: खल्विदम्	खलु इदम्
segment: साक्षादनुमिति	साक्षात् अनुमिति
segment: भगवतो विपुलप्रसादा-	भगवतः विपुलप्रसादात्
segment: तेनैव	तेन एव
segment: तथाप्यनतिप्रयोजकत्वं तस्येति	तथापि अनतिप्रयोजकत्वम् तस्य इति
segment: पार्थकर्मेदमहो	पार्थकर्म इदम् अहो
segment: शरशतक्षेपैर्द्वितीयेऽर्जुने	शरशतक्षेपैः द्वितीये अर्जुने
segment: कृतार्थगणनामहमद्य	कृतार्थगणनाम् अहम् अद्य
segment: भो भोः	भोः भोः
segment: फलवृत्तित्वं मन्यते	फलवृत्तित्वम् मन्यते
segment: सुखमार्यस्य]	सुखम् आर्यस्य]
segment: वेदान्तविचारः	वेद अन्त विचारः
segment: इदं कुलं	इदम् कुलम्
segment: स शाम्यति	सः शाम्यति
segment: भगवानाज्ञापयतु	भगवान् आज्ञापयतु
segment: तयोर्जन्यत्वे	तयोः जन्यत्वे
segment: सुग्रीवमद्य	सुग्रीवम् अद्य
segment: इत्याहुरित्यास्तां विस्तरेणेति	इति आहुः इति आस्ताम् विस्तरेणेति
segment: तत्सम्भव इति	तत्सम्भवः इति
segment: द्वितीयेऽपि	द्वितीये अपि
segment: देयमेव	देयम् एव
segment: वच्छेदकमिति	वच्छेदकम् इति
segment: कथं नामाभिधत्ते	कथम् नाम अभिधत्ते
segment: ककुभः---कोऽभिप्रायो महाराजस्य	ककुभः---कः अभिप्रायः महाराजस्य
segment: वर्णनामनित्यत्ववादे	वर्णनाम् अनित्यत्ववादे
segment: मयातिक्रान्तपूर्वम्	मया अतिक्रान्तपूर्वम्
segment: तदुभयोः	तत् उभयोः
segment: तत्त्वज्ञानहेतुत्वासंभवेन	तत्त्वज्ञानहेतुत्व असंभवेन
segment: महत्कृतं रणे	महत् कृतम् रणे
segment: महोल्केव	महोल्का इव
segment: तृणमपि	तृणम् अपि
segment: सन्देशं	सन्देशम्
segment: देवो अस्ति	देवः अस्ति
segment: मुक्तिपूर्वं तत्त्वज्ञानस्यावश्यसत्वप्रतिपादनेन	मुक्तिपूर्वम् तत्त्वज्ञानस्यावश्यसत्वप्रतिपादनेन
segment: मामभिमुखमेत्य	माम् अभिमुखम् एत्य
segment: एकव्यक्तिराश्रयरूपा	एकव्यक्तिः आश्रयरूपा
segment: .गुरुविषयस्यापि	.गुरुविषयस्य अपि
segment: विभीषणः---(सावधानं शुकसारणौ	विभीषणः---(सावधानम् शुकसारणौ
segment: हेतुवदाभासमाना	हेतुवत् आभासमाना
segment: (स्वर्यातः)	(स्वः यातः)
segment: किं व्यर्थं	किम् व्यर्थम्
segment: स्वामिनमुपाश्रितस्य	स्वामिनम् उपाश्रितस्य
segment: अर्जुनमपि	अर्जुनम् अपि
segment: स्वभावरुचिमानिव	स्वभावरुचिमान् इव
segment: पुष्पफलाढ्यपादपयुतं चित्रं	पुष्पफलाढ्यपादपयुतम् चित्रम्
segment: सूर्योद्भवो वह्निः	सूर्योद्भवः वह्निः
segment: विभीषणः---निर्वेद एव	विभीषणः---निर्वेदः एव
segment: एवाभिवर्तते	एव अभिवर्तते
segment: स्वनिलयमेव	स्वनिलयम् एव
segment: तद् आनीयतां	तत् आनीयतां
segment: किमिच्छसि	किम् इच्छसि
segment: तादृशप्रतीतेर्विषयत्वसत्वाच्च	तादृशप्रतीतेः विषयत्वसत्वात् च
segment: वीरमन्येन	वीरम् अन्येन
segment: एवञ्च	एवम् च
segment: विशिष्टघटत्वपटत्वाद्यवच्छिनं प्रति	विशिष्टघटत्वपटत्वाद्यवच्छिनम् प्रति
segment: भणिष्यामि--अद्यकालिकं च	भणिष्यामि--अद्यकालिकम् च
segment: यथार्कः	यथा अर्कः
segment: सुतरां तदीयनित्य	सुतराम् तदीयनित्य
segment: बाणधारा विनिस्सृताः	बाणधाराः विनिस्सृताः
segment: कुमारो हि	कुमारः हि
segment: समर्थितं तदिदानीं	समर्थितम् तद् इदानीम्
segment: शत्रुं तवाद्य	शत्रुम् तव अद्य
segment: नोक्तानुपपत्तिः	न उक्तानुपपत्तिः
segment: व्यभिचारित्वेनैवोक्तलक्षणगमनं	व्यभिचारित्वेन एव उक्तलक्षणगमनं
segment: अद्यैव	अद्य एव
segment: किमाहतुर्भवन्तौ-अत्रभवान्	किम आहतुः भवन्तौ-अत्रभवान्
segment: द्विषतां स्वकीर्त्त्या	द्विषताम् स्वकीर्त्त्या
segment: देवैर्मन्त्रयते	देवैः मन्त्रयते
segment: नवकुवलयनीलो मत्तमातङ्गलीलः	नवकुवलयनीलः मत्तमातङ्गलीलः
segment: नास्तीति--ख	न अस्ति इति--ख
segment: प्रतिबन्धिकेति	प्रतिबन्धिका इति
segment: प्राचीनवेदान्तिग्रंथस्यापि	प्राचीनवेदान्तिग्रंथस्य अपि
segment: एष आर्यककुभः	एषः आर्यककुभः
segment: कुर्वतो रावणस्याचिरेण	कुर्वतः रावणस्य अचिरेण
segment: अयं पाञ्चजन्यः	अयम् पाञ्चजन्यः
segment: वारिधारा वृषं	वारिधाराः वृषम्
segment: भवेन्ममासपत्ना	भवेत् मम असपत्ना
segment: त्रयाणां प्रत्येकमपि	त्रयाणाम् प्रत्येकम् अपि
segment: कर्णं दत्त्वा)	कर्णम् दत्त्वा)
segment: खल्वापः	खलु आपः
segment: मुद्यत्प्रभावलयिनं परशुं	उद्यत्प्रभावलयिनम् परशुम्
segment: प्रत्ययार्थं हि	प्रत्ययार्थम् हि
segment: शब्दत्वाभाव इति	शब्दत्वाभावः इति
segment: तदवस्थं पुत्रं	तदवस्थम् पुत्रम्
segment: भवतां चक्रायुधः	भवताम् चक्रायुधः
segment: सन्तो	सन्तः
segment: धर्मं	धर्मम्
segment: तद् भवत्यच्छमेव	तत् भवति अच्छम् एव
segment: स पाषाणो	सः पाषाणः
segment: खल्वीश्वरा	खलु ईश्वराः
segment: सद्यो विधीयताम्	सद्यः विधीयताम्
segment: व्यर्थविशेषणत्वमेव	व्यर्थविशेषणत्वम् एव
segment: वैवश्यतस्तस्य	वैवश्यतः तस्य
segment: स बालभावाददृष्टदोषः	सः बालभावात् अदृष्टदोषः
segment: निवातकवचप्राणोपहारार्चितं	निवातकवचप्राणोपहारार्चितम्
segment: विसृज्यतामयं वानरः	विसृज्यताम् अयम् वानरः
segment: सुरासुराणां परिखेदलब्धं	सुरासुराणाम् परिखेदलब्धम्
segment: संनिहितशार्दूलां गुहां	संनिहितशार्दूलाम् गुहाम्
segment: हनुमांश्च)	हनुमान् च)
segment: किञ्चिद् व्याहरन्	किञ्चित् व्याहरन्
segment: वश्यत्वमागता	वश्यत्वम् आगता
segment: तस्मादहमप्यैरावतमारुह्यार्जुनकर्णयोर्द्वन्द्वयुद्धं पश्यामि	तस्मात् अहम् अपि ऐरावतम् आरुह्य अर्जुनकर्णयोः द्वन्द्वयुद्धम् पश्यामि
segment: प्रत्यैषवं वर्षमभिवर्षति	प्रति ऐषवम् वर्षम् अभिवर्षति
segment: केनाभिमन्युर्निहतः	केन अभिमन्युः निहतः
segment: वृत्तिलाभश्चौर्यकर्मनिवारकः	वृत्तिलाभः चौर्यकर्मनिवारकः
segment: विद्यतेयनायेति	विद्यते अयनायेति
segment: वक्तुमिच्छसि	वक्तुम् इच्छसि
segment: हरिगणपतिसैन्यं हन्तुकामाः	हरिगणपतिसैन्यम् हन्तुकामाः
segment: जनो जातु	जनः जातु
segment: क इह	कः इह
segment: संग्राममवतीर्णः	संग्रामम् अमवतीर्णः
segment: सम्भूतो ज्वलतो	सम्भूतः ज्वलतः
segment: दूर्योधनः---कथं कथं	दूर्योधनः---कथम् कथम्
segment: राघवेणाहं हनूमान्	राघवेण अहम् हनूमान्
segment: इत्याशयनोक्तं	इति आशयेन उक्तं
segment: मुद्धाटयेन्नष्टघृणः	उद्घाटयेत् नष्टघृणः
segment: चेत्यादि	च इत्यादि
segment: यो विजानाति	यः विजानाति
segment: ऐश्वर्यं स्फीतमेतत्	ऐश्वर्यम् स्फीतम् एतत्
segment: चाज्ञानादि	च ज्ञानादि
segment: तद्वदिदं	तद्वत् इदं
segment: ममापि	मम अपि
segment: कारणविघटकत्वापत्तौ	कारणविघटकत्व आपत्तौ
segment: कुमारमङ्गदं प्रेक्षितुमागतोऽस्मि]	कुमारम् अङ्गदम् प्रेक्षितुम् आगतः अस्मि]
segment: अभाष्यस्त्वम्	अभाष्यः त्वम्
segment: शरैर्भीमवेगैर्हयान्	शरैः भीमवेगैः हयान्
segment: साधनवारणं संभवति	साधनवारणम् संभवति
segment: पार्थो वः	पार्थः वः
segment: प्रदर्शितत्वादित्यादि	प्रदर्शितत्वात् इत्यादि
segment: नैवाप्नोति	नैव आप्नोति
segment: कर्तुमर्हति	कर्तुम् अर्हति
segment: भवांश्छन्नेन	भवान् छन्नेन
segment: तृतीयः---मुष्टिप्रक्षेपैर्जानुसङ्घट्टनैश्च	तृतीयः---मुष्टिप्रक्षेपैः जानुसङ्घट्टनैः च
segment: वृद्धोऽप्यनाततवलीगुरुसंहतांसः	वृद्धः अपि अनाततवलीगुरुसंहतांसः
segment: सन्देहो न	सन्देहः न
segment: बाधेनेत्युपक्षणम्	बाधेन इति उपलक्षणम्
segment: अहं विजया	अहम् विजया
segment: गुणत्वेनैव	गुणत्वेन एव
segment: आश्चर्यमाश्चर्यम्	आश्चर्यम् आश्चर्यम्
segment: भिक्षुरेकोऽन्यं	भिक्षुः एकः अन्यं
segment: शब्द इव	शब्दः इव
segment: बाधापत्तेरिति	बाधापत्तिः इति
segment: करोतीत्याशङ्क्य	करोति इति आशङ्क्य
segment: काशीमरणस्य	साक्षान् मुक्तिहेतुत्वप्रतिपादनात् इति
segment: अनुत्तरा वयम्	अनुत्तराः वयम्
segment: बहुनात्र	बहुना अत्र
segment: भर्तारं भर्तृवत्सला	भर्तारम् भर्तृवत्सला
segment: भाट्टास्तु	भाट्टाः तु
segment: स्वस्यैव	स्वस्य एव
segment: ममापि	मम अपि
segment: चापि	च अपि
segment: नामाभिधत्ते	नाम अभिधत्ते
segment: यत्त्वङ्कुरत्वं द्व्यणुकत्वं	यत्तु अङ्कुरत्वम् द्रव्यणुकत्वम्
segment: एतद् आकर्ण्य	एतत् आकर्ण्य
segment: प्रयोज्यत्वादेरनुपस्थिति	प्रयोज्यत्वादेः अनुपस्थिति
segment: इत इतः	इतः इतः
segment: केऽर्जुनस्य	के अर्जुनस्य
segment: स्वैरासनो द्रुपदराजसुतां	स्वैरासनः द्रुपदराजसुताम्
segment: ईदृशो लोकधर्मः	ईदृशः लोकधर्मः
segment: गुहशक्तिसमाक्रान्तो यथा	गुहशक्तिसमाक्रान्तः यथा
segment: सत्प्रति	सत् प्रति
segment: निरूपकत्वाभावेनेश्वकृतौ	निरूपकत्व अभावेन ईश्वरकृतौ
segment: परित्यक्तस्त्वया	परित्यक्तः त्वया
segment: चानुमानमात्रोच्छेदकतया	च अनुमानमात्रोच्छेदकतया
segment: प्रारब्धकर्मणां न	प्रारब्धकर्मणाम् न
segment: अलमलं संभ्रमेण	अलम् अलम् संभ्रमेण
segment: नान्त्यः	न अन्त्यः
segment: संवृत्त इति	संवृत्तः इति
segment: यत्तु	यत् तु
segment: भयाभिभूता	भया अभिभूताः
segment: हनूमान्---अचिराद् द्रक्ष्यसि	हनूमान्---अचिरात् द्रक्ष्यसि
segment: साध्यवदन्यवृत्तित्वज्ञानस्यावश्यं	साध्यवत् अन्यवृत्तित्वज्ञानस्य अवश्यं
segment: करनिकरैर्हृदयं ममाभिपीड्य	करनिकरैः हृदयम् मम अभिपीड्य
segment: वचनादिह	वचनात् इह
segment: कथं कथं	कथम् कथम्
segment: जीवात्मनीतरभिन्नत्वज्ञानं तु	जीवात्मनीतरभिन्नत्वज्ञानम् तु
segment: नक्षत्रवंशमखिलं भुवि	नक्षत्रवंशम् अखिलम् भुवि
segment: केवलं पुत्रसंक्षयकारकः	केवलम् पुत्रसंक्षयकारकः
segment: तज्ज्ञानस्यानुमित्यप्रतिबन्धकत्वान्न	तत् ज्ञानस्य अनुमित्यप्रतिबन्धकत्वात् न
segment: मुनिवरं भृगुवंशकेतुं	मुनिवरम् भृगुवंशकेतुम्
segment: युक्तं तवैव	युक्तम् तव एव
segment: प्रहरेद् रक्षो	प्रहरेत् रक्षः
segment: ज्ञायतां वृत्तान्तः	ज्ञायताम् वृत्तान्तः
segment: प्रसूतिं पितामहमाह	प्रसूतिम् पितामहम् आह
segment: कोपि	कः अपि
segment: सोऽयं गम्भीरघोषः	सः अयम् गम्भीरघोषः
segment: निर्गलितलक्षणं वाक्यार्थः	निर्गलितलक्षणम् वाक्य अर्थः
segment: सोऽपि	सः अपि
segment: बहिर्निर्गमयत्	बहिः निर्गमयत्
segment: हेत्वाभासत्व.मभिमतम्	हेत्वाभासत्वम् अभिमतम्
segment: देवीमुपसर्पितुम्	देवीम् उपसर्पितुम्
segment: एष खलु	एषः खलु
segment: पतिता भुजाः	पतिताः भुजाः
segment: दुःखवृत्तिजातित्वं न	दुःखवृत्तिजातित्वम् न
segment: रुचिमन्यस्य	रुचिम् अन्यस्य
segment: आत्मानं मृगमुद्दिश्य	आत्मानम् मृगम् उद्दिश्य
segment: नेच्छति	न इच्छति
segment: यावदवतरामि	यावत् अवतरामि
segment: प्रत्यक्षत्वावच्छिन्नं प्रति	प्रत्यक्षत्वावच्छिन्नम् प्रति
segment: एवमपीदानीं	एवम् अपि इदानीं
segment: रथमारूढवान्	रथम् आरूढवान्
segment: सद्धेतुगोचरपरामर्शस्यानुमितिप्रतिबन्धकतया	सद्हेतुगोचरपरामर्शस्य अनुमितिप्रतिबन्धकतया
segment: लक्ष्मणः---एष एष	लक्ष्मणः---एषः एषः
segment: दौत्येनागतः	दौत्येन आगतः
segment: विभीषणः---एष एष	विभीषणः---एषः एषः
segment: सुदर्शनः---एष भोः	सुदर्शनः---एषः भोः
segment: तेनापि	तेन अपि
segment: रामं च	रामम् च
segment: धनञ्जयस्य विप्रियं	धनञ्जयस्य विप्रियम्
segment: दातव्यं न	दातव्यम् न
segment: स्वरूपासिद्धत्वग्रहेऽपि	स्वरूपासिद्धत्वग्रहे अपि
segment: सहकारिताभ्युपगमेनैव	सहकारिता अभ्युपगमेन एव
segment: स विहगवाहनमात्रविस्मितो	सः विहगवाहनमात्रविस्मितः
segment: परमाणुरूपं शरीरं	परमाणुरूपम् शरीरम्
segment: पृथिव्यां शासनं	पृथिव्याम् शासनम्
segment: विमलविकृतसञ्चितैर्विमानैर्वियति	विमलविकृतसञ्चितैः विमानैः वियति
segment: रामोऽस्ति	रामः अस्ति
segment: चितारोहणं चितारोहणम्	चितारोहणम् चितारोहणम्
segment: सीताया वृत्तान्तः	सीतायाः वृत्तान्तः
segment: ...एवैकत्रानुमाने	...एव एकत्र अनुमाने
segment: स्याद् विफलः	स्यात् विफलः
segment: नोद्भावनीयम्	न उद्भावनीयम्
segment: नेच्छामि]	न इच्छामि]
segment: सेव्यमानं	सेव्यमानम्
segment: वचनाद् रथमारूढवान्	वचनात् रथम् आरूढवान्
segment: एतन्निश्चयश्च	एतन्निश्चयः च
segment: द्वितीयो मदः	द्वितीयः मदः
segment: कृतं मनुजतापसेन	कृतम् मनुजतापसेन
segment: दुर्योधनः---भो दूत	दुर्योधनः---भोः दूत
segment: नैव	न एव
segment: मुष्टिं कृत्वा	मुष्टिम् कृत्वा
segment: लङ्केश्वराय---भग्नप्रायाशोकवनिकेति	लङ्केश्वराय---भग्नप्राया अशोकवनिका इति
segment: सत्प्रतिपक्षवदुभयप्रतिबन्धकतया	सत्प्रतिपक्षवत् उभयप्रतिबन्धकतया
segment: इयं सा	इयम् सा
segment: गजाश्च	गजाः च
segment: कथं निर्जघानेति	कथम् निर्जघान इति
segment: स स्वहस्तेन	सः स्वहस्तेन
segment: तत्त्वेनैव	तत्त्वेन एव
segment: ब्रह्मणो रूपमित्यस्यापि	ब्रह्मणः रूपम् इति अस्य अपि
segment: अद्यास्मि	अद्य अस्मि
segment: शङ्कुकर्णः---अनन्तरीयं बलमाज्ञापयितुमर्हति	शङ्कुकर्णः---अनन्तरीयम् बलम् आज्ञापयितुम् अर्हति
segment: खल्वस्मि	खलु अस्मि
segment: विरुद्धादिविशेषो नित्यदोषो	विरुद्धादिविशेषः नित्यदोषः
segment: मननादितत्सहकृतमनसोत्पादितं शुद्धब्रह्मविषयकमेव	मननादितत् सहकृतमनस उत्पादितम् शुद्धब्रह्मविषयकम् एव
segment: हरिकरधृतमध्यं शत्रुसङ्घैककालः	हरिकरधृतमध्यम् शत्रुसङ्घैककालः
segment: मानाभावादिति	मानाभावात् इति
segment: घटपटाद्यनित्यव्योमादिनित्य-व्यावृत्तत्वनिश्चयपर्यवसन्न एव	घटपटाद्यनित्यव्योमादिनित्य-व्यावृत्तत्वनिश्चयपर्यवसन्नः एव
segment: इत इतो	इतः इतः
segment: इवाशु	इव आशु
segment: को नु	कः नु
segment: बाल इति	बालः इति
segment: कि नु	किम् नु
segment: ध्वजं चापि	ध्वजम् च अपि
segment: भोगावच्छेदकत्वं शरीरत्वमिति	भोगावच्छेदकत्वम् शरीरत्वम् इति
segment: कस्त्वम्	कः त्वम्
segment: कस्यचिज्जन्तोः	कस्यचित् जन्तोः
segment: नेश्वरस्य	न ईश्वरस्य
segment: केशव इति	केशवः इति
segment: पद्भ्यां	पद्भ्याम्
segment: स्वार्थानुमान इति	स्वार्थानुमाने इति
segment: कार्यत्वावच्छिन्नं प्रत्युपादानत्वेनापि	कार्यत्वावच्छिन्नम् प्रति उपादानत्वेन अपि
segment: द्रौपदीकेशघर्षणमत्रालिखितम्	द्रौपदीकेशघर्षणम् अत्र आलिखितम्
segment: राक्षसः---श्रोतुमर्हति	राक्षसः---श्रोतुम् अर्हति
segment: प्रतियोगिकत्ववंध्वंसत्वादीनां	प्रतियोगिकत्वध्वंसत्वादीनाम्
segment: उच्छलन्तो विचाराश्चेल्लिख्यन्ते	उच्छलन्तः विचाराः च उल्लिख्यन्ते
segment: चन्द्र इव	चन्द्रः इव
segment: कर्णः---ततो जामदग्निना	कर्णः---ततः जामदग्निना
segment: कर्णः---ब्राह्मणवचनमिति	कर्णः---ब्राह्मणवचनम् इति
segment: राज्यार्धं धृतराष्ट्रज	राज्यार्धम् धृतराष्ट्रज
segment: व्यर्थविशेषणत्वाच्च	व्यर्थविशेषणत्वात् च
segment: ब्रह्मातिरिक्तस्यानित्यतया	ब्रह्म अतिरिक्तस्य अनित्यतया
segment: अशरीरस्तद	अशरीरः तद
segment: धर्मस्यान्यतरवृत्तित्वनियमेन	धर्मस्य अन्यतरवृत्तित्वनियमेन
segment: पुनरयं सम्प्राप्तवान्	पुनः अयम् सम्प्राप्तवान्
segment: भूमिमेकः	भूमिम् एकः
segment: ईश्वरज्ञानमवश्यमङ्गीकर्त्तव्यम्	ईश्वरज्ञानम् अवश्यम् अङ्गीकर्त्तव्यम्
segment: यावदहमपि	यावद् अहम् अपि
segment: तावद् भो	तावत् भो
segment: रावणः---(रथमारुह्य)	रावणः---(रथम् आरुह्य)
segment: भवेन्नित्यं	भवेत् नित्यं
segment: शिशुवधपातकाङ्कितानां	शिशुवधपातकाङ्कितानाम्
segment: श्रोतव्यो जनार्दनसन्देशः	श्रोतव्यः जनार्दनसन्देशः
segment: दूतोऽहमस्मि	दूतः अहम् अस्मि
segment: दीर्घायुर्भविष्यति	दीर्घायुः भविष्यति
segment: जातो हि	जातः हि
segment: श्रममिह	श्रमम् इह
segment: आश्रयाभाससामग्रीं विनापि	आश्रयाभाससामग्रीम् विना अपि
segment: युवां भणतम्]	युवाम् भणतम्]
segment: वैष्णवं तेजः	वैष्णवम् तेजः
segment: स मानवः	सः मानवः
segment: अप्रयोजकत्वादिति	अप्रयोजकत्वात् इति
segment: तदिति	तत् इति
segment: तत्सामान्ययोरपीति	तत् सामान्ययोः अपीति
segment: सुग्रीवः---अनुगृहीतोऽस्मि	सुग्रीवः---अनुगृहीतः अस्मि
segment: सुतेनाप्रतिमं हृतं	सुतेन अप्रतिमम् हृतम्
segment: केनैतच्छ्रुतिपथदूषणं कृतं	केन एतत् श्रुतिपथदूषणम् कृतम्
segment: प्राप्तस्येदानीमपि	प्राप्तस्येदानीम् अपि
segment: बाधेनेत्यस्य	बाधेन इति अस्य
segment: सत्यनुमित्यादेरप्यपरोक्षत्वापत्तिः	सत्यनुमिति आदेः अपि अपरोक्षत्वापत्तिः
segment: उत्तिष्ठोत्तिष्ठ	उत्तिष्ठ उत्तिष्ठ
segment: मन्त्रशालां रचयति	मन्त्रशालाम् रचयति
segment: विसंज्ञं	विसंज्ञम्
segment: तादृशज्ञानाभावेन	तादृशज्ञान अभावेन
segment: यत्तु	यत् तु
segment: यद् दायाद्यं	यत् दायाद्यम्
segment: हयगजवृषभाणां पातनाज्जातदर्पो	हयगजवृषभाणाम् पातनात् जातदर्पः
segment: सत्प्रतिपक्षेऽव्याप्तिरेव	सत्प्रतिपक्षे अव्याप्तिः एव
segment: यत्तु	यत् तु
segment: लिम्पतीव	लिम्पति इव
segment: उभयपक्षधर्मताविषयत्वेनैव	उभयपक्षधर्मताविषयत्वेन एव
segment: नन्वेकेन	ननु एकेन
segment: अलमलं रुदितेन	अलम् अलम् रुदितेन
segment: आक्रान्ता गुरुभिर्धराधरवरैः	आक्रान्ताः गुरुभिः धराधरवरैः
segment: महात्मा	महा आत्मा
segment: साक्षादतिरिक्तविषयता	साक्षात् अतिरिक्तविषयता
segment: कुतो व्यतिरेकव्याप्तिद्वयग्रहपुरस्कारेण	कुतः व्यतिरेकव्याप्तिद्वयग्रहपुरस्कारेण
segment: चक्रं कालचक्रं	चक्रम् कालचक्रम्
segment: आवश्यकत्वादीश्वरात्मप्रत्यक्षं प्रति	आवश्यकत्वादीश्वरात्मप्रत्यक्षम् प्रति
segment: ब्रह्मवच्छिन्नचैतन्यस्यावृत्ततया	ब्रह्मवच्छिन्नचैतन्यस्य अवृत्ततया
segment: प्रीतोऽस्मि	प्रीतः अस्मि
segment: प्रतिबन्धको न	प्रतिबन्धकः न
segment: शिबिरोपनीतं	शिबिरोपनीतम्
segment: नातिप्रसङ्गः	न अतिप्रसङ्गः
segment: मेऽवस्थां श्रुत्वार्यपुत्रो	मे अवस्थाम् श्रुत्वा आर्यपुत्रः
segment: प्रशान्तरोषो भगवान्	प्रशान्तरोषः भगवान्
segment: कुर्यादेवेत्यर्थः	कुर्यात् एव इति अर्थः
segment: ततस्तुष्टः	ततः तुष्टः
segment: नास्ति	न अस्ति
segment: शान्तामर्षं वृकोदरम्	शान्तामर्षम् वृकोदरम्
segment: मां किल	माम् किल
segment: पुलको यथैव	पुलकः यथा एव
segment: घटोत्कचः---किमेतद्धास्यते	घटोत्कचः---किम् एतत् हास्यते
segment: हनूमान्---यदाज्ञापयति	हनूमान्---यद् आज्ञापयति
segment: श्रुतेर्ब्रह्मणि	श्रुतेः ब्रह्मणि
segment: स चौर्यकारणात्	सः चौर्यकारणात्
segment: दुर्योधनः---एतद्धास्यते	दुर्योधनः---एतत् हास्यते
segment: प्रतिहतवीचिरवं करोमि	प्रतिहतवीचिरवम् करोमि
segment: तदाहूयन्तां सर्वे	तद् आहूयन्ताम् सर्वे
segment: सम्प्राप्तोऽस्मि	सम्प्राप्तः अस्मि
segment: चेष्टातो घटपटादिरूपकार्यसंभवादिति	चेष्टातः घटपटादिरूपकार्यसंभवात् इति
segment: प्राप्तैश्च	प्राप्तैः च
segment: पूर्वमासीर्हरीन्द्रः	पूर्वम् आसीः हरीन्द्रः
segment: लक्ष्मणः---निष्फलो मम	लक्ष्मणः---निष्फलः मम
segment: उद्धूतरोषमिव	उद्धूतरोषम् इव
segment: बलवद्द्वेषविषयाभावत्वस्य नियामकत्वात्	अभावनिष्ठपुरूषार्थतायाम् बलत् द्वेषविषयाभावत्वस्य
segment: स्यन्दनं वाहयन्तं	स्यन्दनम् वाहयन्तम्
segment: तथापि	तथा अपि
segment: गुरोर्धैर्यात्तदा	गुरोः धैर्यात् तदा
segment: महत्तरां भिक्षां	महत्तराम् भिक्षाम्
segment: बाणयोग्यमष्टापदं समरकर्मणि	बाणयोग्यम् अष्टापदम् समरकर्मणि
segment: प्रतिनिवर्ततां भवान्	प्रतिनिवर्तताम् भवान्
segment: ग्रहमिव	ग्रहम् इव
segment: अनुमितीति	अनुमिति इति
segment: नन्दिनानादृतत्वाद्	नन्दिना अनादृतत्वात्
segment: तत्तत्पुरूषीयात्मानां तदात्म्यसंबंधेनैशवात्मनो	तत्तत् पुरुषीयात्मानाम् तदात्म्यसंबंधेन ईशवात्मनः
segment: आचार्यैरभ्युपेत्य	आचार्यैः अभ्युपेत्य
segment: किमत्र	किम् अत्र
segment: चन्द्रलेखेव	चन्द्रलेखा इव
segment: देशसंपन्नोत्पत्तिकतया	देशसंपन्न उत्पत्तिकतया
segment: दशशिरसं मनसा	दशशिरसम् मनसा
segment: मङ्गीकर्तृणां भट्टानुयायीनां	मङ्गीकर्तृणाम् भट्टानुयायीनाम्
segment: अथैवं सति	अथ एवम् सति
segment: आवामार्यकुमुदस्य	आवाम् आर्यकुमुदस्य
segment: इत्यादिवाक्येभ्य	इति आदिवाक्येभ्य
segment: प्रियं कुरूणां	प्रियम् कुरूणाम्
segment: मतेपि	मते अपि
segment: चेष्टमेवैतदपरोक्षत्वस्वजातित्वमनभ्युपगच्छतामस्माकमिति	च एष्टम् एव एतत् अपरोक्षत्वस्वजातित्वमनभ्युपगच्छताम् अस्माकम् इति
segment: वृत्तिश्चेद् मिलते	वृत्तिः चेत् मिलते
segment: सर्वो	सर्वः
segment: स वैफल्यं	सः वैफल्यं
segment: समागतैर्निहतः	समागतैः निहतः
segment: अप्रकाशा इव	अप्रकाशाः इव
segment: सर्वानुभवसाक्षिकत्वाच्च	सर्व अनुभवसाक्षिकत्वात् च
segment: प्रतिबन्धकमिति	प्रतिबन्धकम् इति
segment: कंसो ममापक्रमणं	कंसः मम अपक्रमणम्
segment: शरीरत्वमिति	शरीरत्वम् इति
segment: असिद्धेश्च-ख	असिद्धेः च-ख
segment: प्रतिबन्धकत्वादाधिक्यम्	प्रतिबन्धकत्वात् आधिक्यम्
segment: मोहमुपगतः)	मोहम् उपगतः)
segment: तदपि	तत् अपि
segment: शराच्छरणमेनमुपाश्रयामि	शरात् शरणम् एनम् उपाश्रयामि
segment: निवेशनीयमित्युभयत्राव्यहितोत्तरत्वानिवेशप्रयुक्तगौरवं दुष्परिहरमेवेत्यधिकं	निवेशनीयम् इति उभयत्रव्यहितोत्तरत्वानिवेशप्रयुक्तगौरवम् दुष्परिहरम् एव इति अधिकम्
segment: उपाधिसंदेहाद्यनाहितसाध्यव्यभिचारसंशयातिरिक्तव्यभिचारसंशयत्वेनैवेति	उपाधिसंदेहादि अनाहितसाध्यव्यभिचारसंशयातिरिक्तव्यभिचारसंशयत्वेन एव इति
segment: जयत्वविधवा	जयतु अविधवा
segment: पौलस्त्योऽप्यपहृतपुष्पकोऽवसन्नो	पौलस्त्यः अपि अपहृतपुष्पकः अवसन्नः
segment: रोषं धारयितुम्	रोषम् धारयितुम्
segment: चास्य	च अस्य
segment: पततीव	पतति इव
segment: नित्यत्वं न	नित्यत्वम् न
segment: तमोऽङ्गानि	तमः अङ्गानि
segment: शाखामृगो बद्ध	शाखामृगः बद्धः
segment: अत्यन्तदुःखम्	अति अन्त दुःखम्
segment: निर्वास्यतामयं वानरः	निर्वास्यताम् अयम् वानरः
segment: तत्क्लृप्ततया	तत् क्लृप्ततया
segment: शूरश्च	शूरः च
segment: त्रैलोक्यं विचलिष्यति	त्रैलोक्यम् विचलिष्यति
segment: कर्णः---किं नेच्छति	कर्णः---किम् न इच्छति
segment: मणिविरचितमौलिश्चारुताम्रायताक्षी	मणिविरचितमौलिः चारुताम्रायताक्षी
segment: मन्युर्मे	मन्युः मे
segment: वालिनं हन्तुं	वालिनम् हन्तुम्
segment: तदाश्रयत्वेनेश्वरोपि	तदाश्रयत्वेन ईश्वरः अपि
segment: मिथस्तैर्विहितां	मिथः तैः विहितां
segment: अन्यदपि	अन्यत् अपि
segment: दुर्योधनः---कथं यास्यति	दुर्योधनः---कथम् यास्यति
segment: विद्ब्रह्म	वित् ब्रह्म
segment: एवमार्यमिश्रान्	एवम् आर्यमिश्रान्
segment: वैष्णवसन्तो हि	वैष्णवसन्तः हि
segment: रावणः---ततस्ततः	रावणः---ततः ततः
segment: किमिति	किम् इति
segment: भस्मीकरोम्यस्मत्	भस्मीकरोमि अस्मत्
segment: निर्णयाभावेनोपदर्शितानुप	निर्णय अभावेन उपदर्शितानुप
segment: चोभय.व्यावृत्तत्वग्रहस्योभयसहचारग्रहमात्रतया	चोभयव्यावृत्तत्वग्रहस्य उभयसहचारग्रहमात्रतया
segment: एवं मन्ये	एवम् मन्ये
segment: अन्यानिष्टचिकीर्षुर्ना	अन्यानिष्टचिकीर्षुः ना
segment: प्रतिबन्धकत्वानभ्युपगमादिति	प्रतिबन्धकत्वानभ्युपगमात् इति
segment: .ह्यर्थे	.हि अर्थे
segment: दूषणोपाधिमात्रस्यैव	दूषणोपाधिमात्रस्य एव
segment: ममानवेक्ष्य	मम अनवेक्ष्य
segment: वृद्धिर्भविष्यति	वृद्धिः भविष्यति
segment: पतितैरभिषेकतोयैः	पतितैः अभिषेकतोयैः
segment: दुर्योधनोऽहमभिवादये	दुर्योधनः अहम् अभिवादये
segment: साध्यभावो पादनेऽनङ्गत्यापवादित्यर्थः	साध्यभावः पादनेऽनङ्गत्यापवादित्यर्थः
segment: कार्यत्वावच्छिन्नं प्रति	कार्यत्वावच्छिन्नम् प्रति
segment: युद्धेष्वनिवर्तिताशा	युद्धेषु अनिवर्तिताशा
segment: मुष्टिबन्धैर्दन्तैर्नखैर्जानुभिरुग्रनादैः	मुष्टिबन्धैः दन्तैः नखैः जानुभिः उग्रनादैः
segment: कर्णः---पूर्वमेवाहं जामदग्न्यस्य	कर्णः---पूर्वम् एव अहम् जामदग्न्यस्य
segment: दृष्टस्त्वया	दृष्टः त्वया
segment: कनकरचितदण्डां शक्तिमुल्लालयन्तं	कनकरचितदण्डाम् शक्तिम् उल्लालयन्तम्
segment: परिहरतो द्वितीयापत्तिरिति	परिहरतः द्वितीयापत्तिः इति
segment: तथापि	तथा अपि
segment: कल्याणानां प्रसूतिं	कल्याणानाम् प्रसूतिम्
segment: विस्मर्तव्या गुणेतराः	विस्मर्तव्याः गुणेतराः
segment: चेष्टापत्तिः	च इष्टापत्तिः
segment: नेत्यर्थः	न इति अर्थः
segment: कुशलमनामयं च	कुशलम् अनामयम् च
segment: संसारितादशायामपि	संसारितादशायाम् अपि
segment: तन्न	तत् न
segment: नापि	न अपि
segment: प्राणमयं हविरिति	प्राणमयम् हविः इति
segment: सहृदयैर्जित्वा	सहृदयैः जित्वा
segment: मैवम्	मा एवम्
segment: संभवादित्यपि	संभवात् इति अपि
segment: इत्थं च	इत्थम् च
segment: तस्मादीश्वरस्य	तस्मात् ईश्वरस्य
segment: कार्यसिद्धिर्भविष्यति	कार्यसिद्धिः भविष्यति
segment: त एव	ते एव
segment: तादृशज्ञानविषयो हेत्वाभास	तादृशज्ञानविषयः हेत्वाभासः
segment: एवेति	एव इति
segment: अयोग्यताज्ञानमात्रस्यैव	अयोग्यताज्ञानमात्रस्य एव
segment: चोदन्तिमकल्पोपरिनिर्भरः	च उदन्तिमकल्पोपरिनिर्भरः
segment: प्रविशामस्तावत्	प्रविशामः तावत्
segment: त्वत्कारणादग्रजं	त्वत्कारणाद् अग्रजम्
segment: तस्मादेतद्	तस्मात् एतद्
segment: .इदमेवात्र	.इदमेव अत्र
segment: स्वैरं रूपमुपस्थितेन	स्वैरम् रूपम् उपस्थितेन
segment: उल्काभिश्च	उल्काभिः च
segment: नाशक्यमस्ति	न अशक्यम् अस्ति
segment: सर्वसपक्षव्यावृत्तेऽपि	सर्वसपक्षव्यावृत्ते अपि
segment: नास्मात्	न अस्मात्
segment: अभ्यासोऽत्र	अभ्यासः अत्र
segment: निर्मनस्कतायामिष्टापत्तेः	निर्मनस्कतायाम् इष्टापत्तेः
segment: स्पार्शनं प्रति	स्पार्शनम् प्रति
segment: सुमतिमाञ्जनः	सुमतिमान् जनः
segment: रणेष्वपराङ्मुखानां योधपुरुषाणाम्	रणेषु अपराङ्मुखानाम् योधपुरुषाणाम्
segment: भगणेशं राममालोक्य	भगणेशम् रामम् आलोक्य
segment: तत्संबन्धादीश्वरो दूरस्थामपि	तत् संबन्धात् ईश्वरः दूरस्थाम् अपि
segment: तावदवलोकयामि	तावत् अवलोकयामि
segment: योऽन्यायं	यः अन्यायं
segment: उपदर्शितकार्यकारणभावो निर्युक्तिक	उपदर्शितकार्यकारणभावः निर्युक्तिक
segment: प्रसन्नहृदय आर्यपुत्रो	प्रसन्नहृदयः आर्यपुत्रः
segment: तद्विरोधादिति	तद्विरोधात् इति
segment: न फलं	दुरितध्वंसः न
segment: युद्धार्थमागतः	युद्धार्थम् आगतः
segment: रभसविवृतवक्त्रा राक्षसाः	रभसविवृतवक्त्राः राक्षसाः
segment: कर्णः---किं नेच्छति	कर्णः---किम् न इच्छति
segment: स एव	सः एव
segment: खल्वियम्	खलु इयम्
segment: .सत्प्रतिपक्षतयैवास्य	.सत्प्रतिपक्षतया एव अस्य
segment: तद् अहम्	तत् अहम्
segment: त्वरितमभिपतत्यसौ	त्वरितम् अभिपतति असौ
segment: सत्यमेतत्	सत्यम् एतत्
segment: शीघ्रं नरोत्तम	शीघ्रम् नरोत्तम
segment: व्यापकसम्बन्धो व्यापकत्वम्	व्यापकसम्बन्धः व्यापकत्वम्
segment: सपक्षविपक्ष.व्यावृत्तत्वज्ञानकालेऽपि	सपक्षविपक्षव्यावृत्तत्वज्ञानकाले अपि
segment: दुर्योधनः---किं करिष्यति	दुर्योधनः---किम् करिष्यति
segment: युद्धदृष्टापदानं	युद्धदृष्टापदानम्
segment: तासां संदिग्धप्रमाण्यकत्वात्	तासाम् संदिग्धप्रमाण्यकत्वात्
segment: एष भोः	एषः भोः
segment: व्यभिचारादावपि-क	व्यभिचारादौ अपि-क
segment: रामो हि	रामः हि
segment: खल्विदम्	खलु इदम्
segment: कुमारेन्द्रजिदभिगतवांस्तं वनौकसम्	कुमारेन्द्रजित् अभिगतवान् तम् वनौकसम्
segment: नगराद् बहिः	नगरात् बहिः
segment: प्रमदवनैरभिसंवृतां स्वलङ्काम्	प्रमदवनैः अभिसंवृताम् स्वलङ्काम्
segment: वञ्चयेद् यः	वञ्चयेत् यः
segment: वनमिव	वनम् इव
segment: विषयस्यैव	विषयस्य एव
segment: शत्रुणाऽपि	शत्रुणा अपि
segment: कंसो मृत्युर्भविष्यति	कंसः मृत्युः भविष्यति
segment: यद् आदिशत्	यत् आदिशत्
segment: तदप्रमत्ता भवन्तु	तद् अप्रमत्ताः भवन्तु
segment: विप्रतिपत्तयोर्विवादाध्यासितकर्तुकं सकर्तृकं	विप्रतिपत्तयोः विवादाध्यासितकर्तुकम् सकर्तृकम्
segment: कथं रामो	कथम् रामः
segment: चैकात्मसिद्धिमित्याचार्य	च एक आत्मसिद्धिम् इति आचार्य
segment: कर्णोऽर्जुनस्य	कर्णः अर्जुनस्य
segment: ज्ञानत्वावच्छिन्नं प्रति	ज्ञानत्वावच्छिन्नम् प्रति
segment: यावद्रथमारोहावः	यावत् रथम् आरोहावः
segment: चान्यत्राप्रतिबन्धकत्वात्	च अन्यत्र अप्रतिबन्धकत्वात्
segment: तद्वाच्यम्	तत् वाच्यम्
segment: चेदात्मानमेवोपालंभस्व	चेत् आत्मानम् एव उपालंभस्व
segment: स्वदेहमिव	स्वदेहम् इव
segment: सभास्तम्भं तुलयति	सभास्तम्भम् तुलयति
segment: भवत एवेति	भवतः एव इति
segment: अद्वैतवादिनां वेदान्तिनां	अद्वैतवादिनाम् वेदान्तिनाम्
segment: नाहं क्षत्रिय	न अहम् क्षत्रियः
segment: पानागारनिशान्तदेशविवरेष्वाक्रान्तवानस्म्यहं	पानागारनिशान्तदेशविवरेषु आक्रान्तवान् अस्मि अहम्
segment: चानुमानमात्रोच्छेदः	च अनुमानमात्रोच्छेदः
segment: हेतुत्वप्रसङ्गादिति	हेतुत्वप्रसङ्गात् इति
segment: एतान्यस्त्राणि	एतानि अस्त्राणि
segment: परिशङ्कितं मे	परिशङ्कितम् मे
segment: तद् अच्छम्	तत् अच्छम्
segment: तेषां न	तेषाम् न
segment: किं करिष्यति	किम् करिष्यति
segment: मयाद्य	मया अद्य
segment: यद्येतद्भेदकूटविशिष्टतथाविध	यदि एतत् भेदकूटविशिष्टतथाविध
segment: अतो दूरेऽवतिष्ठेत	अतः दूरे अवतिष्ठेत
segment: तदनुयायिभिर्नित्यसुखाभिव्यक्तिरिति	तदनुयायिभिः नित्यसुखाभिव्यक्तिः इति
segment: युवतिस्तस्मिन्	युवतिः तस्मिन्
segment: शीघ्रं भवेत्	शीघ्रम् भवेत्
segment: त्वयाप्यस्य	त्वया अपि अस्य
segment: हेत्वाभासतोपाधित्वमस्तु	हेत्वाभासतोपाधित्वम् अस्तु
segment: तेनैवाद्य	तेन एव अद्य
segment: पुनर्विचार्य	पुनः विचार्य
segment: संदेहस्तत्र	संदेहः तत्र
segment: तथाहं	तथा अहम्
segment: दुःखध्वंसस्यापि	दुःखध्वंसस्य अपि
segment: सत्प्रतिपक्ष इव	सत्प्रतिपक्षः इव
segment: धर्मराजं च	धर्मराजम् च
segment: नक्षत्रमध्य इव	नक्षत्रमध्यः इव
segment: अयं तु	अयम् तु
segment: ज्ञानादिकमपि	ज्ञानादिकम् अपि
segment: प्रकृतिनियमाग्रे	प्रकृतिनियम अग्रे
segment: मुक्तित्वौचित्यम्	मुक्तित्व औचित्यम्
segment: प्रतूर्णं	प्रतूर्णम्
segment: मन्त्रयितुमिच्छामि	मन्त्रयितुम् इच्छामि
segment: वेषग्रहणमहमप्युपधारयिष्यामीति)	वेषग्रहणम् अहम् अपि उपधारयिष्यामि इति)
segment: दुःखात्यन्तनिवृत्ति	दुःख अत्यन्तनिवृत्ति
segment: तच्छरीरास्वीकार	तत् शरीरास्वीकार
segment: विद्यामानतादृशायामपि	विद्यामानतादृशायाम् अपि
segment: सद्धेतुधूमादिविरुद्धयोर्नातिव्याप्तिः	सद्धेतुधूमादिविरुद्धयोः न अतिव्याप्तिः
segment: तज़्ज्ञानं नैयायिकमते	तज़्ज्ञानम् नैयायिकमते
segment: ज्ञानेच्छयोरसिद्धयापत्तेः	ज्ञानेच्छयोः असिद्धयापत्तेः
segment: मां प्राणाः	माम् प्राणाः
segment: तल्लक्षणमिति	तल्लक्षणम् इति
segment: तत्राभावादतुल्यबलतया	तत्र अभावात् अतुल्यबलतया
segment: प्रविशत्यङ्गदो हनूमांश्च)	प्रविशति अङ्गदः हनूमान् च)
segment: योगक्षेमसाधारणं तज्जन्यत्वं	योगक्षेमसाधारणम् तज्जन्यत्वम्
segment: समूहालम्बनीभूतैकहेत्वाभासविषयकतादृशज्ञानविषयेऽन्यत्र	समूहालम्बनीभूतैकहेत्वाभासविषयकतादृशज्ञानविषये अन्यत्र
segment: तिष्ठेदानीम्	तिष्ठ इदानीम्
segment: कार्यकारणभावलाघवमपि	कार्यकारणभावलाघवम् अपि
segment: नोपदर्शितस्वोपादान	न उपदर्शितस्वोपादान
segment: शान्तमतिभिर्जुष्टं शमायाश्रमम्	शान्तमतिभिः जुष्टम् शमाय आश्रमम्
segment: यैषा	या एषा
segment: बाणैरङ्किता भूमिपालाः	बाणैः अङ्किताः भूमिपालाः
segment: .यथोक्ते	.यथा उक्ते
segment: तमेतं वेदानुवचनेन	तम् एतम् वेद अनुवचनेन
segment: विशेषतोऽस्माकं प्रभुः	विशेषतः अस्माकम् प्रभुः
segment: ककुभः---किं न	ककुभः---किम् न
segment: श्रेतव्यो मन्तव्यो	श्रेतव्यः मन्तव्यः
segment: भवतां प्रभुः	भवताम् प्रभुः
segment: कपीन्द्रसैन्यसहितो वेलातटं	कपीन्द्रसैन्यसहितः वेलातटम्
segment: अत एव	अतः एव
segment: चतुर्थोऽङ्कः	चतुर्थः अङ्कः
segment: चाद्वैतवादापत्तिः	च अद्वैतवाद आपत्तिः
segment: विशेषतोन्वय	विशेषतः अन्वय
segment: निवेदयन्तीव	निवेदयन्ति इव
segment: शरीरिसमवेतत्वातिरिक्त	शरीरिसमवेतत्व अतिरिक्त
segment: लक्ष्मणः---यदाज्ञापयत्यार्यः	लक्ष्मणः---यद् आज्ञापयति आर्यः
segment: सर्वदैवतैरभिहितं भवतु	सर्वदैवतैः अभिहितम् भवतु
segment: वीराग्रगण्यमतुलं त्रिदशेन्द्रकल्पम्	वीराग्रगण्यम् अतुलम् त्रिदशेन्द्रकल्पम्
segment: .तत्त्वमुभयत्राप्यस्तीति--ख	.तत्त्वम् उभयत्र अपि अस्ति इति--ख
segment: उपाधयो विवक्षिताः	उपाधयः विवक्षिताः
segment: वृत्तान्तं भण]	वृत्तान्तम् भण]
segment: नित्यदोषो न	नित्यदोषः न
segment: मिषतो भीष्माग्रहस्ताद्धृतम्	मिषतः भीष्माग्रहस्तात् धृतम्
segment: मार्गं दातुमर्हति	मार्गम् दातुम् अर्हति
segment: मां प्रधर्षयसि	माम् प्रधर्षयसि
segment: वासुदेवः---सर्वं गृह्णामि	वासुदेवः---सर्वम् गृह्णामि
segment: कथं कथं	कथम् कथम्
segment: गुरवो भवन्तमभिवादयन्ति	गुरवः भवन्तम् अभिवादयन्ति
segment: साध्यतदभावोत्थापकतया---तदुभयसंशायकतेत्यर्थः	साध्यतदभावोत्थापकतया---तदुभयसंशायकता इति अर्थः
segment: रूपेणान्यत्रेवात्रापि	रूपेण अन्यत्र एव अत्र अपि
segment: प्रतिपालयत्यार्या	प्रतिपालयति आर्या
segment: वयं हिमवतः	वयम् हिमवतः
segment: निहतं दृष्ट्वा	निहतम् दृष्ट्वा
segment: क्षत्रिय इत्यस्त्रोपदेशं	क्षत्रियः इति अस्त्रोपदेशम्
segment: श्वेतकेतो '	श्वेतकेतः '
segment: (प्रविश्यावलोक्य)	(प्रविश्य अवलोक्य)
segment: समरेऽग्रगण्यः	समरे अग्रगण्यः
segment: प्रीतोऽस्मि	प्रीतः अस्मि
segment: शत्रोर्मे	शत्रोः मे
segment: भुवनत्रयं सुरपते	भुवनत्रयम् सुरपते
segment: शार्ङ्गं प्राप्तम्	शार्ङ्गम् प्राप्तम्
segment: भवितुमर्हति	भवितुम् अर्हति
segment: तदीयज्ञानादित्रयमपि	तदीयज्ञानादित्रयम् अपि
segment: सुदर्शनः---अनुगृहीतोऽस्मि	सुदर्शनः---अनुगृहीतः अस्मि
segment: खलूपायो नाधिगम्यते	खलु उपायः न अधिगम्यते
segment: महद् बाणवर्षं	महत् बाणवर्षम्
segment: सर्वमवदातम्	सर्वम् अवदातम्
segment: साध्यवन्निष्ठहेतुसामानाधिकरणान्योन्याभावप्रतियोगित्वज्ञानादेश्च	साध्यवन्निष्ठहेतुसामानाधिकरणान्योन्याभावप्रतियोगित्वज्ञानादेः च
segment: खल्वस्य	खलु अस्य
segment: एवं क्रियताम्	एवम् क्रियताम्
segment: [अङ्घो भणतं	[अङ्घः भणतम्
segment: दुरितनाशत्वावच्छिन्नं प्रति	दुरितनाशत्वावच्छिन्नम् प्रति
segment: देवानामपि	देवानाम् अपि
segment: दूरेऽवतिष्ठेत	दूरे अवतिष्ठेत
segment: समीपमुपसर्पति	समीपम् उपसर्पति
segment: क्वचिद् भीमावर्तः	क्वचित् भीमावर्तः
segment: दूतोऽहम्	दूतः अहम्
segment: नोपदर्शित	न उपदर्शित
segment: उषिताया रिपुक्षये	उषितायाः रिपुक्षये
segment: (द्रुतमुपगम्य)	(द्रुतम् उपगम्य)
segment: जातेरपि	जातेः अपि
segment: नाद्यः	न अद्यः
segment: शरास्ते	शराः ते
segment: .हेतुनिष्ठसाध्यसम्बन्ध-सामानाधिकरण्य-अन्योन्याभावप्रतियोगित्वज्ञानादेश्च-क	.हेतुनिष्ठसाध्यसम्बन्ध-सामानाधिकरण्य-अन्योन्याभावप्रतियोगित्वज्ञानादेः च-क
segment: एवोदयनाचार्यैः	एव उदयनाचार्यैः
segment: जातिकल्पनापत्तेरनन्त	जातिकल्पनापत्तेः अनन्त
segment: एवं त्रयाणां	एवम् त्रयाणाम्
segment: एष दुरात्मा	एषः दुरात्मा
segment: तथाप्युपदर्शितसिद्ध	तथा अपि उपदर्शितसिद्ध
segment: हेतुत्वानङ्गीकर्तृणां	हेतुत्वानङ्गीकर्तृणाम्
segment: रोषं परित्यजतमद्य	रोषम् परित्यजतम् अद्य
segment: कार्यकारणभावोपि	कार्यकारणभावः अपि
segment: क्षयमवघोषयत्यभीतः	क्षयम् अवघोषयति अभीतः
segment: लोकयोरुभयोरपि	लोकयोः उभयोः अपि
segment: असाधारणवदनित्यदोषतापत्तेः	असाधारणवत् अनित्यदोषतापत्तेः
segment: अयमेतत्कपिसंयोगी	अयम् एतत्कपिसंयोगी
segment: हनूमांश्च)	हनूमान् च)
segment: भृत्यो दुर्योधनाज्ञया	भृत्यः दुर्योधनाज्ञया
segment: मयोक्तो मैथिली	मया उक्तः मैथिली
segment: हतसिंहं सुप्रवेशं	हतसिंहम् सुप्रवेशम्
segment: एकेनैकः	एकेन एकः
segment: त्रैलोक्यमाजौ	त्रैलोक्यम् आजौ
segment: .धर्मान्यतर--ख	.धर्म अन्यतर--ख
segment: स्वभवनान्निष्क्रम्येत एवाभिवर्तते	स्वभवनात् निष्क्रम्य इतः एव अभिवर्तते
segment: प्रशान्तरोषो भगवान्	प्रशान्तरोषः भगवान्
segment: समन्ताद्	समन्तात्
segment: तादृशस्मृतिवाक्यस्यार्थवादत्वेनाप्रमाण्यमिति	तादृशस्मृतिवाक्यस्य अर्थवादत्वेनाप्रमाण्यम् इति
segment: पाशैर्बद्धाः	पाशैः बद्धाः
segment: राज्यतन्त्रं	राज्यतन्त्रम्
segment: मनुजयुगलं सकलवानरकुलं	मनुजयुगलम् सकलवानरकुलम्
segment: संदिग्धोपाध्याहितव्यभिचारसंदेहवदसाधारणाहितोऽपि	संदिग्धोपाध्याहितव्यभिचारसंदेहवदसाधारणाहितः अपि
segment: सत्त्वेनानुमितिमात्रोच्छेदापत्तेः.	सत्त्वेन अनुमितिमात्रोच्छेदापत्तेः.
segment: क्वचिद् व्यर्थं	क्वचित् व्यर्थं
segment: दुर्योधनोऽहं स्थितः	दुर्योधनः अहम् स्थितः
segment: हास्यमभिधानम्	हास्यम् अभिधानम्
segment: द्रष्टुं तस्मादेष	द्रष्टुम् तस्मात् एषः
segment: वानरैर्गृह्यमाणौ	वानरैः गृह्यमाणौ
segment: समूहालम्बनीभूतैकहेत्वाभासविषयकतादृशज्ञानविशेष्येऽन्यत्र	समूहालम्बनीभूतैकहेत्वाभासविषयकतादृशज्ञानविशेष्ये अन्यत्र
segment: नन्वज्ञानपदस्य	ननु अज्ञानपदस्य
segment: तद्वारणायोपदर्शित	तद्वारणाय उपदर्शित
segment: रावणः---अभिधीयतां मद्वचनात्	रावणः---अभिधीयताम् मद् वचनात्
segment: गिरिवरनिचयाभं मेघगम्भीरघोषम्	गिरिवरनिचयाभम् मेघगम्भीरघोषम्
segment: निरूक्तिर्मुक्तिभिन्नत्वे	निरूक्तिः मुक्तिभिन्नत्वे
segment: समुपास्यैव	समुपास्य एव
segment: एवमेष्टव्यम्	एवम् एष्टव्यम्
segment: पूर्णबिम्बं शशाङ्कं	पूर्णबिम्बम् शशाङ्कम्
segment: चोक्तदोषः	च उक्तदोषः
segment: गोवधादिजन्यतावच्छेदकजातेर्नानात्वे	गोवधादिजन्यतावच्छेदकजातेः नानात्वे
segment: हेतुरपक्षधर्मोऽनैकान्तिको वेति	हेतुः अपक्षधर्मः अनैकान्तिकः वा इति
segment: वालिनमाहवे	वालिनम् आहवे
segment: कार्यं करोतीत्यादिकमपि	कार्यम् करोति इति आदिकम् अपि
segment: किं दुश्शासनो	किम् दुश्शासनः
segment: .नानुमि-क	.न अनुमि-क
segment: कौतूहलमेनं वृत्तान्तं	कौतूहलम् एनम् वृत्तान्तम्
segment: कथं सुग्रीव	कथम् सुग्रीवः
segment: जीवात्मविषयकं वेति	जीवात्मविषयकम् वेति
segment: अनुमित्यादिस्थले	अनुमिति आदिस्थले
segment: महाराजायाङ्गेश्वराय	महाराजाय अङ्गेश्वराय
segment: .धर्मान्यतर--क	.धर्म अन्यतर--क
segment: ममापि	मम अपि
segment: इत्यपि	इति अपि
segment: प्रकृतिं गतः	प्रकृतिम् गतः
segment: निवेद्यतां निवेद्यतां	निवेद्यताम् निवेद्यताम्
segment: गुणप्रकर्षो दिवसोऽयमागतः	गुणप्रकर्षः दिवसः अयम् आगतः
segment: चाक्षुषत्वावच्छिन्नं प्रति	चाक्षुषत्वावच्छिन्नम् प्रति
segment: श्रोतुमर्हति	श्रोतुम् अर्हति
segment: सर्वसपक्षव्यावृत्तस्योद्भावनमिति	सर्वसपक्षव्यावृत्तस्य उद्भावनम् इति
segment: किमतः	किम् अतः
segment: कथं व्रजेत्	कथम् व्रजेत्
segment: तद्वत्त्वगोचरयथार्थज्ञानाभावादिति	तद्वत् तु अगोचरयथार्थज्ञानाभावात् इति
segment: नानात्वं स्वीकार्यम्	नानात्वम् स्वीकार्यम्
segment: राजान इति	राजानः इति
segment: त्वामभिभूय	त्वाम् अभिभूय
segment: चरमत्वं द्विविधम्	चरमत्वम् द्विविधम्
segment: नाद्यः	न आद्यः
segment: मामन्तरेण	माम् अन्तरेण
segment: राममासाद्य	रामम् आसाद्य
segment: एवं ब्रह्मस्वरूप	एवम् ब्रह्मस्वरूप
segment: गर्वाद्धरिगणपरिवारो हाससम्फुल्लनेत्रः	गर्वात् हरिगणपरिवारः हाससम्फुल्लनेत्रः
segment: तादृशनियमाङ्गीकारे	तादृशनियम अङ्गीकारे
segment: सिद्धान्तो व्याहन्येत	सिद्धान्तः व्याहन्येत
segment: यावद् गच्छामि	यावत् गच्छामि
segment: सर्गादिकालीनघटादिकं पक्षीकृत्य	सर्गादिकालीनघटादिकम् पक्षीकृत्य
segment: तदन्तर्भावशङ्कापि	तदन्तर्भावशङ्का अपि
segment: अपनीयतां किल	अपनीयताम् किल
segment: वक्तव्यं दीर्घायुर्भवेति	वक्तव्यम् दीर्घायुः भव इति
segment: हेतुत्वादीनामपि	हेतुत्वादीनाम् अपि
segment: दृष्परिहमेव	दृष्परिहम् एव
segment: सशोकमुपैति	सशोकम् उपैति
segment: साध्याभावानुमितिसामग्री.प्रतिबन्धकत्वादित्येवमेवेति	साध्याभावानुमितिसामग्रीप्रतिबन्धकत्वात् इति एवम् एव इति
segment: ममागमनं रावणाय	मम आगमनम् रावणाय
segment: अलमतिसाहसेन	अलम् अतिसाहसेन
segment: तन्नैव	तत् नैव
segment: तस्येश्वरज्ञानस्यैवेदानीं	तस्य ईश्वरज्ञानस्य एव इदानीं
segment: पाण्डवस्कन्धावाराद् दौत्येनागतः	पाण्डवस्कन्धावारात् दौत्येन आगतः
segment: स एव	सः एव
segment: उपाधिसन्देहाद्यनाहितो यो	उपाधिसन्देहादि अनाहितः यः
segment: तादृशकार्यकारणभावसत्वेपि	तादृशकार्यकारणभावसत्वे अपि
segment: सिद्धेपीश्वरे	सिद्धे अपि ईश्वरे
segment: यद् एकेन	यत् एकेन
segment: किमनेन	किम् अनेन
segment: स्वर्गमभिगतोऽसि	स्वर्गम् अभिगतः असि
segment: जगत्यत्र	जगति अत्र
segment: रसातलं वा	रसातलम् वा
segment: प्रतिबन्धकाननुगम.स्यादोषत्वेन	प्रतिबन्धकाननुगमस्य अदोषत्वेन
segment: पाण्डुसुता जयद्रथबलेनाक्रम्य	पाण्डुसुताः जयद्रथबलेन आक्रम्य
segment: अनुभवन्त्वचिरादमृताशिनः	अनुभवन्तु अचिरात् अमृताशिनः
segment: ...तद्वत्त्वविरहादेव-क	...तद्वत् तु अविरहात् एव-क
segment: उन्मूलितोऽस्य	उन्मूलितः अस्य
segment: तथापि	तथा अपि
segment: खल्वयं	खलु अयं
segment: ग्रहणसमर्थं बलमाज्ञापयितुमर्हति	ग्रहणसमर्थम् बलम् आज्ञापयितुम् अर्हति
segment: इत्यादीना	इति आदीना
segment: श्रुतेर्मुक्तिदशायां दुःखात्यन्तनिवृत्ति	श्रुतेः मुक्तिदशायाम् दुःख अत्यन्तनिवृत्ति
segment: ध्वंसाप्रतियोगित्वं वा	ध्वंसाप्रतियोगित्वम् वा
segment: किं वक्ष्यतीति	किम् वक्ष्यति इति
segment: अप्यनुगताः	अपि अनुगताः
segment: कर्तुमर्हति	कर्तुम् अर्हति
segment: तादृशजातिसिद्धिरिति	तादृशजातिसिद्धिः इति
segment: चापमवलम्ब्य	चापम् अवलम्ब्य
segment: सत्प्रतिपक्षितत्वबुद्धेर्यथार्थत्वेन	सत्प्रतिपक्षितत्वबुद्धेः यथार्थत्वेन
segment: पृथिवीं ददामि	पृथिवीम् ददामि
segment: तथाविधातिरिक्त	तथाविध अतिरिक्त
segment: मन्दरमुद्वहन्	मन्दरम् उद्वहन्
segment: वयं तु	वयम् तु
segment: [किं किम्]	[किम् किम्]
segment: तदर्थत्वसंभवेनानुपपत्त्यभावादिति	तदर्थत्वसंभवेन अनुपपत्त्यभावात् इति
segment: धार्तराष्ट्राणां विरोधे	धार्तराष्ट्राणाम् विरोधे
segment: एष भोः	एषः भोः
segment: तादृशश्रुतेस्तथाविधार्थ	तादृशश्रुतेः तथाविध अर्थ
segment: संग्रह इति	संग्रहः इति
segment: दौत्येनागतस्य	दौत्येन आगतस्य
segment: तद् दलं	तत् दलं
segment: तत्कार्यमेव	तत् कार्यम् एव
segment: एवार्थ	एव अर्थ
segment: तज्ज्ञानं	तत् ज्ञानं
segment: स देयः	सः देयः
segment: मारुतस्यौरसः	मारुतस्य औरसः
segment: परनिन्दावचोभिर्न	परनिन्दावचोभिः न
segment: भवत्येव	भवति एव
segment: वृद्धं भीष्मं	वृद्धम् भीष्मम्
segment: यवीयांसस्तु	यवीयांसः तु
segment: नाव्याप्तिरिति	न अव्याप्तिः इति
segment: बान्धवानां भवतां	बान्धवानाम् भवताम्
segment: वेलातटं साम्प्रतम्	वेलातटम् साम्प्रतम्
segment: बोधयतीति	बोधयति इति
segment: कष्टमाविन्दन्	कष्टम् आविन्दन्
segment: आर्यपुत्रसम्बन्धीत्यात्मानं व्यपदिश्य	आर्यपुत्रसम्बन्धी इति आत्मानम् व्यपदिश्य
segment: विद्युल्लेखेव	विद्युल्लेख इव
segment: हितं मे	हितम् मे
segment: तैस्तदा	तैः तदा
segment: नृपैरसंभावितमात्मपौरुषम्	नृपैः असंभावितम् आत्मपौरुषम्
segment: .तन्निश्चयस्तत्र	.तन्निश्चयः तत्र
segment: स्वसाध्यासाधकाविमाविति	स्वसाध्यासाधकौ इमौ इति
segment: त्वमप्यास्स्व	त्वम् अपि आस्स्व
segment: स एव	सः एव
segment: तावदस्माभिर्वद	तावद् अस्माभिः वद
segment: निहतं पुत्रमङ्कस्थमश्रुभिः	निहतम् पुत्रम् अङ्कस्थम् अश्रुभिः
segment: वदित्यनुमानादुपदर्शित	वदिति अनुमानात् उपदर्शित
segment: पक्षविपक्षतोऽनन्तान्	पक्षविपक्षतः अनन्तान्
segment: पुनर्दीनाय	पुनः दीनाय
segment: तदिति	तत् इति
segment: निद्रितोऽपि	निद्रितः अपि
segment: लिङ्गज्ञानस्यानुमितिप्रतिबन्धकत्वात्	लिङ्गज्ञानस्य अनुमितिप्रतिबन्धकत्वात्
segment: तदेकव्यक्तिकं	तत् एकव्यक्तिकं
segment: पद्मपत्राक्षं शरण्यं	पद्मपत्राक्षम् शरण्यम्
segment: घटितव्याप्तेरपि	घटितव्याप्तेः अपि
segment: वेदोपि	वेदः अपि
segment: तं कमललोचनमुग्रचापं	तम् कमललोचनम् उग्रचापम्
segment: रावणमाहवे	रावणम् आहवे
segment: नास्ति	न अस्ति
segment: क्रुद्धैर्वानरयूथपैरतिबलैरुत्पुच्छकर्णैर्वृताः	क्रुद्धैः वानरयूथपैः अतिबलैः उत्पुच्छकर्णैः वृताः
segment: दृष्टपराक्रमस्याभूतपूर्वो हृदयपरितापः	दृष्टपराक्रमस्य अभूतपूर्वः हृदयपरितापः
segment: कर्णः---ततो नाहं	कर्णः---ततः न अहम्
segment: चात्रनियमतः	च अत्रनियमतः
segment: पितामहं द्रष्टुमाशया	पितामहम् द्रष्टुम् आशया
segment: पाद्यं च	पाद्यम् च
segment: इत्यादिश्रुतयस्तत्र	इति आदिश्रुतयः तत्र
segment: हसन्तं नृदेवं	हसन्तम् नृदेवम्
segment: श्रवणमननादिप्रयोज्यमोक्षजनकब्रह्मज्ञानाभावो ब्रह्मनिर्विकल्पकाभावो	श्रवणमननादिप्रयोज्यमोक्षजनकब्रह्मज्ञानाभावः ब्रह्मनिर्विकल्पकाभावः
segment: तत्रैव	तत्र एव
segment: व्यभिचारादिवद्धेत्वाभासान्तरतापत्तेः	व्यभिचारादिवत् हेत्वाभासान्तरतापत्तेः
segment: इत इतः	इतः इतः
segment: नोपदर्शितानन्तजाति	न उपदर्शित अनन्तजाति
segment: व्यभिचारज्ञापनायोपाधिरिव	व्यभिचारज्ञापनाय उपाधिः इव
segment: खल्वत्रभवान्	खलु अत्रभवान्
segment: स्वप्रकाशानन्दात्मकब्रह्मसत्वे	स्वप्रकाश आनन्दात्मकब्रह्मसत्वे
segment: कदाचिज्ज्येष्ठस्य	कदाचित् ज्येष्ठस्य
segment: रिपुमुद्धर्तुमुद्यन्तं मामयं	रिपुम् उद्धर्तुम् उद्यन्तम् माम् अयम्
segment: .विशेषो न-क	.विशेषः न-क
segment: रावणः---कोऽत्र	रावणः---कः अत्र
segment: मित्यस्यापि	मोक्षशब्दोत्तरनिमित्तसप्तमीप्रतिपादितमोक्षजनकत्वाश्रयप्रतिष्ठाविषयः अर्थः
segment: चैवमनल्पसत्त्वचरितं दोर्भ्यां	च एवम् अनल्पसत्त्वचरितम् दोर्भ्याम्
segment: शरीरं विना	शरीरम् विना
segment: कथं कथं	कथम् कथम्
segment: सितनखदशनानां वारणानामनेकं	सितनखदशनानाम् वारणानाम् अनेकम्
segment: नासाधारण्यम्	न असाधारण्यम्
segment: चेन्न	चेत् न
segment: शरनिर्भिन्नहृदयो विभाति	शरनिर्भिन्नहृदयः विभाति
segment: उदकप्रसेक इव	उदकप्रसेकः इव
segment: मुक्तित्वच्छिन्नं प्रति	मुक्तित्वच्छिन्नम् प्रति
segment: रिपुमण्डलं तत्	रिपुमण्डलम् तत्
segment: एवैकत्रानुकूलतर्काव.तारे	एव एकत्र अनुकूलतर्कावतारे
segment: पादपशैलभग्नशिरसो मुष्टिप्रहारैर्हताः	पादपशैलभग्नशिरसः मुष्टिप्रहारैः हताः
segment: प्रहृष्टवदनैरभिगन्तुमेनम्	प्रहृष्टवदनैः अभिगन्तुम् एनम्
segment: प्रियो भवेत्	प्रियः भवेत्
segment: रावणः---किं श्रुतेन	रावणः---किम् श्रुतेन
segment: अलं विवादेन	अलम् विवादेन
segment: स क्षामवक्त्रं	सः क्षामवक्त्रम्
segment: गिरिमिव	गिरिम् इव
segment: स रणे	सः रणे
segment: रामं सम्भावयिष्यामः	रामम् सम्भावयिष्यामः
segment: संयोगदशायां घटदिचाक्षुषवारणाय	संयोगदशायाम् घटदिचाक्षुषवारणाय
segment: दत्तं च	दत्तम् च
segment: मृता बन्धुजनाः	मृताः बन्धुजनाः
segment: प्रारब्धदुरितान्यत्वमवश्यं निवेशनीयम्	प्रारब्धदुरित अन्यत्वम् अवश्यम् निवेशनीयम्
segment: सीतां समाश्वासितुम्	सीताम् समाश्वासितुम्
segment: ब्रह्मतोतिरिक्ता	ब्रह्मतः अतिरिक्ता
segment: महेन्द्रपुरीव	महेन्द्रपुरी इव
segment: सुव्यक्तं धनुषि	सुव्यक्तम् धनुषि
segment: भवत्येव	भवति एव
segment: देवीं च	देवीम् च
segment: पुनरम्बिकायाम्	पुनः अम्बिकायाम्
segment: शरणागत इति	शरणागतः इति
segment: शल्यः---ततस्ततः	शल्यः---ततः ततः
segment: स्वकार्यमनुष्ठीयताम्	स्वकार्यम् अनुष्ठीयताम्
segment: त्रिदशैरिदमप्रियम्	त्रिदशैः इदम् अप्रियम्
segment: तदर्थं प्रतिबध्यप्रतिबंधकभावकल्पने	तदर्थम् प्रतिबध्यप्रतिबंधकभावकल्पने
segment: चेष्टां प्रति	चेष्टाम् प्रति
segment: इदानीमर्जुनः	इदानीम् अर्जुनः
segment: सुस्थिरा भूत्वा	सुस्थिराः भूत्वा
segment: अयं महाराजो	अयम् महाराजः
segment: एतद् आकर्ण्य	एतत् आकर्ण्य
segment: तद् ब्रूहि	तत् ब्रूहि
segment: मुक्तिं प्रति	मुक्तिम् प्रति
segment: कीभूतानन्दपदस्यानन्दाश्रये	कीभूतानन्दपदस्य आनन्दाश्रये
segment: लक्ष्मीं जानीहि	लक्ष्मीम् जानीहि
segment: तवैव	तव एव
segment: जीवद्‌भ्योऽपि	जीवद्‌भ्यः अपि
segment: तत्तथैव	तत् तथा एव
segment: वह्निव्यभिचरितो धूम	वह्निव्यभिचरितः धूमः
segment: त्वं मयाद्य	त्वम् मया अद्य
segment: कार्यं विपद्यते	कार्यम् विपद्यते
segment: रुद्रश्च	रुद्रः च
segment: खल्वेषः	खलु एषः
segment: किमिति	किम् इति
segment: भगवत्प्रसादान्निष्कम्पवीचिमन्तं सलिलाधिपतिम्	भगवत्प्रसादात् निष्कम्पवीचिमन्तम् सलिलाधिपतिम्
segment: विचिन्तयंश्चक्रधरस्य	विचिन्तयन् चक्रधरस्य
segment: स्वयमेव	स्वयम् एव
segment: ब्रह्मवधस्यापि	ब्रह्मवधस्य अपि
segment: तस्मादुत्पत्त्यसंभवात्	तस्मात् उत्पत्त्यसंभवात्
segment: एवात्र	एव अत्र
segment: जगन्मातेव	जगन्माता इव
segment: व्यभिचारसंशयोऽपि	व्यभिचारसंशयः अपि
segment: .एतत्पूर्वमपि	.एतत्पूर्वम् अपि
segment: वस्तुतस्तु	वस्तुतः तु
segment: तरुणमधिकमर्थिप्रार्थनीयं पवित्रम्	तरुणम् अधिकम् अर्थिप्रार्थनीयम् पवित्रम्
segment: वक्तव्यमिति	वक्तव्यम् इति
segment: उक्तोऽहं भगवता	उक्तः अहम् भगवता
segment: बहवो भ्रातरः	बहवः भ्रातरः
segment: अद्यैव	अद्य एव
segment: लक्ष्मणः---यदाज्ञापयत्यार्यः	लक्ष्मणः---यद् आज्ञापयति आर्यः
segment: गर्भा निशम्य	गर्भाः निशम्य
segment: सेयं कौमोदकी	सा इयम् कौमोदकी
segment: निवेद्यतां निवेद्यतां	निवेद्यताम् निवेद्यताम्
segment: एष भस्मीकरोम्यस्मत्	एषः भस्मीकरोमि अस्मत्
segment: उपदर्शितानुपपत्तिभिया	उपदर्शित अनुपपत्तिभिया
segment: एतद् वैवश्यतस्तस्य	एतत् वैवश्यतः तस्य
segment: एवमार्यमिश्रान्	एवम् आर्यमिश्रान्
segment: .दित्युक्तम्	.दिति उक्तम्
segment: स्वपदं स्वलक्ष्याभिमतमुक्त्यात्मकदुः	स्वपदम् स्वलक्ष्य अभिमतमुक्ति
segment: द्वितीयः---एवमेतत्	द्वितीयः---एवम् एतत्
segment: न्निर्धावितोऽस्मि	निर्धावितः अस्मि
segment: परिगृह्यतां नः	परिगृह्यताम् नः
segment: नीलो वानरैर्गृह्यमाणौ	नीलः वानरैः गृह्यमाणौ
segment: नेच्छति	न इच्छति
segment: तत्स्वरूपाज्ञाननिवृत्तेरपि	तत्स्वरूपाज्ञाननिवृत्तेः अपि
segment: प्रश्नस्तथोत्तरम्	प्रश्नः तथा उत्तरम्
segment: परार्थानुमाने	परार्थ अनुमाने
segment: कृपणो म्रियतां	कृपणः म्रियतां
segment: प्रवृत्तं युद्धम्	प्रवृत्तम् युद्धम्
segment: धर्मेऽतिव्याप्तिः	धर्मे अतिव्याप्तिः
segment: कष्टं किं	कष्टम् किम्
segment: तद्वत्त्वगोचरयथार्थज्ञानविशेष्यत्वमतिप्रसक्तम्	तद्वत् तु अगोचरयथार्थज्ञानविशेष्यत्वम् अतिप्रसक्तम्
segment: एवाभिवर्तते	एव अभिवर्तते
segment: कार्यसामान्यं प्रति	कार्यसामान्यम् प्रति
segment: भूयस्तद्भिन्नदुःख	भूयः तद्भिन्नदुःख
segment: असंभवाच्च	असंभवात् च
segment: मुहूर्तकमारोहामि	मुहूर्तकम् आरोहामि
segment: महीमेकातपत्राङ्कां राजसिंहः	महीम् एकातपत्राङ्काम् राजसिंहः
segment: भिन्नप्रकारकत्वान्न	भिन्नप्रकारकत्वात् न
segment: (आचम्योपसृत्य)	(आचम्य उपसृत्य)
segment: तेऽस्तु	ते अस्तु
segment: द्रष्टव्योऽत्र	द्रष्टव्यः अत्र
segment: क्रौञ्चं यथा	क्रौञ्चम् यथा
segment: स किं	सः किं
segment: तनयविनाशादुद्यतोग्रास्त्रमुक्तैः	तनयविनाशात् उद्यतोग्रास्त्रमुक्तैः
segment: रामः---नार्हति	रामः---न अर्हति
segment: कालो देवीमुपसर्पितुम्	कालः देवीम् उपसर्पितुम्
segment: एष महाराजः	एषः महाराजः
segment: बृहद् महाभारतम्	बृहत् महाभारतम्
segment: वृत्तान्तं रामपत्न्याः	वृत्तान्तम् रामपत्न्याः
segment: महतीमिमाम्	महतीम् इमाम्
segment: एवमार्यमिश्रान्	एवम् आर्यमिश्रान्
segment: यथैव	यथा एव
segment: निरवच्छिन्नज्ञानत्वावच्छिन्नं प्रति	निरवच्छिन्नज्ञानत्वावच्छिन्नम् प्रति
segment: विकृतवपुषोऽप्युग्राचारा घृणा	विकृतवपुषः अपि उग्राचाराः घृणा
segment: ममाप्रत्युत्थानस्योपायः	मम अप्रत्युत्थानस्य उपायः
segment: तस्यानुजं रघुपतिः	तस्य आनुजम् रघुपतिः
segment: तन्न	तत् न
segment: ज्ञानादिसिद्धिरिति	ज्ञानादिसिद्धिः इति
segment: नवीनैस्तवीश्वरसिद्ध्यर्थं प्रकारान्तरेण	नवीनैस्तवीश्वरसिद्ध्यर्थम् प्रकारान्तरेण
segment: सूक्ष्मार्थदर्शिभिः	सूक्ष्म अर्थदर्शिभिः
segment: येनामृतं मातृविमोक्षणार्थम्	येन अमृतम् मातृविमोक्षणार्थम्
segment: कुतो भवान्	कुतः भवान्
segment: शब्दत्वानित्यत्वेति	शब्दत्वानित्यत्वे इति
segment: नेश्वरस्य	न ईश्वरस्य
segment: धृतराष्ट्रः---यदाज्ञापयति	धृतराष्ट्रः---यत् आज्ञापयति
segment: विद्यारक्षितमद्य	विद्यारक्षितम् अद्य
segment: सुखस्यासंभवतया	सुखस्य असंभवतया
segment: कर्तुमर्हति	कर्तुम् अर्हति
segment: चरमं तत्र	चरमम् तत्र
segment: संवृत्तोऽस्मि	संवृत्तः अस्मि
segment: पतिव्रतायाश्छन्दमनुतिष्ठ	पतिव्रतायाः छन्दम् अनुतिष्ठ
segment: कथं तत्रभवान्	कथम् तत्रभवान्
segment: कथमाशीः	कथम् आशीः
segment: बहुमायाश्छलयोधिनश्च	बहुमायाः छलयोधिनः च
segment: प्रागेव	प्राक् एव
segment: वयं दूतघातकाः	वयम् दूतघातकाः
segment: नोत्सहे	न उत्सहे
segment: अशरीरं वावसन्तं	अशरीरम् वावसन्तम्
segment: काञ्चुकीयः---यदाज्ञापयति	काञ्चुकीयः---यद् आज्ञापयति
segment: तत्तत्संदेहत्वेनैव	तत्तत्संदेहत्वेन एव
segment: सुरदैत्यदानवचमूविद्रावणं रावणं	सुरदैत्यदानवचमूविद्रावणम् रावणम्
segment: साक्षात्कारार्थतैव	साक्षात्कारार्थत एव
segment: सहस्रं बलमाज्ञापय	सहस्रम् बलम् आज्ञापय
segment: यद् भ्रातृनाशाद्	यत् भ्रातृनाशात्
segment: सर्वस्कन्धावारं प्रविश्य	सर्वस्कन्धावारम् प्रविश्य
segment: दुःखप्रागभावासमानकालीनेति	दुःखप्रागभावासमानकालीन इति
segment: शत्रुभवनं कौतूहलं	शत्रुभवनम् कौतूहलम्
segment: तत्पदसमभिव्याहृतैव	तत्पदसमभिव्याहृत एव
segment: हयं गोवृषमेव	हयम् गोवृषम् एव
segment: मल्लानपि	मल्लान् अपि
segment: राजंस्तव	राजन् तव
segment: क्षन्तुमर्हसि	क्षन्तुम् अर्हसि
segment: स सनातनधर्मसभायाः	सः सनातनधर्मसभायाः
segment: बाधितमर्थं वेदोपि	बाधितम् अर्थम् वेदः अपि
segment: भवतीति	भवति इति
segment: कस्यापि-क	कस्य अपि-क
segment: तज्ज्ञानं घटत्वादिवृत्तिविषयतासंबन्धेन	तज्ज्ञानम् घटत्वादिवृत्तिविषयतासंबन्धेन
segment: ताभ्यां यदि	ताभ्याम् यदि
segment: गौरवाच्चेति	गौरवात् चेति
segment: नन्वेतल्लक्षणं	ननु एतत् लक्षणं
segment: .तन्निश्चयस्याव्यभिचाररूपग्राह्याभावनिश्चयत्वेनैव	.तन्निश्चयस्य अव्यभिचाररूपग्राह्याभावनिश्चयत्वेन एव
segment: अद्याभिमन्युनिधनाज्जनितप्रकोपः	अद्य अभिमन्युनिधनात् जनितप्रकोपः
segment: धूमेऽपि	धूमे अपि
segment: पाण्डवानां प्रविश्य	पाण्डवानाम् प्रविश्य
segment: अस्मदाश्रिताः	अस्मत् आश्रिताः
segment: सुतं ते	सुतम् ते
segment: गाङ्गेयप्रमुखा राजानः	गाङ्गेयप्रमुखाः राजानः
segment: रावणः---कथं कथं	रावणः---कथम् कथम्
segment: निष्प्राणो न	निष्प्राणः न
segment: हेत्वाभासभेदप्रयोजकत्वादत्र	हेत्वाभासभेदप्रयोजकत्वात् अत्र
segment: पाण्डवा भवेयुः	पाण्डवाः भवेयुः
segment: किं प्रविष्टव्यम्	किम् प्रविष्टव्यम्
segment: वयं न	वयम् न
segment: विरला निःस्पृहास्ततः	विरलाः निःस्पृहाः ततः
segment: पक्षतावच्छेदकमिति	पक्षतावच्छेदकम् इति
segment: त्वां युधिष्ठिरमुखाः	त्वाम् युधिष्ठिरमुखाः
segment: संग्राह्यन्न	संग्राह्यत्वात् न
segment: गोपालकस्तव	गोपालकः तव
segment: श्रूयतां ममास्त्रस्य	श्रूयताम् मम अस्त्रस्य
segment: मूलयुक्तेरनुमिति	मूलयुक्तेः अनमिति
segment: शरीरं दूरस्थापि	शरीरम् दूरस्थापि
segment: ...इत्याशयेनह--ख	...इति आशयेन आह--ख
segment: लाघवं चास्तु	लाघवम् च अस्तु
segment: नापमानयेत्	न आपमानयेत्
segment: बहुशो दीयतामिति	बहुशः दीयताम् इति
segment: मैवम्	मा एवम्
segment: पार्थिवानां समक्षं	पार्थिवानाम् समक्षम्
segment: प्रतिपादकत्वमिति	प्रतिपादकत्वम् इति
segment: सर्वेति	सर्वे इति
segment: तद् अहं	तत् अहं
segment: प्राणाहुतिप्रदानेऽपि	प्राणाहुतिप्रदाने अपि
segment: सूर्यादिस्तत्र	सूर्यादिः तत्र
segment: .तत्रोपाधिसन्देहानुद्भावनप्रसङ्गात्	.तत्र इपाधिसन्देहानुद्भावनप्रसङ्गात्
segment: (असिमुद्यम्य)	(असिम् उद्यम्य)
segment: कालचक्रं तवाद्य	कालचक्रम् तव अद्य
segment: नाद्यः	न आद्यः
segment: साध्यसिद्धेरूद्देश्यत्वादेशतः	साध्यसिद्धेः उदेश्यत्व आदेशतः
segment: पुनरगसुतया	पुनः अगसुतया
segment: किंचिदनुपपन्नम्	किंचित् अनुपपन्नम्
segment: एवं तादृशवैजात्यं	एवम् तादृशवैजात्यम्
segment: यत्तु	यत् तु
segment: शंकास्पदमपि	शंकास्पदम् अपि
segment: प्रश्नस्तथोत्तरम्	प्रश्नः तथा उत्तरम्
segment: कुमारमन्तरेणानृतं नाभिधीयते	कुमारम् अन्तरेण अनृतम् न अभिधीयते
segment: (सर्वतो गत्वा)	(सर्वतः गत्वा)
segment: कार्यं करिष्यति	कार्यम् करिष्यति
segment: खल्वलीकमेतद्	खलु अलीकम् एतद्
segment: भणतं कौ	भणतम् कौ
segment: चोभयव्यावृत्तत्वस्य	च उभयव्यावृत्तत्वस्य
segment: पञ्चकार्यकारणभावापेक्षया	पञ्चकार्यकारणभाव अपेक्षया
segment: भिक्षां भवते	भिक्षाम् भवते
segment: हेतुत्वकल्पनान्नानुपपत्तिरित्यपि	हेतुत्वकल्पनान्नानुपपत्तिः इति अपि
segment: प्रशान्तो मोदते	प्रशान्तः मोदते
segment: मां	माम्
segment: नास्ति	न अस्ति
segment: नररूपमुपाश्रितस्य	नररूपम् उपाश्रितस्य
segment: विष्णोरेतत्समाधानं	विष्णोः एतत् समाधानं
segment: निवेद्यतां निवेद्यतां	निवेद्यताम् निवेद्यताम्
segment: पुरुषं विषयेषु	पुरुषम् विषयेषु
segment: स	सः
segment: यतो जनः	यतः जनः
segment: कर्तुमर्हति	कर्तुम् अर्हति
segment: जननीं मातुलं	जननीम् मातुलम्
segment: योऽन्यस्मै	यः अन्यस्मै
segment: विभूषणमणिद्युतिरञ्जिताङ्गो	विभूषणमणिद्युतिरञ्जिताङ्गः
segment: वत्सेनेन्द्रजिता	वत्सेन इन्द्रजिता
segment: वक्तुकाममिव	वक्तुकामम् इव
segment: .प्रत्यक्षासम्भवादिति-ख	.प्रत्यक्षासम्भवात् इति-ख
segment: क्वासौ	क्व असौ
segment: कथं भो	कथम् भो
segment: चाज्ञानपदार्थाभावः	च अज्ञानपदार्थाभावः
segment: निश्चय इति	निश्चयः इति
segment: तुदत्यलम्	तुदति अलम्
segment: शल्यः---ततस्ततः	शल्यः---ततः ततः
segment: सतीश्वरस्य	सति ईश्वरस्य
segment: खाण्डवमश्नतः	खाण्डवम् अश्नतः
segment: कथं न	कथम् न
segment: रामो लक्ष्मणः	रामः लक्ष्मणः
segment: गोवधजन्युदुःखमेव	गोवधजन्युदुःखम् एव
segment: बध्यतामयं केशवः	बध्यताम् अयम् केशवः
segment: चात्मनि	च आत्मनि
segment: कम्पितेयं वसुन्धरा	कम्पिता इयम् वसुन्धरा
segment: कुलालादिकृतीनामन्व	कुलालादिकृतीनाम् अन्वय
segment: मन्दस्तन्मन्यते	मन्दः तत् मन्यते
segment: तत्त्वज्ञानजन्यतानुपपत्तेश्च	तत्त्वज्ञानजन्यतानुपपत्तेः च
segment: धर्मेऽतिव्याप्तिः	धर्मे अतिव्याप्तिः
segment: दोषशङ्कापि	दोषशङ्का अपि
segment: विगतविषयदर्पं राक्षसेशं	विगतविषयदर्पम् राक्षसेशम्
segment: स्वयमेव	स्वयम् एव
segment: एष स्थितोऽस्मि	एषः स्थितः अस्मि
segment: संबन्धज्ञानस्यानपेक्षिततया	संबन्धज्ञानस्य अनपेक्षिततया
segment: तत्रात्मत्वभाने	तत्र आत्मत्वभाने
segment: धैर्यं मन्युर्मे	धैर्यम् मन्युः मे
segment: यन्निश्चीयमानमनुमितिप्रतिबन्धकं	यत् निश्चीयमानम् अनुमितिप्रतिबन्धकं
segment: भावकल्पनापत्तेश्च	भावकल्पनापत्तेः च
segment: घटस्यापि	घटस्य अपि
segment: स्वपितेव	स्वपिता इव
segment: सन्तापयेन्न	सन्तापयेत् न
segment: घटोत्कचः---एष भोः	घटोत्कचः---एषः भोः
segment: धूमादावपीत्यत उक्तम्---सर्वेति	धूमादौ अपि इत्यतः उक्तम्---सर्वे इति
segment: प्रायशिचत्तादौ	दुरितध्वंसम् उद्दिश्य
segment: साध्यसिद्धेरूद्देश्यतायामसतः	साध्यसिद्धेः उदेश्यतायाम् असतः
segment: मयाद्य	मया अद्य
segment: पक्षतावच्छेदकं पक्षतावच्छेदकावच्छेदेन	पक्षतावच्छेदकम् पक्षतावच्छेदका अवच्छेदेन
segment: चैवमेवेति	च एवम् एव इति
segment: प्रभृत्येव	प्रभृति एव
segment: प्रायश्चित्तफलत्वकथनमावश्यकमिति	प्रायश्चित्तफलत्वकथनम् आवश्यकम् इति
segment: तवानयामि	तव आनयामि
segment: नमुचिर्येन	नमुचिः येन
segment: साम्प्रतं	साम्प्रतम्
segment: धृतराष्ट्रः---(आसनादुत्थाय)	धृतराष्ट्रः---(आसनात् उत्थाय)
segment: एवं ब्रह्मवध	एवम् ब्रह्मवध
segment: विप्रियं कृत्वा	विप्रियम् कृत्वा
segment: स्मो भो	स्मः भो
segment: स्वगणपरिवृतं साकमाकम्प्य	स्वगणपरिवृतम् साकम् आकम्प्य
segment: गिरीणां	गिरीणाम्
segment: वानरमभिगच्छन्तं दृष्ट्वा	वानरम् अभिगच्छन्तम् दृष्ट्वा
segment: इत्यस्त्रोपदेशं ग्रहीतुमारब्धं	इति अस्त्रोपदेशम् ग्रहीतुम् आरब्धम्
segment: मां च	माम् च
segment: शीघ्रं महोल्केव	शीघ्रम् महोल्का इव
segment: लोकानां छलमपनेतुमुद्यतेन	लोकानाम् छलम् अपनेतुम् उद्यतेन
segment: तैरज्ञानस्यातिरिक्त	तैः अज्ञानस्य अतिरिक्त
segment: सेच्छति	स इच्छति
segment: तमवश्यं	तम् अवश्यं
segment: निष्ठतमर्धं कार्यस्य	निष्ठतमर्धम् कार्यस्य
segment: साधारण्यसंशयमपि	साधारण्यसंशयम् अपि
segment: मैवम्	मा एवम्
segment: सदुःखास्ता	सदुःखाः ताः
segment: किं विपक्षपक्षमवलम्बसे	किम् विपक्षपक्षम् अवलम्बसे
segment: तस्यापि	तस्य अपि
segment: अन्यदपि	अन्यत् अपि
segment: पश्यामीव	पश्यामि इव
segment: सिद्धमिति	सिद्धम् इति
segment: पक्षीयव्यभिचारसंशयस्यैव	पक्षीयव्यभिचारसंशयस्य एव
segment: रावणजीमूताद् बाणधारा	रावणजीमूतात् बाणधाराः
segment: शल्यः---ततस्ततः	शल्यः---ततः ततः
segment: .व्यभिचारादय उपाधयः-क	.व्यभिचारादयः उपाधयः-क
segment: वैधव्यं दापितं	वैधव्यम् दापितम्
segment: मोक्षभिन्नज्ञानविषय	इति अर्थः
segment: योधस्यन्दनवाजिवारणवधैर्विक्षोभ्य	योधस्यन्दनवाजिवारणवधैः विक्षोभ्य
segment: लक्षणगमनेऽपि	लक्षणगमने अपि
segment: सन्तस्तु	सन्तः तु
segment: इन्द्रियेभ्यो परं	इन्द्रियेभ्यः परम्
segment: सब्रह्मेन्द्रमरुद्गणं त्रिभुवनं	सब्रह्मेन्द्रमरुद्गणम् त्रिभुवनम्
segment: विषयतावच्छेदकत्वमेव	विषयतावच्छेदकत्वम् एव
segment: तानहम्	तान् अहम्
segment: विधानुभवस्यासंभवात्	विध अनुभवस्य असंभवात्
segment: ह्यग्निष्टोमफलं ददामि	हि अग्निष्टोमफलम् ददामि
segment: सहनीयो न	सहनीयः न
segment: यो मत्तस्य	यः मत्तस्य
segment: लाघवज्ञानसहितात्सर्गाद्यकालीन	लाघवज्ञानसहितात् सर्गादि अकालीन
segment: तृतीयः---एष एषः	तृतीयः---एषः एषः
segment: कृष्णेनैतदुदाहृतम्	कृष्णेन एतत् उदाहृतम्
segment: स महाव्याधिना	सः महाव्याधिना
segment: किञ्चित्समयानन्तरम्	किञ्चित् समयानन्तरम्
segment: महद् आश्चर्यं	महत् आश्चर्यं
segment: सूर्य इव	सूर्यः इव
segment: स विन्दति	सः विन्दति
segment: ज्ञानेच्छायोरङ्गीकारे	ज्ञानेच्छायोः अङ्गीकारे
segment: गम्यतां स्वनिलयमेव	गम्यताम् स्वनिलयम् एव
segment: वाहनो गरुडः	वाहनः गरुडः
segment: बाधस्यैव-ख	बाधस्य एव-ख
segment: इत्यत्र	इति अत्र
segment: गङ्गाप्रभृतयो महानद्य	गङ्गाप्रभृतयः महानद्यः
segment: अत एव	अतः एव
segment: इमा आपः	इमाः आपः
segment: रामः---यदाज्ञापयति	रामः---यद् आज्ञापयति
segment: .एतदविषयस्यानु--क	.एतत् विषयस्य अनु--क
segment: भीष्मं छलैर्हत्वा	भीष्मम् छलैः हत्वा
segment: मुदिततरमुखो मुष्टिना	मुदिततरमुखः मुष्टिना
segment: विवादविषयकर्तृकत्वं तदिति	विवादविषयकर्तृकत्वम् तत् इति
segment: इत्याह----ते	इति आह----ते
segment: .यत्तु	.यः तु
segment: नादेनैव	नादेन एव
segment: चरमत्वं द्विविधमिति	चरमत्वम् द्विविधम् इति
segment: सत्वान्न	सत्वात् न
segment: सदृशमेतत्	सदृशम् एतत्
segment: राजंस्त्वत्कारणादेव	राजन् त्वत्कारणात् एव
segment: ध्रुवमहो	ध्रुवम् अहो
segment: वाली---दण्ड्य इति	वाली---दण्ड्यः इति
segment: तेऽस्ति	ते अस्ति
segment: दुर्योधन इत	दुर्योधनः इतः
segment: मुक्तित्वादिमतापेक्षया	मुक्तित्वादिमत आपेक्षया
segment: इत्यत्र	इति अत्र
segment: भट्टानुयायीनां तत्र	भट्टानुयायीनाम् तत्र
segment: श्रीर्यस्याभिरता नियोगसुमुखी	श्रीः यस्य अभिरताः नियोगसुमुखी
segment: एतदनुष्ठीयते	एतत् अनुष्ठीयते
segment: ईदृशमिव	ईदृशम् इव
segment: वच्छेदकत्वस्योपदर्शि	वच्छेदकत्वस्य उपदर्शि
segment: यत्तु	यत् तु
segment: रथगतमभियान्तं रावणं	रथगतम् अभियान्तम् रावणम्
segment: धर्मसमयं संक्लेश्यमाना	धर्मसमयम् संक्लेश्यमाना
segment: राममुपगच्छामीति	रामम् उपगच्छामि इति
segment: नाति-क	न अति-क
segment: तं कर्तुं	तम् कर्तुम्
segment: मेरुगुहामेव	मेरुगुहाम् एव
segment: विलम्बो नैव	विलम्बः नैव
segment: कृतिजन्यत्वं तथाप्युपदर्शितसिद्ध	कृतिजन्यत्वम् तथा अपि उपदर्शितसिद्ध
segment: कश्चिद्गन्तुमिच्छेद्यमालयम्	कश्चित् गन्तुम् इच्छेत् यमालयम्
segment: चैकं.	च एकं
segment: दण्डमाज्ञापयतु	दण्डम् आज्ञापयतु
segment: तदनुद्भावनस्यैव	तदनुद्भावनस्य एव
segment: तयोस्तत्र	तयोः तत्र
segment: प्राणान्तिकेऽपि	प्राणान्तिके अपि
segment: तत्करणीभूतशरीरमनोयोगादेः	तत् करणीभूतशरीरमनोयोगादेः
segment: दैवगतिं गतेन	दैवगतिम् गतेन
segment: अप्राप्तकामा ज्वलनं	अप्राप्तकामाः ज्वलनम्
segment: यमसदनं प्रतियापयाम्यहं	यमसदनम् प्रतियापयामि अहम्
segment: भवन्तमभिवादयन्ति	भवन्तम् अभिवादयन्ति
segment: वाक्यार्थः	वाक्य अर्थः
segment: नाद्यः	न आद्यः
segment: .शब्दवृत्तिमप्यविग्रहप्रति-क	.शब्दवृत्तिम् अपि विग्रहप्रति-क
segment: मातुलेनाभिधीयताम्	मातुलेन अभिधीयताम्
segment: कुत्रापि	कुत्र अपि
segment: एष	एषः
segment: तत्सन्देहे	तत् संदेहे
segment: सर्वं दृष्टमिदं	सर्वम् दृष्टम् इदम्
segment: मां वञ्चयितुकामो	माम् वञ्चयितुकामः
segment: स लभ्यताम्	सः लभ्यताम्
segment: मामयं राक्षसाधमः	माम् अयम् राक्षसाधमः
segment: वयं भक्तास्तथा	वयम् भक्ताः तथा
segment: निर्गतो रावणः	निर्गतः रावणः
segment: तज्ज्ञानप्रमात्वविषयतया	तत् ज्ञानप्रमात्वविषयतया
segment: तं हत्वा	तम् हत्वा
segment: अक्षयोऽस्तु	अक्षयः अस्तु
segment: इत्यत्रैवात्रापि	इति अत्र एव अत्र अपि
segment: शैलाश्च	शैलाः च
segment: कल्पनान्यथा	कल्पन अन्यथा
segment: एतद् अपि	एतत् अपि
segment: अतिपातिवृत्तान्तनिवेदनत्वरयावस्थान्तरं नावेक्षितम्	अतिपातिवृत्तान्तनिवेदनत्वरय अवस्थान्तरम् न अवेक्षितम्
segment: दत्तं शप्तं	दत्तम् शप्तम्
segment: किंचिदनुपपन्नम्	किंचित् अनुपपन्नम्
segment: को नु	कः नु
segment: चास्तु	च अस्तु
segment: कृतं मे	कृतम् मे
segment: निश्चित-साध्यवद्वृत्तित्वे	निश्चित-साध्यवत् वृत्तित्वे
segment: ततस्ततः	ततः ततः
segment: वेदान्तिनां क्षतिविरहात्	वेदान्तिनाम् क्षतिविरहात्
segment: जडघटत्वादित्यनुमानाद्वातिरिक्ताभाव	जडघटत्वादित्यनुमानात् वा अतिरिक्ताभाव
segment: रावणस्यावलेपः	रावणस्य अवलेपः
segment: ह्रस्वत्वं केशवस्य	ह्रस्वत्वम् केशवस्य
segment: सर्वसिद्धत्वाच्च	सर्वसिद्धत्वात् च
segment: चैवं	च एवं
segment: प्रतियोगिताकस्तथा	प्रतियोगिताकः तथा
segment: ज्ञायमानमिति	ज्ञायमानम् इति
segment: धृतराष्ट्रः---कथमिदानीं वृत्तमेतत्	धृतराष्ट्रः---कथम् इदानीम् वृत्तम् एतत्
segment: जीवात्ममात्रविषयकोवा	जीवात्ममात्रविषयक वा
segment: कनकरचितचापं तीक्ष्णमुद्यम्य	कनकरचितचापम् तीक्ष्णम् उद्यम्य
segment: प्रागभावासमानकालीनदुःखध्वंसत्वस्य	प्रागभाव असमानकालीनदुःखध्वंसत्वस्य
segment: वाक्यैर्भोगस्य	वाक्यैः भोगस्य
segment: आसातां भवन्तौ	आसाताम् भवन्तौ
segment: वानरेन्द्रस्तु	वानरेन्द्रः तु
segment: किं गूहसे	किम् गूहसे
segment: ग्रहीतुमारब्धं मया	ग्रहीतुम् आरब्धम् मया
segment: तदज्ञाननादीनां जन्यत्वकल्पने	तदज्ञाननादीनाम् जन्यत्वकल्पने
segment: भोगसुखादिमत्त्वमादाय	भोगसुखादिमत्त्वम् आदाय
segment: तत्राव्याप्तिरिति	तत्र अव्याप्तिः इति
segment: आर्यपुत्रो भवेत्	आर्यपुत्रः भवेत्
segment: रावणः---कथं कथं	रावणः---कथम् कथम्
segment: सामानाधिकरण्यरूपं तत्र	सामानाधिकरण्यरूपम् तत्र
segment: यशसो भाजनेन	यशसः भाजनेन
segment: गिरं भगवतो	गिरम् भगवतः
segment: मातलिवाहितो रथः	मातलिवाहितः रथः
segment: संबन्धाङ्गीकारादुपदर्शितरीत्या	संबन्धाङ्गीकारात् उपदर्शितरीत्या
segment: .तद्वत्त्वगोचरज्ञानस्य	.तद्वत् अगोचरज्ञानस्य
segment: .सामान्यान्योभन्याभावाविवक्षायामिदम्	.सामान्यान्योन्याभावौ अविवक्षायाम् इदम्
segment: मवनतमिव	अवनतम् इव
segment: यद् उक्तवान्	यत् उक्तवान्
segment: दर्पो मातृपक्षोग्ररूपो	दर्पः मातृपक्षोग्ररूपः
segment: जटामात्रविद्ब्रह्मसन्धिज्ञो	जटा मात्र वित् ब्रह्म सन्धि ज्ञः
segment: रावणं निहतं	रावणम् निहतम्
segment: अतो नानित्यदोषता	अतः न अनित्यदोषता
segment: इयं कौमोदकी	इयम् कौमोदकी
segment: एष खलु	एषः खलु
segment: राज्यं जनकः	राज्यम् जनकः
segment: अतोऽप्यधिकम्	अतः अपि अधिकम्
segment: विभीषणः---तदेव	विभीषणः---तद् एव
segment: सुघोरं बाणजालं	सुघोरम् बाणजालम्
segment: त्वां देवि	त्वाम् देवि
segment: भवानपकृष्य	भवान् अपकृष्य
segment: रतिरुग्रबलैश्च	रतिः उग्रबलैः च
segment: भावस्यावश्यकत्वात्	भावस्य आवश्यकत्वात्
segment: पूर्वपक्षिणस्तस्येष्टत्वादिति	पूर्वपक्षिणः तस्य इष्टत्वात् इति
segment: कुतो नु	कुतः नु
segment: एवं कृतप्रायश्रित्तस्य	एवम् कृतप्रायश्रित्तस्य
segment: जीवात्मपरमात्मनोरभेदभ्रमस्य	जीवात्मपरमात्मनः अभेदभ्रमस्य
segment: रामः--कथं कथं	रामः--कथम् कथम्
segment: एतत्त्वादित्यादौ	एतत्त्वात् इत्यादौ
segment: कृतापराधो मुनिशापमाप्तवान्	कृतापराधः मुनिशापम् आप्तवान्
segment: ...सामान्याभावस्याविवक्षायाम्--ख	...सामान्याभावस्य अविवक्षायाम्--ख
segment: चानेकवाचिसर्वपदार्थासम्भवस्तत्रेति	च अनेकवाचिसर्वपदार्थासम्भवः तत्र इति
segment: किमभिधास्यसि	किम् अभिधास्यसि
segment: विद्यान्न	विद्यात् न
segment: स्ववचनकृतदोषो बध्यतामेष	स्ववचनकृतदोषः बध्यताम् एषः
segment: प्रतिबन्धकत्वमिति	प्रतिबन्धकत्वम् इति
segment: वीजन्तो मलयानिला	वीजन्तः मलयानिलाः
segment: शिवो दृश्यते	शिवः दृश्यते
segment: श्रद्धेयरूप इव	श्रद्धेयरूपः इव
segment: मकरालयं वा	मकरालयम् वा
segment: स वानरः	सः वानरः
segment: काशीमरणान्मुक्तिरिति	काशीमरणान् मुक्तिः इति
segment: कर्णः---दृढं प्रीतोऽस्मि	कर्णः---दृढम् प्रीतः अस्मि
segment: देवं च	देवम् च
segment: तस्माद् वृक्षात्	तस्मात् वृक्षात्
segment: दुःखप्रागभावस्वरूपो वा	तादृशदुःखप्रागभावसंबंधः दुःखप्रागभावस्वरूपः
segment: महाकालो न	महाकालः न
segment: स्वयमात्मदोष-	स्वयम् आत्मदोषम्
segment: मां प्रहरेद्	माम् प्रहरेत्
segment: जयद्रथो निहतः	जयद्रथः निहतः
segment: वृद्धं स्वपितरं	वृद्धम् स्वपितरम्
segment: चारिभिरेतौ	चारिभिः एतौ
segment: यतो हि	यतः हि
segment: स एव	सः एव
segment: सयोधा	सयोधाः
segment: त्वमवगच्छसि	त्वम् अवगच्छसि
segment: अदण्ड्यो नैव	अदण्ड्यः न एव
segment: मनस्येषां सुतोत्सादनात्	मनसि एषाम् सुतोत्सादनात्
segment: इतो भवान्	इतः भवान्
segment: समाधेय इति	समाधेयः इति
segment: विरुद्धत्वमेवेति	विरुद्धत्वम् एव इति
segment: जिता येन	जिताः येन
segment: समीचीनमिति-ख	समीचीनम् इति-ख
segment: दोष इति	दोषः इति
segment: कुरुवंशोऽयमचिरान्नाशमेष्यति	कुरुवंशः अयम् अचिरात् नाशम् एष्यति
segment: निश्चितसाध्यवद्विपक्षयोरुभयेरपि	निश्चितसाध्यवद्विपक्षयोः उभयो अपि
segment: समन्ताद् देवमायाः	समन्तात् देवमायाः
segment: यद् लिखितं	यत् लिखितं
segment: यावदहमपि	यावत् अहम् अपि
segment: गुरुर्वदति	गुरुः वदति
segment: नागालयं	नागालयम्
segment: तवाद्य	तव अद्य
segment: तत्त्वमसीत्यादि	तत्त्वम् असि इत्यादि
segment: अनुमितिप्रतिबन्धकतावच्छेदकत्वाभिमतसत्प्रतिपक्षितत्वादेरभावादित्यत आह---दशेति	अनुमितिप्रतिबन्धकतावच्छेदकत्वाभिमतसत्प्रतिपक्षितत्वादेः अभावात् इत्यतः आह---दशेति
segment: महाराजश्च	महाराजः च
segment: किं नावगच्छसि	किम् न अवगच्छसि
segment: वरुणः---एष मार्गः	वरुणः---एषः मार्गः
segment: किमसि	किम् असि
segment: यद्यपीति	यद्यपि इति
segment: ग्रामाद् बहिः	ग्रामात् बहिः
segment: येनासिनार्यपुत्रस्यासदृशं	येन आसिना आर्यपुत्रस्य असदृशं
segment: किं कृतं	किम् कृतम्
segment: त्वसाधारणस्येत्यत आह----व्यतिरेकीति	तु असाधारणस्य इत्यतः आह----व्यतिरेकी इति
segment: इदानीमनर्थहेतुभूतया	इदानीम् अनर्थहेतुभूतया
segment: कथं केशवं	कथम् केशवम्
segment: तेनात्मनो युवतिजनाय	तेनात्मनः युवतिजनाय
segment: सम्प्रहर्तुं	सम्प्रहर्तुम्
segment: आरुह्यागेन्द्रं सद्विपेन्द्रं	आरुह्य अगेन्द्रम् सद्विपेन्द्रं
segment: मां सुयोधनः	माम् सुयोधनः
segment: तत्रातिव्याप्तिरिति	तत्र अतिव्याप्तिः इति
segment: आत्मप्रत्यक्षानुकूलस्यास्मदीय	आत्मप्रत्यक्ष अनुकूलस्य अस्मदीय
segment: दुष्टो धर्म्येव	दुष्टः धर्मे एव
segment: अवसरोपयुक्तो यः	अवसरोपयुक्तः यः
segment: शक्तो न	शक्तः न
segment: अनुमित्यसाधारणदोषत्वमपि	अनुमित्यसाधारणदोषत्वम् अपि
segment: कालो वार्तासु	कालः वार्तासु
segment: कथं न	कथम् न
segment: अयमक्रमः	अयम् अक्रमः
segment: बह्न्यनुमितिस्तदा	वह्नि अनुमितिः तदा
segment: तद् भवति	तत् भवति
segment: चेन्न	चेत् न
segment: आर्यपुत्रस्यास्मिन्	आर्यपुत्रस्य अस्मिन्
segment: हृदयेनेह	हृदयेन इह
segment: स्यात्तु	स्यात् तु
segment: राजगुणोपेतो भूमिमेकः	राजगुणोपेतः भूमिम् एकः
segment: बहिर्निःसृत्य	बहिः निःसृत्य
segment: नृदेवं	नृदेवम्
segment: समस्तैश्च	समस्तैः च
segment: खल्वयमर्थः	खलु अयम् अर्थः
segment: कार्यत्वादित्यादावप्रयोजकत्वाहितसाध्याभावांशसंशयीभूतपक्षीयव्यभिचारसन्देहप्रतिबन्धकत्वस्य	कार्यत्वात् इत्यादौ अप्रयोजकत्वाहितसाध्याभावांशसंशयीभूतपक्षीयव्यभिचारसन्देहप्रतिबन्धकत्वस्य
segment: एवास्य	एव अस्य
segment: चैवं सत्यनुमित्यादेरप्यपरोक्षत्वापत्तिः	च एवम् सत्यनुमिति आदेः अपि अपरोक्षत्वापत्तिः
segment: ज्वलित इव	ज्वलितः इव
segment: वयं किल	वयम् किल
segment: वाली---कथं कथं	वाली---कथम् कथम्
segment: तथापि	तथा अपि
segment: जीविता इह	जीविताः इह
segment: रामः---आश्चर्यमाश्चर्यम्	रामः---आश्चर्यम् आश्चर्यम्
segment: अनुगृहीतोऽस्मि	अनुगृहीतः अस्मि
segment: शब्दत्वाभाववानिति	शब्दत्वाभाववान् इति
segment: यो भाजनं	यम् भाजनम्
segment: यतो दुःखवद्भिन्न	यतः दुःखवद्भिन्न
segment: यद्यहं रावणं	यदि अहम् रावणम्
segment: परिक्रम्यावलोक्य	परिक्रम्य अवलोक्य
segment: शक्तिरस्ति	शक्तिः अस्ति
segment: पक्षीयव्यभिचारसन्देहत्वेनाप्रतिबन्धकत्वात्	पक्षीयव्यभिचारसन्देहत्वेन अप्रतिबन्धकत्वात्
segment: तस्यैव	तस्य एव
segment: किमभिलषसि	किम् अभिलषसि
segment: युद्धव्यग्रस्याधर्म्यः	युद्धव्यग्रस्य अधर्म्यः
segment: काञ्चुकीयः---यदाज्ञापयति	काञ्चुकीयः---यद् आज्ञापयति
segment: भीमो	भीमः
segment: गतायुषं कामपथान्निवृत्तम्	गतायुषम् कामपथात् निवृत्तम्
segment: नान्यः	न अन्यः
segment: व्यभिचारादेरिव	व्यभिचारादेः इव
segment: ततो जनाः	ततः जनाः
segment: मुरारे-	मुरारेः
segment: तद्ध्वंसत्वं तत्त्वज्ञानजन्यता	तत् ध्वंसत्वम् तत्त्वज्ञानजन्यता
segment: यात्रायामपरिग्रहः	यात्रायाम् अपरिग्रहः
segment: रामः---सम्यगभिहितं लक्ष्मणेन	रामः---सम्यक् अभिहितम् लक्ष्मणेन
segment: .तज्ज्ञानं-क	.तत् ज्ञानं-क
segment: यस्मात्प्रभावो महा-	यस्मात्प्रभावः महान्
segment: दर्शनशास्त्रम्	दर्शन शास्त्रम्
segment: शासको गुणयुक्तश्चेत्	शासकः गुणयुक्तः चेत्
segment: तज्जन्यत्वं संभवति	तज्जन्यत्वम् संभवति
segment: अस्मदीयैर्महावृक्षैरस्मदीया महबलाः	अस्मदीयैः महावृक्षैः अस्मदीयाः महबलाः
segment: परिश्रमं च	परिश्रमम् च
segment: किमिदानीं करिष्ये	किम् इदानीम् करिष्ये
segment: कृत्स्नां राजसिंहः	कृत्स्नाम् राजसिंहः
segment: कथकसम्प्रदायानुरोधादाह----यद्वेति	कथकसम्प्रदायानुरोधात् आह----यत् वा इति
segment: मतिं कृत्वाप्यासीनोऽस्मि	मतिम् कृत्वा अपि आसीनः अस्मि
segment: तयोर्मानुषयोः	तयोः मानुषयोः
segment: तथाकल्पनानुपपत्तेः	तथाकल्पन अनुपपत्तेः
segment: यावदहमपि	यावत् अहम् अपि
segment: एषोऽस्माकं धर्मः	एषः अस्माकम् धर्मः
segment: सद्धेतावतिव्याप्तिस्तदवस्थैव	सद्धेतौ अतिव्याप्तिः तदवस्था एव
segment: नागमिष्यति	न आगमिष्यति
segment: त्वयार्यपुत्रस्य	त्वया आर्यपुत्रस्य
segment: प्रेषितास्तेषामस्म्यहमद्य	प्रेषिताः तेषाम् अस्मि अहम् अद्य
segment: वेत्यत्र	वेति अत्र
segment: मुदं द्विषतां	मुदम् द्विषताम्
segment: स्त्वामुद्वहामीति	त्वाम् उद्वहामि इति
segment: चैतत्	च एतत्
segment: सुव्यक्तं निहतं	सुव्यक्तम् निहतम्
segment: किंकृतोऽयं संभ्रमः	किंकृतः अयम् संभ्रमः
segment: जन्यत्वमेवात्र	जन्यत्वम् एव अत्र
segment: दापितं	दापितम्
segment: तन्न	तत् न
segment: अयमिदानीम्---	अयम् इदानीम्---
segment: भद्रासनारोपितोऽप्यम्बायाः	भद्रासनारोपितः अपि अम्बायाः
segment: खेऽभिगर्जताम्	खे अभिगर्जताम्
segment: तदेतरत्रापि	तत् इतरत्र अपि
segment: सर्वदेवैर्यत्	सर्वदेवैः यत्
segment: नैव	न एव
segment: मैवम्	मा एवम्
segment: नैव	न एव
segment: एवं चररमत्वस्य	एवम् चररमत्वस्य
segment: नित्यत्वनिश्चयो यदा	नित्यत्वनिश्चयः यदा
segment: विभीषणः---बलवद्विग्रहश्च	विभीषणः---बलवद्विग्रहः च
segment: स विप्रः	सः विप्रः
segment: कैलसमीशं स्वगणपरिवृतं	कैलसम् ईशम् स्वगणपरिवृतम्
segment: निर्विकारमुपागता	निर्विकारम् उपागता
segment: भग्नेति	भग्ना इति
segment: कुमारोऽभिमन्युः	कुमारः अभिमन्युः
segment: अवश्यं युधि	अवश्यम् युधि
segment: दृष्टिर्विफलतां गता	दृष्टिः विफलताम् गता
segment: गंगामरणादिनापि	गंगामरणादिन अपि
segment: अलमलं सम्भ्रमेण	अलम् अलम् सम्भ्रमेण
segment: शासनं	शासनम्
segment: इत इतः	इतः इतः
segment: यदुपतेर्वाक्यं गृहीत्वागतो	यदुपतेः वाक्यम् गृहीत्वागतः
segment: प्रबन्धको नेदृक्	प्रबन्धकः न ईदृक्
segment: स चित्रपटः	सः चित्रपटः
segment: मुष्टिमुद्यम्य	मुष्टिम् उद्यम्य
segment: .वस्तुतस्तु	.वस्तुतः तु
segment: परित्यजतमद्य	परित्यजतम् अद्य
segment: पौत्रमायस्तचेतसः	पौत्रम् आयस्तचेतसः
segment: विमलविकृतदंष्ट्रं स्यन्दनं	विमलविकृतदंष्ट्रम् स्यन्दनम्
segment: बोधयतीति	बोधयति इति
segment: निष्ठवैजात्यम्भ्युपेत्य	निष्ठवैजात्यम् अभ्युपेत्य
segment: कृतोपकारप्रत्युपकारनिमित्तं सर्वासु	कृतोपकारप्रत्युपकारनिमित्तम् सर्वासु
segment: भात्यसौ	भाति असौ
segment: वैपरीत्येपि	वैपरीत्ये अपि
segment: एष खलु	एषः खलु
segment: मद्वचनाल्लङ्केश्वरो भव	मद्वचनात् लङ्केश्वरः भव
segment: कृत्रिमतामुपाश्रयेत्	कृत्रिमताम् उपाश्रयेत्
segment: उच्चरितशब्दत्वादित्यनुमानादति	उच्चरितशब्दत्वात् इति अनुमानात् अति
segment: धृष्टं मुदिततरमुखो	धृष्टम् मुदिततरमुखः
segment: श्रोतव्यो जनार्दनस्य	श्रोतव्यः जनार्दनस्य
segment: रूपमुपस्थितेन	रूपम् उपस्थितेन
segment: वेदान्ततिवाक्यादन्तः	वेदान्ततिवाक्यात् अन्तः
segment: रामः---कथं विभीषणः	रामः---कथम् विभीषणः
segment: यस्तथा	यः तथा
segment: सरसिजवनमालेवातपे	सरसिजवनमाला इव आतपे
segment: पार्थिवपार्थिवस्तव	पार्थिवपार्थिवः तव
segment: महेन्द्रादयोऽमृतभुजो भवन्तमभिवर्धयन्ति	महेन्द्रादयः अमृतभुजः भवन्तम् अभिवर्धयन्ति
segment: एष एवास्य	एषः एव अस्य
segment: शक्रो वा	शक्रः वा
segment: धर्मराजवचनाद् धनञ्जयाकृत्रिममित्रतया	धर्मराजवचनात् धनञ्जयाकृत्रिममित्रतया
segment: तादात्म्यसंबंधेनेश्वरात्मनो हि	तादात्म्यसंबंधेन ईश्वरात्मनः हि
segment: .असाधारणेनान्वयि-ख	.असाधारणेन अन्वयि-ख
segment: बहुमायोऽयं दूतः	बहुमायः अयम् दूतः
segment: लोकानामेवमेव	लोकानाम् एवम् एव
segment: भ्रातृनाशाद् व्यथितस्तवात्मा	भ्रातृनाशात् व्यथितः तव आत्मा
segment: उपसर्पावस्तावदार्यम्	उपसर्पावः तावद् आर्यम्
segment: तदजनकत्वमेव--ख	तदजनकत्वम् एव--ख
segment: सैषा	सा एषा
segment: जातिव्याप्यविरूद्धभेदेनापि	जातिव्याप्यविरूद्धभेदेन अपि
segment: भ्रातरं मे	भ्रातरम् मे
segment: सोऽपि	सः अपि
segment: बहिरागतः	बहिः आगतः
segment: महाराजो दुर्योधन	महाराजः दुर्योधनः
segment: पक्ष एव	पक्षः एव
segment: तच्च	तत् च
segment: त्वमवरोधनम्	त्वम् अवरोधनम्
segment: कोऽस्ति	कः अस्ति
segment: तेषां दक्षिणापथमुख्यस्य	तेषाम् दक्षिणापथमुख्यस्य
segment: सुरवरजयदर्पदेशिकेऽस्मिन्	सुरवरजयदर्पदेशिके अस्मिन्
segment: निर्मनस्कतापत्तिरिति	निर्मनस्कतापत्तिः इति
segment: त्वां बाष्परुद्धनयनाः	त्वाम् बाष्परुद्धनयनाः
segment: 'हेत्वाभासाश्च	'हेत्वाभासाः च
segment: निवेद्यतां महाराजाय	निवेद्यताम् महाराजाय
segment: एष गान्धारराजः	एषः गान्धारराजः
segment: ज्ञानाभाव	ज्ञान अभाव
segment: राजसम्मानो विरला	राजसम्मानः विरलाः
segment: यो जपेत्	यः जपेत्
segment: तदप्राप्तं प्राप्तमिति	तदप्राप्तम् प्राप्तम् इति
segment: व्यभिचारसन्देहस्तत्र	व्यभिचारसन्देहः तत्र
segment: पत्त्यभावादिति	पत्त्यभावात् इति
segment: वचनं हितं	वचनम् हितम्
segment: परमिच्छामि	परम् इच्छामि
segment: प्रपञ्चोपादान	प्रपञ्च उपादान
segment: युध्यतां च	युध्यताम् च
segment: गोसहस्रं ददामि	गोसहस्रम् ददामि
segment: भावरूपत्वाङ्गीकारात्	भावरूपत्व अङ्गीकारात्
segment: राममालोक्य	रामम् आलोक्य
segment: प्रलीना वासुकिप्रभृतयो	प्रलीनाः वासुकिप्रभृतयः
segment: पञ्चभिरुपाधिभिर्विभज्यन्त इत्याह----ते	पञ्चभिः उपाधिभिः विभज्यन्ते इति आह----ते
segment: ज्ञानं प्रति	ज्ञानम् प्रति
segment: कार्यत्वावच्छिन्नं प्रति	कार्यत्वावच्छिन्नम् प्रति
segment: नान्त्यः	न अन्त्यः
segment: धर्म्येव	धर्मे एव
segment: चोपाधावतिप्रसङ्गः	च उपाधौ अतिप्रसङ्गः
segment: शीघ्रं	शीघ्रम्
segment: दुर्योधनः---यद्येतद्वीर्यमर्जुनस्य	दुर्योधनः---यदि एतत् वीर्यम् अर्जुनस्य
segment: किमाहुर्भवन्तः	किम् आहुः भवन्तः
segment: यस्यां न	यस्याम् न
segment: एवाहुः	एव आहुः
segment: पतिमिह	पतिम् इह
segment: पश्यतां युध्यतां	पश्यताम् युध्यताम्
segment: युक्तिकमेव	युक्तिकम् एव
segment: वानरेणेति	वानरेण इति
segment: युगपरिणामसमुद्यतो यथार्कः	युगपरिणामसमुद्यतः यथा अर्कः
segment: द्विषतो मुरारे-	द्विषतः मुरारेः
segment: तस्यानित्यदोषता	तस्य अनित्यदोषता
segment: अग्निनाग्निर्विवर्धेत	अग्निना अग्निः विवर्धेत
segment: विरोधिपरामर्शोत्थापकत्वादिति	विरोधिपरामर्शोत्थापकत्वात् इति
segment: त्वां लक्षये	त्वाम् लक्षये
segment: तत्रैवाङ्गीकारात्	तत्र एव अङ्गीकारात्
segment: एष उपविशामि	एषः उपविशामि
segment: .तस्यानुकूल-ख	.तस्य अनुकूल-ख
segment: त्वं युद्धार्थमागतः	त्वम् युद्धार्थम् आगतः
segment: संभ्रम इति	संभ्रमः इति
segment: लिङ्गस्यासंग्रहापत्तेः	लिङ्गस्य असंग्रहापत्तेः
segment: परमलघुतरं बाणजालान्	परमलघुतरम् बाणजालान्
segment: लाघवादतिरिक्त	लाघवात् अतिरिक्त
segment: नेच्छामि	न इच्छामि
segment: किमलं तव	किम् अलम् तव
segment: ...ग्रहभ्यैवेत्यादि-ख	...ग्रहस्य एव इत्यादि-ख
segment: तत्तुच्छम्	तत् तुच्छम्
segment: एह्येहि	एहि एहि
segment: विषयसंपत्त्यर्थमीश्वर	विषयसंपत्त्यर्थम् ईश्वर
segment: तस्माद् गृह्यताम्	तस्मात् गृह्यताम्
segment: कंसभृत्यो दामोदरस्तव	कंसभृत्यः दामोदरः तव
segment: समावृतं सुरैरद्य	समावृतम् सुरैः अद्य
segment: भवानस्मानवधीरयितुम्	भवान् अस्मान् अवधीरयितुम्
segment: ...अपरो ग्रन्थः-क	...अपरः ग्रन्थः-क
segment: श्यामो युवा	श्यामः युवा
segment: भिक्षां याचे]	भिक्षाम् याचे]
segment: पाण्डवानां	पाण्डवानाम्
segment: शरणं व्रजन्तु	शरणम् व्रजन्तु
segment: विशेषणतोभयसंबंधेन	विशेषणत उभयसंबंधेन
segment: द्विधाभूत इव	द्विधाभूतः इव
segment: .तत्सत्त्वे	.तत् सत्त्वे
segment: बाधासंभवाज्जन्यत्वस्य	बाधासंभवात् जन्यत्वस्य
segment: व्याप्त्यवधारणादनुमितिरूपं	व्याप्त्यवधारणात् अनुमितिरूपं
segment: विष्णुरुच्यते	विष्णुः उच्यते
segment: कथं लम्बसटः	कथम् लम्बसटः
segment: काचिद् विवक्षा	काचित् विवक्षा
segment: देहान्तरं गता	देहान्तरम् गता
segment: उदाहरणाप्रयोगसम्भवादिति	उदाहरणाप्रयोगसम्भवात् इति
segment: देवात्मजैर्मनुष्याणां कथं	देवात्मजैः मनुष्याणाम् कथम्
segment: श्रूयतां रामशासनम्	श्रूयताम् रामशासनम्
segment: किङ्कराणां सहस्रं	किङ्कराणाम् सहस्रम्
segment: असितभुजगकल्पां धारयन्त्येकवेणीं	असितभुजगकल्पाम् धारयन्तीं एकवेणीम्
segment: प्रतिबन्धक एवेति	प्रतिबन्धकः एव इति
segment: लिङ्गव्यत्यासेनान्दपदस्य	सुखम् एवार्थः
segment: महीभारापनयनं कर्तुं	महीभारापनयनम् कर्तुम्
segment: बाधकाभावाच्च	बाधकाभावात् च
segment: ईश्वराद्यात्मन्यपि	ईश्वरादि आत्मनि अपि
segment: रामः---शीघ्रं प्रवेशयत्वेतौ	रामः---शीघ्रम् प्रवेशयतु एतौ
segment: शाब्दबाधापत्तेरिष्टत्वादिति	शाब्दबाधापत्तेः इष्टत्वात् इति
segment: स्वयं कारणभूतः	स्वयम् कारणभूतः
segment: असिद्धेर्न	असिद्धेः न
segment: देवदेवर्षिसिद्धविद्याधरगन्धर्वाप्सरोगणाः स्वविभवैर्भवन्तं	देवदेवर्षिसिद्धविद्याधरगन्धर्वाप्सरोगणाः स्वविभवैः भवन्तम्
segment: तथेति	तथा इति
segment: यदाज्ञापयति	यद् आज्ञापयति
segment: शल्यः---ततस्ततः	शल्यः---ततः ततः
segment: वाऽराजा	वा अराजा
segment: त्विति	तु इति
segment: शरवरवेगैरर्जुनं पातयित्वा	शरवरवेगैः अर्जुनम् पातयित्वा
segment: स च	सः च
segment: नीचोऽहमेव	नीचः अहम् एव
segment: बहुविधमणिरत्नभूषिताङ्गं	बहुविधमणिरत्नभूषिताङ्गम्
segment: तत्सम्बन्धेन	तत् सम्बन्धेन
segment: सुग्रीवं भग्नग्रीवं	सुग्रीवम् भग्नग्रीवम्
segment: सर्वस्यापि	सर्वस्य अपि
segment: द्वितीयो भागः	द्वितीयः भागः
segment: प्रतिष्ठित	प्रतिष्ठितम् इति अस्य
segment: तदतिव्यापकत्वापत्तेः	तत् अतिव्यापकत्वापत्तेः
segment: रामं प्रत्यैषवं	रामम् प्रति ऐषवम्
segment: अलं वो	अलम् वः
segment: तीक्ष्णमुद्यम्य	तीक्ष्णम् उद्यम्य
segment: मृगाणामिष्यते	मृगाणाम् इष्यते
segment: विरतविविधशस्त्रपातमेते	विरतविविधशस्त्रपातम् एते
segment: सन्नाहमाज्ञापिता	सन्नाहम् आज्ञापिता
segment: चोपाधिव्युत्पादनर्थकं	च उपाधिव्युत्पादनर्थकं
segment: पटत्वान्यवृत्तिविषयतासंबन्धेन	पटत्व अन्यवृत्तिविषयतासंबन्धेन
segment: खल्वेतस्मिन्	खलु एतस्मिन्
segment: तावदस्मद्गतः	तावत् अस्मद्गतः
segment: जातिविरूद्धत्वमिति	जातिविरूद्धत्वम् इति
segment: अवस्थितस्ततो दूरे	अवस्थितः ततः दूरे
segment: कथं वानरेणेति	कथम् वानरेण इति
segment: एवेति	एव इति
segment: प्रशान्तरोषो भगवान्	प्रशान्तरोषः भगवान्
segment: प्रविशतां भवन्तौ	प्रविशताम् भवन्तौ
segment: कार्यकारण-भावानन्त्यमिति	कार्यकारणभावानन्त्यम् इति
segment: साध्यपर्यवसन्न एव	साध्यपर्यवसन्नः एव
segment: अप्रतिहतपराक्रमो भव	अप्रतिहतपराक्रमः भव
segment: एष सहस्रहंसप्रयुक्तो	एषः सहस्रहंसप्रयुक्तः
segment: .तदेव	.तत् एव
segment: साक्षात्कारस्तत्त्वज्ञानपदार्थः	साक्षात्कारः तत्त्वज्ञानपदार्थः
segment: साध्यसम्बन्धस्यापि	साध्यसम्बन्धस्य अपि
segment: हनूमान्---यदाज्ञापयति	हनूमान्---यद् आज्ञापयति
segment: नानात्वकल्पो बलीयानिति	नानात्वकल्पः बलीयान् इति
segment: यस्तद्भिन्नो यो	यः तद्भिन्नः यः
segment: विनिगमनाविरहेणानन्त	विनिगमनाविरहेण अनन्त
segment: तावद् वानरमानय	तावत् वानरम् आनय
segment: परितोषितं बहुविधैः	परितोषितम् बहुविधैः
segment: तादृशकार्यकारणभावो निर्युक्तिक	तादृशकार्यकारणभावः निर्युक्तिक
segment: किं करिष्यसि	किम् करिष्यसि
segment: अवसितमवगच्छ	अवसितम् अवगच्छ
segment: प्रामाणिकगौरवं न	प्रामाणिकगौरवम् न
segment: रामं हि	रामम् हि
segment: सन्दिग्धानैतज्ज्ञानत्वेन	सन्दिग्धान् एतज्ज्ञानत्वेन
segment: यन्निर्दोषत्वं तेनैव	यत् निर्दोषत्वम् तेन एव
segment: जलेनैव	जलेन एव
segment: तादृशज्ञानं तत्त्वज्ञानपदार्थस्तथापि	तादृशज्ञानम् तत्त्वज्ञानपदार्थः तथापि
segment: प्रवेश्यतां विभीषणः	प्रवेश्यताम् विभीषणः
segment: मदनवशगतो महानयार्थं	मदनवशगतः महानयार्थं
segment: पूर्तिस्तासां	पूर्तिः तासां
segment: उपाधिज्ञानेऽपि	उपाधिज्ञाने अपि
segment: विभीषणः---अधर्मश्च	विभीषणः---अधर्मः च
segment: चरमदुःखध्वंसो मुक्तिरिति	चरमदुःखध्वंसः मुक्तिः इति
segment: शिष्यं च	शिष्यम् च
segment: तत्त्वमित्यर्थः	तत्त्वम् इति अर्थः
segment: सद्धेतावनतिप्रसङ्गात्	सद्धेतौ अनतिप्रसङ्गात्
segment: तात्कालिकतद्वत्त्वगोचरत्वम्	तात्कालिकतद्वत् तु अगोचरत्वम्
segment: शरण्यं शरणागतः	शरण्यम् शरणागतः
segment: शमायाश्रमम्	शमाय आश्रमम्
segment: सीतापहरणमेव	सीतापहरणम् एव
segment: सममभ्युदयेन	समम् अभ्युदयेन
segment: अलमलमिदानीमरिबलावलेपमन्तरेणानवरतवृथाप्रयासेन	अलम् अलम् इदानीम् अरिबलावलेपम् अन्तरेण अनवरतवृथाप्रयासेन
segment: सपक्षव्यावृत्तत्वमपि	सपक्षव्यावृत्तत्वम् अपि
segment: यैस्तस्य	यैः तस्य
segment: चोभयपरामर्शविषयतापन्नप्रतिसाधनं	च उभयपरामर्शविषयतापन्नप्रतिसाधनं
segment: पूर्णेन्दुकुन्दकुमुदोदरहारगौरो	पूर्णेन्दुकुन्दकुमुदोदरहारगौरः
segment: इतस्तावत्	इतः तावत्
segment: जन्यत्वकल्पनप्रसक्तिरपि	जन्यत्वकल्पनप्रसक्तिः अपि
segment: लक्षणावश्यकी	लक्षणा आवश्यकी
segment: छलमपनेतुमुद्यतेन	छलम् अपनेतुम् उद्यतेन
segment: सीतेयं जलसम्भवालयरता	सीता इयम् जलसम्भवालयरता
segment: अत एव	अतः एव
segment: व्याप्तिज्ञानेनैवान्यथासिद्धतया	व्याप्तिज्ञानेन एव अन्यथासिद्धतया
segment: शब्द इव	शब्दः इव
segment: शक्रं पृच्छ	शक्रम् पृच्छ
segment: भगवांश्चक्रायुधः	भगवान् चक्रायुधः
segment: यद्विशेषयोर्कार्य	यद्विशेषयोः कार्य
segment: पूर्तिर्न	पूर्तिः न
segment: प्रशान्तरोषो भगवान्	प्रशान्तरोषः भगवान्
segment: कर्तुं जातस्य	कर्तुम् जातस्य
segment: चैवं	च एवं
segment: प्रमाणाभाव	प्रमाण अभाव
segment: मां चैव	माम् च एव
segment: अस्यैषावस्था	अस्य एषा अवस्था
segment: पञ्चमोऽङ्कः	पञ्चमः अङ्कः
segment: तदिदमुक्तं	तत् इदम् उक्तं
segment: शरीरत्वं जातिरिति	शरीरत्वम् जातिः इति
segment: यो मन्दरं	यः मन्दरं
segment: राक्षसः---यदाज्ञापयति	राक्षसः---यद् आज्ञापयति
segment: तावदीदृशी	तावत् ईदृशी
segment: वनान्तरस्याभितः	वनान्तरस्य अभितः
segment: नावगच्छसि	न अवगच्छसि
segment: ब्रह्मणो धर्म	ब्रह्मणः धर्म
segment: सार्धं	सार्धम्
segment: तन्न	तत् न
segment: कथं पराङ्मुखः	कथम् पराङ्मुखः
segment: किं नु	किम् नु
segment: अग्निः---एष भगवान्	अग्निः---एषः भगवान्
segment: पुरुषान्तरस्यापि	पुरुषान्तरस्य अपि
segment: बालभावाददृष्टदोषः	बालभावात् अदृष्टदोषः
segment: परात्मजानां पितृतां	परात्मजानाम् पितृताम्
segment: अलमलं भयेन	अलम् अलम् भयेन
segment: युद्धोत्थितैर्जयमवाप्य	युद्धोत्थितैः जयम् अवाप्य
segment: रामः---अभिधीयतां मद्वचनात्	रामः---अभिधीयताम् मद्वचनात्
segment: कोटरान्तरितो भूत्वा	कोटरान्तरितः भूत्वा
segment: मुक्तित्वरूपत्वस्यापि	मुक्तित्वरूपत्वस्य अपि
segment: षड्जातयः	षट् जातयः
segment: साधुसन्तो महात्मानः	साधुसन्तः महात्मानः
segment: विपक्षत्वमन्योन्याभावगर्भम्	विपक्षत्वम् अन्योन्याभावगर्भम्
segment: कार्यमहमेव	कार्यम् अहम् एव
segment: स्थिरतां विरोधः	स्थिरताम् विरोधः
segment: राक्षसैर्वानरेषु	राक्षसैः वानरेषु
segment: राक्षसकाञ्चुकीयः---क इह	राक्षसकाञ्चुकीयः---कः इह
segment: नरपतिं	नरपतिम्
segment: तदमात्यवर्गेण	तद् अमात्यवर्गेण
segment: लङ्केश्वरं साम्प्रतम्	लङ्केश्वरम् साम्प्रतम्
segment: कियद्दूरे	कियत् दूरे
segment: गन्तुं समर्थः	गन्तुम् समर्थः
segment: यत्तु	यत् तु
segment: किमथ	किम् अथ
segment: महीं कृत्स्नां	महीम् कृत्स्नाम्
segment: चेन्न	चेत् न
segment: तादृशानुभवविषयः	तादृश अनुभवविषयः
segment: विजानीयाच्चित्तं तस्य	विजानीयात् चित्तम् तस्य
segment: यत्तु	यः तु
segment: स मानुषः	सः मानुषः
segment: तर्काभावेनाप्रयोजकतया	तर्क अभावेन अप्रयोजकतया
segment: श्रमोऽवश्यं	श्रमः अवश्यं
segment: .गुरुविषयकस्यापि-ख	.गुरुविषयकस्य अपि-ख
segment: मुक्तित्वरूपत्वमङ्गीक्रियते	मुक्तित्वरूपत्वम् अङ्गीक्रियते
segment: सर्वराजसमक्षमवमानितां द्रौपदीं	सर्वराजसमक्षम् अवमानिताम् द्रौपदीम्
segment: शीघ्रं वद	शीघ्रम् वद
segment: तदवच्छिन्नस्यापत्ति	तदवच्छिन्नस्य आपत्ति
segment: किमथ	किम् अथ
segment: अवश्यं च	अवश्यम् च
segment: निःस्पृहास्ततः	निःस्पृहाः ततः
segment: यो वेत्ति	यः वेत्ति
segment: प्रत्येकमपि	प्रत्येकम् अपि
segment: सेनानिनादपटहस्वनशङ्खनादै-	सेनानिनादपटहस्वनशङ्खनादैः
segment: .तत्संग्राह्यमेव-ख	.तत् संग्राह्यम् एव-ख
segment: सामान्यलक्षणेनासंग्रहो न	सामान्यलक्षणेन असंग्रहः न
segment: .विशेषणमेव	.विशेषणम् एव
segment: तदप्युद्देश्यमित्यग्रे	तत् अपि उद्देश्यम् इति अग्रे
segment: संवार्यतां संवार्यतां	संवार्यताम् संवार्यताम्
segment: गोवृषमेव	गोवृषम् एव
segment: वाचस्पत्यादौ	वाचस्पति आदौ
segment: बलीयानिति	बलीयान् इति
segment: जयद्रथो निमित्तभूतः	जयद्रथः निमित्तभूतः
segment: एवं गतं	एवम् गतम्
segment: किङ्करा द्रुमयोधिना	किङ्कराः द्रुमयोधिना
segment: सं-	सन्
segment: तदिदानीं मयानुष्ठितम्	तद् इदानीम् मया अनुष्ठितम्
segment: कष्टं कठोरहृदयो	कष्टम् कठोरहृदयः
segment: राघवमेवं वक्तुम्	राघवम् एवम् वक्तुम्
segment: किं बहुना	किम् बहुना
segment: तद्विश्वासो न	तद्विश्वासः न
segment: सन्दष्टौष्ठश्चण्डसंरक्तनेत्रो	सन्दष्टौष्ठः चण्डसंरक्तनेत्रः
segment: हतास्तेन	हताः तेन
segment: तन्नोद्भाव्यते	तत् न उद्भाव्यते
segment: एष इदानीमर्जुनः	एषः इदानीम् अर्जुनः
segment: इत इतः	इतः इतः
segment: साम्प्रतं	साम्प्रतम्
segment: ज्ञानं प्रति	ज्ञानम् प्रति
segment: कस्यापि	कस्य अपि
segment: कोऽपि	कः अपि
segment: नन्वेवं	ननु एवं
segment: .तथापि-क	.तथा अपि-क
segment: बध्यतामेष शीघ्रम्	बध्यताम् एषः शीघ्रम्
segment: स्वार्थानुमान इति	स्वार्थानुमाने इति
segment: कृत्वाप्यासीनोऽस्मि	कृत्वा अपि आसीनः अस्मि
segment: वरुणोऽयम्	वरुणः अयम्
segment: गुरुश्च वदति	गुरुः च वदति
segment: मुक्तिं प्रति	मुक्तिम् प्रति
segment: योगदर्शनम्	योग दर्शनम्
segment: सेनापतिर्भवितुमर्हति	सेनापतिः भवितुम् अर्हति
segment: सुखवाचकानन्दपदस्य	सुखवाचक आनन्दपदस्य
segment: मार्गमेनं	मार्गम् एनम्
segment: सायकं चापि	सायकम् च अपि
segment: स्वस्थानमेवात्र	स्वस्थानम् एव अत्र
segment: यावद्विषयतया	यावत् विषयतया
segment: नातिव्याप्तिरिति	न अतिव्याप्तिः इति
segment: श्रुत्वैवाग्निप्रवेशाय	श्रुत्वा एव अग्निप्रवेशाय
segment: गजेन्द्रगामिंस्तव	गजेन्द्रगामिन् तव
segment: चितां न	चिताम् न
segment: मुक्तिं प्रति	मुक्तिम् प्रति
segment: तद् अहं	तत् अहं
segment: चलितोऽस्म्यासनादहम्	चलितः अस्मि आसनात् अहम्
segment: निष्क्रान्तो हनुमान्)	निष्क्रान्तः हनुमान्)
segment: एवेति	एव इति
segment: प्रामाणिकगौरवस्यादोषत्वादिति	प्रामाणिकगौरवस्यादोषत्वात् इति
segment: मृणालवदुत्पाटिताः	मृणालवत् उत्पाटिताः
segment: त्वन्येन--ख	तु अन्येन--ख
segment: कथं कथं	कथम् कथम्
segment: तत्त्वज्ञानबलात्प्रारब्धान्य	तत्त्वज्ञानबलात् प्रारब्ध अन्य
segment: किं युक्तं	किम् युक्तम्
segment: .ज्ञानस्यामुदयात्-ख	.ज्ञानस्य अनुदयात्-ख
segment: तादृश-श्रुतेरप्यर्थवादत्वाङ्गीकारे	तादृशश्रुतेः अपि अर्थवादत्व अङ्गीकारे
segment: नानुमितिप्रतिबन्धकम्	न अनुमितिप्रतिबन्धकम्
segment: जनश्चौर्ये	जनः चौर्ये
segment: एष दुःशासनो	एषः दुःशासनः
segment: क्षत्रियाणामिति	क्षत्रियाणाम् इति
segment: कार्यं करोतीत्याशङ्क्य	कार्यम् करोति इति आशङ्क्य
segment: जातिव्याप्यचरमत्वस्यैव	गोवधजन्यतावच्छेदकजातिव्याप्यचरमत्वस्य एव
segment: [को नु	[कः नु
segment: संभवेनाज्ञाननाशस्य	संभवेन अज्ञाननाशस्य
segment: विभीषणस्तावदाहूयताम्	विभीषणः तावत् आहूयताम्
segment: पञ्चकार्यकारणभावापेक्षया	पञ्चकार्यकारणभाव अपेक्षया
segment: भोगान्नाशे	भोगात् नाशे
segment: सशब्दोऽयं	सशब्दः अयम्
segment: स्वमीश्वरं	स्वम् ईश्वरं
segment: तिष्ठेद् धनं	तिष्ठेत् धनं
segment: इदमपि	इदम् अपि
segment: कथमाशीर्वचनमिति	कथम् आशीर्वचनम् इति
segment: त्वदागमनादेव	त्वदागमनात् एव
segment: घटात्वादिमत्त्वमादाय	घटात्वादिमत्त्वम् आदाय
segment: वेदानुवचनेन	वेद अनुवचनेन
segment: तद् विभज्यताम्	तत् विभज्यताम्
segment: पतन्त्येते	पतन्ति एते
segment: .व्यावृत्तस्वरूपमुपयव्यावृत्तत्वमेकत्र-क	.व्यावृत्तस्वरूपम् उभयव्यावृत्तत्वम् एकत्र-क
segment: इतस्तावत्	इतः तावत्
segment: तदवाच्छिन्नं प्रति	तदवच्छिन्नम् प्रति
segment: द्वेषविषयाभावत्वात्	दुःखजनकाभावस्य अपि
segment: परित्यजन्तीव	परित्यजन्ति इव
segment: भोगान्नाश	भोगात् नाश
segment: तद्दर्शनदशायामपि	तद्दर्शनदशायाम् अपि
segment: किं नु	किम् नु
segment: प्रहृतं नरेन्द्रैः	प्रहृतम् नरेन्द्रैः
segment: तद्भिन्नत्वं वेत्यत्र	तद्भिन्नत्वम् वेति अत्र
segment: कनकं ददामि	कनकम् ददामि
segment: कथं तत्त्वज्ञानदुरितवद्भिन्न	कथम् तत्त्वज्ञानदुरितवद्भिन्न
segment: राज्यमाशङ्के	राज्यम् आशङ्के
segment: द्वितीयापत्तिरिति	द्वितीयापत्तिः इति
segment: चेति	च इति
segment: तत्त्वज्ञानात्प्रारब्ध	तत्त्वज्ञानात् प्रारब्ध
segment: (ऊर्ध्वमवलोक्य)	(ऊर्ध्वम् अवलोक्य)
segment: यत्कृतं कर्म	यत् कृतम् कर्म
segment: लाघवतर्कसकृतोपदर्शितानुमानस्यैव	लाघवतर्कसकृत उपदर्शित अनुमानस्य एव
segment: धीरनिनदं चित्रार्पिताङ्गा	धीरनिनदम् चित्रार्पिताङ्गा
segment: ज्ञानस्यापि	ज्ञानस्य अपि
segment: कोपो रोषेण	कोपः रोषेण
segment: समुदितवरचापबाणपाणिं	समुदितवरचापबाणपाणिम्
segment: शुद्धब्रह्मविषयकमेव	शुद्धब्रह्मविषयकम् एव
segment: रक्षोवधार्थं युधि	रक्षोवधार्थम् युधि
segment: स्फुरिताधरोष्ठ-	स्फुरिताधरोष्ठः
segment: स्वर्गमद्याभिगन्तुम्	स्वर्गम् अद्य अभिगन्तुम्
segment: सौभ्रात्रं शत्रुपक्षमुपाश्रितम्	सौभ्रात्रम् शत्रुपक्षम् उपाश्रितम्
segment: जलं जलस्थानगतं	जलम् जलस्थानगतम्
segment: लिङ्गमनेन	लिङ्गम् अनेन
segment: स वाली	सः वाली
segment: पुत्रं दृष्ट्वा	पुत्रम् दृष्ट्वा
segment: क्रुद्धान्तकप्रतिमविक्रमिणो ममापि	क्रुद्धान्तकप्रतिमविक्रमिणः मम अपि
segment: साधारण्यगन्धोऽपि	असाधारण्यगन्धः अपि
segment: .विरुद्धमपीति	.विरुद्धम् अपि इति
segment: खल्वस्मि	खलु अस्मि
segment: दुःखेनात्यन्तविमुक्तश्ररतीति"	दुःखेन अत्यन्तविमुक्तश्ररति इति"
segment: तद्बोधकश्रुतेरखर्वगर्वता	तद्बोधकश्रुतेः अखर्वगर्वता
segment: को नाम	कः नाम
segment: प्रदातुं	प्रदातुम्
segment: कुर्वंस्तेजसा	कुर्वंन् तेजसा
segment: प्रतिसाधनस्यैव	प्रतिसाधनस्य एव
segment: चावश्यक्लृप्तेश्वर	च आवश्यक्लृप्तेश्वर
segment: व्यक्तं दैवगतिं	व्यक्तम् दैवगतिम्
segment: सीतां गृहीत्वा)	सीताम् गृहीत्वा)
segment: ज्ञानत्वव्याप्यत्वादिति	ज्ञानत्वव्याप्यत्वात् इति
segment: तत्त्वज्ञानहेतुत्वकल्पनं न	तत्त्वज्ञानहेतुत्वकल्पनम् न
segment: काननं	काननम्
segment: किं पुनर्वानराणाम्	किम् पुनः वानराणाम्
segment: नश्येन्न	नश्येत् न
segment: कान्तां मेरुगुहामेव	कान्ताम् मेरुगुहाम् एव
segment: विमुक्तेयं शक्तिः	विमुक्ता इयम् शक्तिः
segment: [महत्तरां भिक्षां	[महत्तराम् भिक्षाम्
segment: बाधितेऽप्यव्याप्त्यापत्तेः	बाधिते अपि अव्याप्त्यापत्तेः
segment: अदृश्यस्यापि	अदृश्यस्य अपि
segment: एवं काशीमरणजन्यमोक्षे	एवम् काशीमरणजन्यमोक्षे
segment: अच्छिन्नमासीद् द्विषतो	अच्छिन्नम् आसीत् द्विषतः
segment: सर्वविषयकज्ञानेच्छा	सर्वविषयकज्ञान इच्छा
segment: दुर्योधनो दुश्शासनः	दुर्योधनः दुश्शासनः
segment: अहमेवाह्वयामि	अहम् एव आह्वयामि
segment: प्रदत्तेयं	प्रदत्ता इयं
segment: प्रेषितश्चक्रपाणिना	प्रेषितः चक्रपाणिना
segment: प्रचलमहीधरं नृलोकम्	प्रचलमहीधरम् नृलोकम्
segment: स्वसमानाधिकरणदुःखप्रागभावासमानकालीनदुःखध्वंसो मोक्ष	स्वसमानाधिकरणदुःखप्रागभावासमानकालीनदुःखध्वंसः मोक्ष
segment: प्रकृतयो भवन्तमुपस्थिताः	प्रकृतयः भवन्तम् उपस्थिताः
segment: काञ्चुकीयः---यावदहमपि	काञ्चुकीयः---यावद् अहम् अपि
segment: स्त्रीस्वभावोपपन्नं	स्त्रीस्वभावोपपन्नम्
segment: कुरूणां	कुरूणाम्
segment: तस्मादेतौ	तस्मात् एतौ
segment: एष युधिष्ठिरोऽर्जुनं	एषः युधिष्ठिरः अर्जुनम्
segment: कृष्णस्योपायः	कृष्णस्य उपायः
segment: निवेद्यतां निवेद्यताम्	निवेद्यताम् निवेद्यताम्
segment: ज्ञानं प्रति	ज्ञानम् प्रति
segment: स्थिता वियति	स्थिताः वियति
segment: प्राप्ताविन्द्रं हरिहराविव	प्राप्तौ इन्द्रम् हरिहरौ इव
segment: एतावाचार्यपितामहौ	एतौ आचार्यपितामहौ
segment: .तथापि-क	.तथा अपि-क
segment: पुनर्मोक्षमाज्ञापयत्वार्यः	पुनः मोक्षम् आज्ञापयतु आर्यः
segment: ...संशयस्यापि-ख	...संशयस्य अपि-ख
segment: श्रुतिबलादपि	श्रुतिबलात् अपि
segment: शाब्दबोधेपरोक्षत्वस्वीकारे	शाब्दबोधे अपरोक्षत्वस्वीकारे
segment: तदधीनसान्यतदभावप्रतियोगिकव्यतिरेकव्याप्ति.द्वयाग्रहस्तदातिव्याप्तिः	तदधीनसान्यतदभावप्रतियोगिकव्यतिरेकव्याप्तिद्वयाग्रहः तदतिव्याप्तिः
segment: साक्षान्मुक्तिहेतुत्वप्रतिपादनादिति चेन्मैवम्	चेत् म एवम्
segment: मत्पुत्रदोषात्कृपणीकृतोऽस्मि	मत्पुत्रदोषात् कृपणीकृतः अस्मि
segment: सावशेषमिव	सावशेषम् इव
segment: राघवं तं	राघवम् तम्
segment: अपीतत्वानुमितावपि	अपीतत्वानुमितौ अपि
segment: तथात्वेनाभिमतत्वात्	तथात्वेन अभिमतत्वात्
segment: जडो ज्ञेयो	जडः ज्ञेयः
segment: एवाभिवर्तते	एव अभिवर्तते
segment: विशेषणान्न	विशेषणात् न
segment: वेदान्तिनां द्वैतवादापत्तेरिति	वेदान्तिनाम् द्वैतवाद आपत्तेः इति
segment: मामयं सक्तसायकम्	माम् अयम् सक्तसायकम्
segment: संस्कारनाशकत्वावच्छिन्नं प्रति	संस्कारनाशकत्वावच्छिन्नम् प्रति
segment: स कथं	सः कथं
segment: यथैव	यथा एव
segment: काशीमरणन्मुक्तिरिति	काशीमरणन् मुक्तिः इति
segment: क्रियतामस्य	क्रियताम् अस्य
segment: रिपुसमरविमर्दं वृन्दमेतद्ददामि	रिपुसमरविमर्दम् वृन्दम् एतत् ददामि
segment: मुहूर्तकमारोहामि	मुहूर्तकम् आरोहामि
segment: मत्कार्मुकोदरविनिःसृतबाणजालै-	मत्कार्मुकोदरविनिःसृतबाणजालैः
segment: मत्सायकान्निहतभिन्नविकीर्णदेहं	मत्सायकात् निहतभिन्नविकीर्णदेहं
segment: स्वच्छन्दमृत्युर्निहतो हि	स्वच्छन्दमृत्युः निहतः हि
segment: .तद्विशेषत्वमेवेति-ख	.तद्विशेषत्वम् एव इति-ख
segment: विदित्वैवेति	विदित्व एव इति
segment: दारापहरणं कृतम्	दारापहरणम् कृतम्
segment: मोक्षाभिन्नसाक्षात्कारविषय	इति अर्थकतया
segment: अनशनपरितप्तं पाण्डु	अनशनपरितप्तम् पाण्डु
segment: ज्वलनाद् वर्धितप्रभा	ज्वलनात् वर्धितप्रभा
segment: गौरवं दृष्परिहमेव	गौरवम् दृष्परिहम् एव
segment: रावणः---कुमारो हि	रावणः---कुमारः हि
segment: दुश्शासनो व्याहरति	दुश्शासनः व्याहरति
segment: यावदवतरामि	यावत् अवतरामि
segment: ...व्यावृत्तत्वस्योभय-ख	...व्यावृत्तत्वस्य उभय-ख
segment: एष हि	एषः हि
segment: तत्सम्बन्धाभावेन	तत् सम्बन्धभावेन
segment: रिपवो निरस्ताः	रिपवः निरस्ताः
segment: .तस्मादुभयव्यावृत्तग्रहसामग्रीत्वेन	.तस्मात् उभयव्यावृत्तग्रहसामग्रीत्वेन
segment: सिद्धसाधनस्यादोषतया	सिद्धसाधनस्य अदोषतया
segment: विद्वच्छ्रद्धालवोऽपि	विद्वच्छ्रद्धालवः अपि
segment: वीरशिवाजितुल्यास्ते	वीरशिवाजितुल्याः ते
segment: महानेष	महान् एष
segment: स कितवं	सः कितवः
segment: तथाप्यभावस्य	तथापि अभावस्य
segment: वानरवाहिनीति	वानरवाहिनी इति
segment: सुनिर्लज्जो वक्तुमिच्छसि	सुनिर्लज्जः वक्तुम् इच्छसि
segment: पार्थिवैर्भूमिश्चागतसंभ्रमेव	पार्थिवैः भूमिः चागतसंभ्रमा इव
segment: तद्वत्त्वरूपं	तद्वत् तु अरूपं
segment: ननुपदर्शितरीत्या	ननु उपदर्शितरीत्या
segment: वैधव्यमादिष्टम्)	वैधव्यम् आदिष्टम्)
segment: पाशैर्बध्नामि	पाशैः बध्नामि
segment: प्रस्थितो नागकेतुः	प्रस्थितः नागकेतुः
segment: तत्रापि	तत्र अपि
segment: नयनान्यालोक्य	नयनानि आलोक्य
segment: अत्युद्धूतो वायुः	अत्युद्धूतः वायुः
segment: नेच्छति	न इच्छति
segment: विद्यतेयनायेति	विद्यते अयनायेति
segment: युक्तं भोः	युक्तम् भोः
segment: [गोसहस्रमिति	[गोसहस्रम् इति
segment: कस्यचिद् वस्तु	कस्यचित् वस्तु
segment: गोवधजन्यतावच्छेदकजातेर्नानात्वान्न	गोवधजन्यतावच्छेदकजातेः नानात्वात् न
segment: अद्यापि	अद्य अपि
segment: नीलः---यदाज्ञापयति	नीलः---यद् आज्ञापयति
segment: अयमस्मि	अयम् अस्मि
segment: किन्त्वज्ञाननिवृत्तित्वमेव	किन्तु अज्ञाननिवृत्तित्वम् एव
segment: किमेतद्]	किम् एतत्]
segment: मनो वाणी	मनः वाणी
segment: कस्याद्य	कस्य अद्य
segment: अतोऽप्यधीयताम्	अतः अपि अधीयताम्
segment: भगवदायुधवरं शार्ङ्गं	भगवदायुधवरम् शार्ङ्गम्
segment: पुरुषोत्तमो नारायणः	पुरुषोत्तमः नारायणः
segment: निर्देशान्यथानुपपत्तेरेव	निर्देशान्यथा अनुपपत्तेः एव
segment: सर्वमवदातम्	सर्वम् अवदातम्
segment: कथं ते	कथम् ते
segment: गतं नार्हति	गतम् न अर्हति
segment: पूर्वोपस्थितेश्वरस्यैवोपस्थापनात्	पूर्वोपस्थितेश्वरस्य एव उपस्थापनात्
segment: नित्यसमवेतत्वमात्रं वा	नित्यसमवेतत्वमात्रम् वा
segment: प्रत्यपि	प्रति अपि
segment: ...व्यावृत्तत्वेऽपि-क	...व्यावृत्तत्वे अपि-क
segment: शशाङ्कं	शशाङ्कम्
segment: नान्यथासिद्धत्वेन	न अन्यथासिद्धत्वेन
segment: कस्तावन्मुक्तिजनकस्तत्त्वज्ञानपदार्थः	कः तावत् मुक्तिजनकः तत्त्वज्ञानपदार्थः
segment: मिलत्यच्छम्	मिलति अच्छम्
segment: तद्‌गुणाकृष्टहृदया	तत् गुणाकृष्टहृदया
segment: .तत्प्रतिबन्धकत्वाविशेषादिति	.तत्प्रतिबन्धकत्वाविशेषात् इति
segment: स्वयं ग्रहणमापन्नो	स्वयम् ग्रहणम् आपन्नः
segment: दैत्यकुलच्युतेव	दैत्यकुलच्युता इव
segment: भटः---चितारोहणं किल	भटः---चितारोहणम् किल
segment: सुग्रीवः---यदाज्ञापयति	सुग्रीवः---यद् आज्ञापयति
segment: परप्रत्यक्षापत्तिः	परप्रत्यक्ष आपत्तिः
segment: रणोत्सवमिमं सहसा	रणोत्सवम् इमम् सहसा
segment: किमिति	किम् इति
segment: इयमियं लङ्का	इयम् इयम् लङ्का
segment: ह्यार्या	हि आर्या
segment: शंकास्पदमपि	शंकास्पदम् अपि
segment: सुग्रीवः---यदाज्ञापयति	सुग्रीवः---यत् आज्ञापयति
segment: रजनिचरवरं निहत्य	रजनिचरवरम् निहत्य
segment: निवेशनमुभयमतसिद्धम्	निवेशनम् उभयमतसिद्धम्
segment: केवलं द्विजवरो	केवलम् द्विजवरः
segment: कुमारोऽभिमन्युः	कुमारः अभिमन्युः
segment: कार्यं तथा	कार्यम् तथा
segment: दीयतां मे	दीयताम् मे
segment: शौर्यं नयानुगामिनाम्	शौर्यम् नयानुगामिनाम्
segment: नास्त इति	न आस्ते इति
segment: वानरस्वभावा न	वानरस्वभावाः न
segment: साध्याभाववत्त्वमेव	साध्याभाववत्त्वम् एव
segment: शलभ इवाशु	शलभः इव आशु
segment: हनूमान्---अयमस्मि	हनूमान्---अयम् अस्मि
segment: तद्विरोधेनानुमानस्यैव	तद्विरोधेन अनुमानस्य एव
segment: मेरुमन्दरकुलं परिवर्तयामि	मेरुमन्दरकुलम् परिवर्तयामि
segment: पूर्ववदेव	पूर्ववत् एव
segment: एतच्चर्मासनम्	एतत् चर्मासनम्
segment: पदयात्रया तयोः	पदयात्रायाः तयोः
segment: व्यक्तं मातलिना	व्यक्तम् मातलिना
segment: वृत्तिमतो धर्मस्यान्यतरवृत्तित्वनियमेन	वृत्तिमतः धर्मस्य अन्यतरवृत्तित्वनियमेन
segment: सर्वो भवति	सर्वः भवति
segment: पायादुपायशतयुक्तिकरः	पायात् उपायशतयुक्तिकरः
segment: यथार्थत्वाच्च	यथार्थत्वात् च
segment: गच्छामस्तावत्	गच्छामः तावत्
segment: स्वैरमासतां भवन्तः	स्वैरम् आसताम् भवन्तः
segment: तमेतं '	तम् एतम् '
segment: तदागम्यताम्	तत् आगम्यताम्
segment: पुनर्ज्ञायते	पुनः ज्ञायते
segment: एतदासनमास्यताम्	एतत् आसनम् आस्यताम्
segment: उत्कर्णस्तिमिताञ्चिताक्षवलितग्रीवार्पिताग्राननास्तिष्ठन्त्यश्ववशाङ्गयष्टि	उत्कर्णस्तिमिताञ्चिताक्षवलितग्रीवार्पिताग्राननाः तिष्ठन्ति अश्ववशाङ्गयष्टि
segment: किं करिष्यामि]	किम् करिष्यामि]
segment: योग्यादृष्टजनकं	योग्य अदृष्टजनकम्
segment: मुष्टिप्रहारैर्हताः	मुष्टिप्रहारैः हताः
segment: मज्जमानमकार्येषु	मज्जमानम् अकार्येषु
segment: एवमपि	एवम् अपि
segment: खल्वार्यस्य	खलु आर्यस्य
segment: सत्यधर्मघृणायुक्तो द्यूतविभ्रष्टचेतनः	सत्यधर्मघृणायुक्तः द्यूतविभ्रष्टचेतनः
segment: सपक्षगामित्व.सहकृततदुपाधिसत्त्वमेव	सपक्षगामित्वसहकृततदुपाधिसत्त्वम् एव
segment: प्रमाणसद्भावेपि	प्रमाणसद्भावे अपि
segment: हेतुतास्त्विति	हेतुता अस्ति इति
segment: सहसोत्थितः	सहसा उत्थितः
segment: कर्तव्यो भ्रातृषु	कर्तव्यः भ्रातृषु
segment: रामं त्वया	रामम् त्वया
segment: सप्रभ इव	सप्रभः इव
segment: तदपेक्षितमित्यङ्गीकारात्	तदपेक्षितम् इति अङ्गीकारात्
segment: साक्षाद्विषयता	साक्षात् विषयता
segment: ततस्तर्हि	ततः तर्हि
segment: शङ्कुकर्णः---ततस्तानभिद्रुतान्	शङ्कुकर्णः---ततः तान् अभिद्रुतान्
segment: नृपाणां शिबिरोपरोधम्	नृपाणाम् शिबिरोपरोधम्
segment: शब्देऽपि	शब्दे अपि
segment: प्रलयसागरघोषतुल्यं	प्रलयसागरघोषतुल्यम्
segment: सामान्यत इष्टापत्तिः	सामान्यतः इष्टापत्तिः
segment: सुप्रवेशं करोमि	सुप्रवेशम् करोमि
segment: प्रहरतां	प्रहरताम्
segment: नोचिता	न उचिता
segment: स्वर्गं जित्वा	स्वर्गम् जित्वा
segment: स्वनिलयमेव	स्वनिलयम् एव
segment: मां भामिनि	माम् भामिनि
segment: शङ्कुकर्णः---यदाज्ञापयति	शङ्कुकर्णः---यद् आज्ञापयति
segment: सर्वेश्वरोऽपि	सर्वेश्वरः अपि
segment: मग्नेयं हि	मग्ना इयम् हि
segment: स्फीतमेतत्	स्फीतम् एतत्
segment: मुक्तिं प्रति	मुक्तिम् प्रति
segment: स किं	सः किं
segment: (अधो विलोक्य)	(अधः विलोक्य)
segment: राक्षसराजभवनमानीतानिष्टान्यनर्हाणि	राक्षसराजभवनम् आनीता अनिष्टानि अनर्हाणि
segment: साक्षात्कारापत्तिरिति	साक्षात्कारापत्तिः इति
segment: अप्रसिद्धान्तापाताच्च	अप्रसिद्धान्तापातात् च
segment: करणावच्छिन्नचैतन्यबोधकत्वं पदादेः	करणावच्छिन्नचैतन्यबोधकत्वम् पदादेः
segment: कृताभिषेको रामः	कृताभिषेकः रामः
segment: लाघवेनापाकर्तुमशक्यत्वात्	लाघवेन अपाकर्तुम् अशक्यत्वात्
segment: (रथारोहणं नाटयतः)	(रथारोहणम् नाटयतः)
segment: [प्रेषितोऽस्मि	[प्रेषितः अस्मि
segment: चैकपक्षधर्मताविषयत्वेनेति	च एकपक्षधर्मताविषयत्वेन इति
segment: किमत्रावगन्तव्यम्	किम् अत्र अवगन्तव्यम्
segment: एवागमबाधितोदाहरण.मिदमित्यग्रे	एव आगमबाधितोदाहरणम् इदम् इति अग्रे
segment: नौर्विपन्ना	नौः विपन्ना
segment: यन्नियतं	यत्‌ नियतं
segment: तं पश्य	तम् पश्य
segment: प्रवेश्यतां विभीषणः	प्रवेश्यताम् विभीषणः
segment: ज्ञानेच्छयोरङ्गीकारस्य	ज्ञानेच्छयोः अङ्गीकारस्य
segment: पक्षतावच्छेदकावच्छेदेन	पक्षतावच्छेदका अवच्छेदेन
segment: वेदोपि	वेदः अपि
segment: चात्र	च अत्र
segment: श्रावितं पार्थकर्मेदमहो	श्रावितम् पार्थकर्म इदम् अहो
segment: व्यायामोष्णं गृह्य	व्यायामोष्णम् गृह्य
segment: तवाधुना	तव अधुना
segment: तदिति	तत् इति
segment: चाद्य	च अद्य
segment: अयं खलु	अयम् खलु
segment: तद् मलिनं	तत् मलिनं
segment: अलमात्मस्तवेन	अलम् आत्मस्तवेन
segment: चिरं स्वैर्दुष्कृतैर्जीवितम्	चिरम् स्वैः दुष्कृतैः जीवितम्
segment: चारुविद्युल्लतेव	चारुविद्युल्लता इव
segment: व्याघातोपि	व्याघातः अपि
segment: किञ्चिद् भीत	किञ्चित् भीतः
segment: तयोर्मानुषयोः	तयोः मानुषयोः
segment: राक्षसः---यदाज्ञापयति	राक्षसः---यद् आज्ञापयति
segment: ध्वंसत्वमपि	ध्वंसत्वम् अपि
segment: क्षत्रान्तकं मुनिवरं	क्षत्रान्तकम् मुनिवरम्
segment: परचक्रं प्रशाम्यतु	परचक्रम् प्रशाम्यतु
segment: [अनिष्टान्यनर्हाण्यनिमित्तानीदानीं कुर्वतो	[अनिष्टानि अनर्हाणि अनिमित्तानि इदानीम् कुर्वतः
segment: चैवमेवेति	च एवम् इति
segment: दुःखासमानकालीनत्वविशेषणोपादानेनैव	दुःखासमानकालीनत्वविशेषण उपादानेन एव
segment: गुरुर्वनभ्रमणपरिश्रमान्मदङ्के	गुरुः वनभ्रमणपरिश्रमात् मदङ्के
segment: मतेपि	मते अपि
segment: अनार्यशतस्योत्पादयिता	अनार्यशतस्य उत्पादयिता
segment: 'अत्यन्तासत्यपि	'अत्यन्तासति अपि
segment: कंसं प्रति	कंसम् प्रति
segment: बहिर्निःसृतम्	बहिः निःसृतम्
segment: क्षयो वा	क्षयः वा
segment: ग्रन्थार्थमाह-ग.	ग्रन्थार्थम् आह-ग.
segment: को दोषो	कः दोषः
segment: चेदत्र	चेत् अत्र
segment: अद्यैव	अद्य एव
segment: श्वेतोऽभवत्	श्वेतः अभवत्
segment: द्वितीयः---उपस्थितं मातलिं	द्वितीयः---उपस्थितम् मातलिम्
segment: जातिर्द्विविधा	जातिः द्विविधा
segment: नववाक्यवादिञ्छृणोमि	नववाक्यवादिन् शृणोमि
segment: एवं क्रियताम्	एवम् क्रियताम्
segment: कार्यकारणभावानन्त्यप्रयुक्तगौरवं भाट्टमते	कार्यकारणभावानन्त्यप्रयुक्तगौरवम् भाट्टमते
segment: गृह्णात्वार्यपुत्रः	गृह्णातु आर्यपुत्रः
segment: स दारनिस्पृहः	सः दारनिस्पृहः
segment: वक्तुं किमेवमुचितं	वक्तुम् किम् एवम् उचितम्
segment: (ससम्भ्रमं राममुपगम्य)	(ससम्भ्रमम् रामम् उपगम्य)
segment: कोटावव्यवहितोत्तरत्वं निवेशनीयम्	कोटौ अव्यवहितोत्तरत्वम् निवेशनीयम्
segment: केनचिद् वानरेण	केनचित् वानरेण
segment: एवं ब्रह्मवधजन्यतावच्छेदक	एवम् ब्रह्मवधजन्यतावच्छेदक
segment: सद्धेतावसाधारणेऽपि	सद्धेतौ असाधारणे अपि
segment: तत्त्वज्ञानं विनापि	तत्त्वज्ञानम् विनापि
segment: कोऽप्यन्तः	कोऽपि अन्तः
segment: पक्षताविरहपर्यवसन्नस्यार्थान्तरत्वेनैवोद्भावनमिति	पक्षताविरहपर्यवसन्नस्य अर्थान्तरत्वेन एव उद्भावनम् इति
segment: खल्ववस्था	खलु अवस्था
segment: .तच्च	.तत् च
segment: किं कि	किम् किम्
segment: गजेन्द्रोऽङ्कुशशङ्कितो बलिम्	गजेन्द्रः अङ्कुशशङ्कितः बलिम्
segment: विष्णुर्भवान्	विष्णुः भवान्
segment: लक्षणायानुभयवादिसिद्धत्वादिति	लक्षणायानुभयवादिसिद्धत्वात् इति
segment: संबन्धाङ्गीकरणान्तरालिक	संबन्ध अङ्गीकरण अन्तरालिक
segment: नित्यसुखाभिव्यक्तेर्मुक्तित्व	नित्यसुखाभिव्यक्तेः मुक्तित्व
segment: को नु	कः नु
segment: एवाभिवर्तते	एव अभिवर्तते
segment: तद् अपि	तत् अपि
segment: कर्ण एव	कर्णः एव
segment: विभीषणः---अभयं दातुमर्हति	विभीषणः---अभयम् दातुम् अर्हति
segment: महाराजो लङ्केश्वर	महाराजः लङ्केश्वरः
segment: किं ते	किम् ते
segment: पुरन्दरेणानुगृहीतोऽसि	पुरन्दरेण अनुगृहीतः असि
segment: बहिर्वृक्षोपरि	बहिः वृक्षोपरि
segment: प्रागपि	प्राक् अपि
segment: .तद्गोचर-क	.तत् गोचर-क
segment: तच्च	तत् च
segment: वायुमार्गं प्रयासि	वायुमार्गम् प्रयासि
segment: संशय इति	संशयः इति
segment: कुलविग्रहो भविष्यतीति	कुलविग्रहः भविष्यति इति
segment: शरीरं	शरीरम्
segment: तथैव	तथा एव
segment: एवास्ति	एव अस्ति
segment: सुहृद् पूर्वम्	सुहृत् पूर्वम्
segment: विरुद्धस्येति	विरुद्धस्य इति
segment: दुरितवद्भिन्नदुरितध्वंसत्वं तत्तद्दुरितध्वंसत्व	दुरितवद्भिन्नदुरितध्वंसत्वम् तत्तत् दुरितध्वंसत्व
segment: अयमार्यां	अयम् आर्यां
segment: क्रमलब्धशोभनो	क्रमलब्धशोभनः
segment: गौरवसंभवाच्चेति	गौरवसंभवात् चेति
segment: पणोऽत्र	पणः अत्र
segment: तत्रासीत्	तत्र आसीत्
segment: शाब्दबोधस्तस्यैवापरोक्षत्वमङ्गीकृत्य	शाब्दबोधः तस्य एव अपरोक्षत्वम् अङ्गीकृत्य
segment: हेत्वाभासपदवाच्य इति	हेत्वाभासपदवाच्यः इति
segment: मदसरितकपोलं षट्पदैः	मदसरितकपोलम् षट्पदैः
segment: यतो जातो	यतः जातः
segment: कथं वा	कथम् वा
segment: (शरं मुक्त्वा)	(शरम् मुक्त्वा)
segment: त्रैलोक्यनाथो भगवांश्चक्रायुधः	त्रैलोक्यनाथः भगवान् चक्रायुधः
segment: लक्ष्मणः---जयत्वार्यः	लक्ष्मणः---जयतु आर्यः
segment: .तद्विशेषत्वमेवोचितमिति	.तद्विशेषत्वम् एव उचितम् इति
segment: योगाभ्यासादिना	योगाभ्यास आदिना
segment: (विश्वरूपमास्थितः)	(विश्वरूपम् आस्थितः)
segment: समधिगतनदीसहस्रबाहुर्हरिरिव	समधिगतनदीसहस्रबाहुः हरिः इव
segment: पक्षीयव्यभिचारसंशयो न	पक्षीयव्यभिचारसंशयः न
segment: गाढं परिज्ञाय	गाढम् परिज्ञाय
segment: गतोऽसि	गतः असि
segment: क एष	कः एषः
segment: भर्तर्यत्र	भर्तरि अत्र
segment: जनस्यादृष्टपूर्वोऽयं संभ्रमः	जनस्य अदृष्टपूर्वः अयम् संभ्रमः
segment: मानुषेऽस्मिन्	मानुषे अस्मिन्
segment: नापि	न अपि
segment: षष्ठोऽङ्कः	षष्ठः अङ्कः
segment: नानाकार्यसमुद्विग्नो	नानाकार्यसमुद्विग्नः
segment: त्वं दुर्निवारैः	त्वम् दुर्निवारैः
segment: वेदव्यासो गणेशेन	वेदव्यासः गणेशेन
segment: कवचकुण्डलग्रहणाज्जनितपश्चात्तापेन	कवचकुण्डलग्रहणात् जनितपश्चात्तापेन
segment: इमां गृह्णीष्व	इमाम् गृह्णीष्व
segment: स भवेद्धनञ्जयो	सः भवेत् धनञ्जयः
segment: एवं शोचन्तमार्यपुत्रं	एवम् शोचन्तम् आर्यपुत्रम्
segment: प्रशान्तरोषो भगवान्	प्रशान्तरोषः भगवान्
segment: सद्गुणः	सत् गुणः
segment: शरवरपरिवीतं शान्तवेगं	शरवरपरिवीतम् शान्तवेगम्
segment: अलं बन्धुजने	अलम् बन्धुजने
segment: मित्रातनयत्वादित्यत्र	मित्रातनयत्वात् इति अत्र
segment: त्वमपि	त्वम् अपि
segment: पृच्छास्त्रैः	पृच्छ अस्त्रैः
segment: सोकामयत	सः अकामयत
segment: मत्यैव	मत्या एव
segment: वृत्तान्तं श्रोतुम्	वृत्तान्तम् श्रोतुम्
segment: विपक्षव्यावृत्तत्वांशो दोषत्वेन	विपक्षव्यावृत्तत्वांशः दोषत्वेन
segment: सद्धेतावतिव्याप्तिः	सद्धेतौ अतिव्याप्तिः
segment: तत्त्वज्ञानं	तत्त्वज्ञानम् विनापि
segment: नित्यमुद्यतशासनम्	नित्यम् उद्यतशासनम्
segment: व्याप्तेरज्ञानादज्ञानरूपासिद्धिमात्रयोगितया	व्याप्तेः अज्ञानात् ज्ञानरूपासिद्धिमात्रयोगितया
segment: किमनया	किम् अनया
segment: पक्षीयव्यभिचारसंशयान्न	पक्षीयव्यभिचारसंशयात् न
segment: प्रारब्धकर्मणां भोगान्नाशे	प्रारब्धकर्मणाम् भोगात् नाशे
segment: स्वार्थाद् विज्ञाप्यते	स्वार्थात् विज्ञाप्यते
segment: बलवानपि	बलवान् अपि
segment: व्यथितस्तवात्मा	व्यथितः तव आत्मा
segment: दोष इति	दोषः इति
segment: वृत्तिप्रयत्नवदात्मसंयोगस्य	वृत्तिप्रयत्नवत् आत्मसंयोगस्य
segment: श्रियं च	श्रियम् च
segment: यो व्यभिचारसंशयः	यः व्यभिचारसंशयः
segment: इत इतः	इतः इतः
segment: शरवरपरिपीततीव्रबाणं	शरवरपरिपीततीव्रबाणम्
segment: यथार्थत्वमननुगतमिति	यथार्थत्वम् अननुगतम् इति
segment: सत्प्रतिपक्षविशेषतापत्तेश्च	सत्प्रतिपक्षविशेषतापत्तेः च
segment: एतामवस्थां प्रापितो	एताम् अवस्थाम् प्रापितः
segment: वोपाधिरित्यपि	वा उपाधिः इति अपि
segment: वरशरणमुपेहि	वरशरणम् उपेहि
segment: तद्वतोऽप्रसिद्धेः	तद्वतः अप्रसिद्धेः
segment: वृन्दमेतद्ददामि	वृन्दम् एतत् ददामि
segment: घटोत्कचो यदुपतेर्वाक्यं	घटोत्कचः यदुपतेः वाक्यम्
segment: वैराग्निर्बालेष्वपि	वैराग्निः बालेषु अपि
segment: यान्तो ममैते	यान्तः मम एते
segment: शक्रजिच्चापि	शक्रजित् च अपि
segment: पाण्डवेष्वेकपुरुषवधार्थममोघमस्त्रं विमला	पाण्डवेषु एकपुरुषवधार्थम् अमोघम् अस्त्रम् विमला
segment: प्रियमुपहरामि	प्रियम् उपहरामि
segment: चेष्टात्वावच्छिन्नं प्रति	चेष्टात्वावच्छिन्नम् प्रति
segment: चासाधाररण्यं	च असाधाररण्यं
segment: यावदहमपि	यावद् अहम् अपि
segment: बहूनां समवेतानामेकस्मिन्निर्घृणात्मनाम्	बहूनाम् समवेतानाम् एकस्मिन् निर्घृणात्मनाम्
segment: .साध्याधिकरणभिन्नाधिकरणवृत्तिसाध्याभावसामानाधिकरण्यमिति	.साध्याधिकरणभिन्नाधिकरणवृत्तिसाध्याभावसामानाधिकरण्यम् इति
segment: यस्यां भयात्	यस्याम् भयात्
segment: कवचं सह	कवचम् सह
segment: गौरवाच्च	गौरवात् च
segment: पृथिवीत्वापरपर्यायस्य	पृथिवीत्व अपरपर्यायस्य
segment: व्यर्थविशेषणत्वमिति	व्यर्थविशेषणत्वम् इति
segment: हनूमान्---एवं विधेन	हनूमान्---एवम् विधेन
segment: को हि	कः हि
segment: ज्वलनमिहाशु	ज्वलनम् इह आशु
segment: अयं महाराजो	अयम् महाराजः
segment: दुष्परिहरमेवेत्यधिकं सूक्ष्मार्थदर्शिभिः	दुष्परिहरम् एव इति अधिकम् सूक्ष्म अर्थदर्शिभिः
segment: जीवानां	जीवानाम्
segment: विभीषणः---यदाज्ञापयति	विभीषणः---यद् आज्ञापयति
segment: चण्डानिलैश्च	चण्डानिलैः च
segment: तद् एतद्	तत् एतत्
segment: यान्त्यर्जुनप्रत्यभियानभीता	यान्ति अर्जुनप्रत्यभियानभीताः
segment: स कृष्णः	सः कृष्णः
segment: रोषं परिगृह्य	रोषम् परिगृह्य
segment: तद्वलात्तदा	तद्वलात् तदा
segment: सहैव	सह एव
segment: शरीराजन्यत्वादित्यादिना	शरीराजन्यत्वात् इति आदिना
segment: साक्षत्कारस्यैव	साक्षत्कारस्य एव
segment: समुत्पन्नो राधेय	समुत्पन्नः राधेयः
segment: प्रशान्तं	प्रशान्तम्
segment: यान्तं हरिमृक्षगणेश्वरम्	यान्तम् हरिम् ऋक्षगणेश्वरम्
segment: तुल्यदोषयोरहमेव	तुल्यदोषयोः अहम् एव
segment: रामेणेति	रामेण इति
segment: महद् दुःखं	महत् दुःखम्
segment: कर्तुमिच्छति	कर्तुम् इच्छति
segment: काञ्चुकीयः---भो भोः	काञ्चुकीयः---भोः भोः
segment: कुलस्यास्य	कुलस्य अस्य
segment: राजंस्त्वद्दर्शनविकल्मषः	राजन् त्वद्दर्शनविकल्मषः
segment: काञ्चुकीयः---अनुगृहीतोऽस्मि	काञ्चुकीयः---अनुगृहीतः अस्मि
segment: वारणानामनेकं	वारणानाम् अनेकम्
segment: खल्विदम्	खलु इदम्
segment: गोचरापरोक्षज्ञानचिकीर्षासमानाधिकरणकृतिजन्यत्वरूपस्य	गोचर अपरोक्षज्ञानचिकीर्षासमानाधिकरणकृतिजन्यत्वरूपस्य
segment: शल्यः---ममाप्यस्ति	शल्यः---मम अपि अस्ति
segment: .प्रत्यक्षाप्रतिबन्धकत्वादिति	प्रत्यक्षाप्रतिबन्धकत्वात् इति
segment: क्षित्यादिकमकर्तृकं शरीराजन्यत्वादित्यादिना	क्षिति आदिकमकर्तृकम् शरीराजन्यत्वात् इति आदिना
segment: श्यामोऽयमिति	श्यामः अयम् इति
segment: किलानेन	किल अनेन
segment: पुनर्दुवारत्वादिति	पुनः दुवारत्वात् इति
segment: रणो महान्	रणः महान्
segment: कस्यचिद् ब्राह्मणस्य	कस्यचित् ब्राह्मणस्य
segment: साध्येति	साध्ये इति
segment: छलैर्हत्वा	छलैः हत्वा
segment: एतां मेऽवस्थां	एताम् मे अवस्थाम्
segment: यैषा	या एषा
segment: ज्ञानेऽपि	ज्ञाने अपि
segment: घटत्वं घटत्वाद्यवच्छिन्नं	घटत्वम् घटत्वादि अवच्छिन्नम्
segment: अयं भगवान्	अयम् भगवान्
segment: वृत्तान्त आर्यपुत्रस्य]	वृत्तान्तः आर्यपुत्रस्य]
segment: करोत्यपाङ्गविक्षेपैः	करोति अपाङ्गविक्षेपैः
segment: द्रौपदीं दृष्ट्वा	द्रौपदीम् दृष्ट्वा
segment: कथमशक्ताः	कथम् अशक्ताः
segment: तन्नीडं	तत् नीडं
segment: महाराजो दुर्योधनः	महाराजः दुर्योधनः
segment: नातिव्याप्तिः	न अतिव्याप्तिः
segment: प्रथमः---एष हि	प्रथमः---एषः हि
segment: दीर्घत्वं केशवस्य	दीर्घत्वम् केशवस्य
segment: धर्मो हि	धर्मः हि
segment: सदाचरणमेवैकं	सदाचरणम् एव एकं
segment: तद्विषयतया	तत् विषयतया
segment: संयोगादिरूपकारणबलादेकपुरूषस्य	संयोगादिरूपकारणबलात् एकपुरूषस्य
segment: यथाबलमद्य	यथाबलम् अद्य
segment: नराधिपशतैर्वेगागतैः	नराधिपशतैः वेगागतैः
segment: एष युधिष्ठरः	एषः युधिष्ठरः
segment: व्यभिचारसंशयतन्निश्चययोरेकं	व्यभिचारसंशयतन्निश्चययोः एकं
segment: मुखनिःसृतैर्वचोभिः	मुखनिःसृतैः वचोभिः
segment: वपुरास्थितः	वपुः आस्थितः
segment: किं न	किम् न
segment: नूनमत्यन्तमवैधव्यं न	नूनम् अत्यन्तम् अवैधव्यम् न
segment: एवं परस्परविरोधविवर्धनेन	एवम् परस्परविरोधविवर्धनेन
segment: कथं रामेणेति	कथम् रामेण इति
segment: तत्तद्व्यक्तित्वावच्छिन्नं प्रति	तत्तत् व्यक्तित्वावच्छिन्नम् प्रति
segment: धृतराष्ट्रः--शकुनिरेष	धृतराष्ट्रः--शकुनिः एष
segment: ग्रहणमस्यात्र	ग्रहणम् अस्य अत्र
segment: शाब्दबोधस्तदनन्तरं मननादितत्सहकृतमनसोत्पादितं	शाब्दबोधः तदनन्तरम् मननादितत् सहकृतमनस उत्पादितम्
segment: हेतुत्वासंभवात्	प्रायश्रित्तस्य अन्यथासिद्वत्वेन
segment: सुग्रीवः---सम्यगाह	सुग्रीवः---सम्यक् आह
segment: हृदयं भित्त्वा	हृदयम् भित्त्वा
segment: किं प्रतिपन्नं	किम् प्रतिपन्नम्
segment: करणवृत्तेर्वह्निसंबंधदशायां बह्न्यनुमितिस्तदा	करणवृत्तेः वह्निसंबंधदशायाम् वह्नि अनुमितिः तदा
segment: .विरुद्धमिति-ख	.विरुद्धम् इति-ख
segment: नूनं युधिष्ठिरपराजयकोपितात्मा	नूनम् युधिष्ठिरपराजयकोपितात्मा
segment: क्वचिच्छङ्खाकीर्णः	क्वचित् शङ्खाकीर्णः
segment: गाढमुद्वृत्तदंष्ट्रः	गाढम् उद्वृत्तदंष्ट्रः
segment: तस्मादेतादृशयुक्त्या	तस्मात् एतादृशयुक्त्या
segment: गतिर्मुक्तितत्त्वज्ञान	गतिः मुक्तितत्त्वज्ञान
segment: सन्तुष्ट ईश्वरस्तेन	सन्तुष्टः ईश्वरः तेन
segment: विवदमानोऽपि	विवदमानः अपि
segment: रामः---कथमधर्म्यः	रामः---कथम् अधर्म्यः
segment: जीवीयनित्यसुखसाक्षात्कारो वा	जीवीयनित्यसुखसाक्षात्कारः वा
segment: सुव्यक्तमालिखितोऽयं चित्रपटः	सुव्यक्तम् अलिखितः अयम् चित्रपटः
segment: अक्षयोऽस्तु	अक्षयः अस्तु
segment: शास्त्रसिद्धांतमितज्ञतापि	शास्त्रसिद्धांतम् इतज्ञत अपि
segment: कुमारं वानरमभिगच्छन्तं	कुमारम् वानरम् अभिगच्छन्तम्
segment: दैत्येन्द्रा मम	दैत्येन्द्राः मम
segment: ज्ञायतां वृत्तान्तः	ज्ञायताम् वृत्तान्तः
segment: तमेव	तम् एव
segment: पुरूषान्तरीयदुःख	पुरूष अन्तरीयदुःख
segment: जनो वेत्ति	जनः वेत्ति
segment: पार्थिवानां सुरपुरसदृशाः	पार्थिवानाम् सुरपुरसदृशाः
segment: दायाद्यमिति	दायाद्यम् इति
segment: कुमारो लक्ष्मणः	कुमारः लक्ष्मणः
segment: यक्तुं चैतत्	वक्तुम् च एतत्
segment: चैवं	च एवं
segment: किं मेरुमन्दरकुलं	किम् मेरुमन्दरकुलम्
segment: पुत्रवियोगार्तां बहुशो	पुत्रवियोगार्ताम् बहुशः
segment: कथानस्यानुपपत्तेः	कथानस्य अनुपपत्तेः
segment: नान्यः	न अन्यः
segment: नाधिगम्यते	न अधिगम्यते
segment: लक्षणव्याप्तेस्तस्य	लक्षणव्याप्तेः तस्य
segment: रिपुमीक्षमाणं	रिपुम् ईक्षमाणम्
segment: निहितबाणस्त्वामतिक्रम्य	निहितबाणः त्वाम् अतिक्रम्य
segment: शरवरपरिभिन्नसर्वगात्रं	शरवरपरिभिन्नसर्वगात्रम्
segment: खल्वसि	खलु असि
segment: तावदानन्तरीयं बलं	तावत् आनन्तरीयम् बलम्
segment: अलमलं विषादेन	अलम् अलम् विषादेन
segment: श्रुतौ	लिङ्गव्यत्यासेन आन्दपदस्य
segment: .व्याप्तिरेव	.व्याप्तिः एव
segment: कर्णभारमवसितम्	कर्णभारम् अवसितम्
segment: ह्यत्र	हि अत्र
segment: मित्रं रिपुरन्यथा	मित्रम् रिपुः अन्यथा
segment: नोद्भावनीयः	न उद्भावनीयः
segment: क्षिप्रमेव	क्षिप्रम् एव
segment: .तत्पूर्वमपि	.तत्पूर्वम् अपि
segment: गतो वाली	गतः वाली
segment: प्राप्तमिति	प्राप्तम् इति
segment: निवेद्यतां निवेद्यतां	निवेद्यताम् निवेद्यताम्
segment: क्षतिर्भवेत्	क्षतिः भवेत्
segment: परस्परजन्यतावच्छेदककोटावव्यवहितोत्तरत्वनिवेशे	परस्परजन्यतावच्छेदककोटौ अवव्यवहितोत्तरत्वनिवेशे
segment: मणिविरचितमौलिश्चारुताम्रायताक्षो	मणिविरचितमौलिः चारुताम्रायताक्षः
segment: परशुं दधानम्	परशुम् दधानम्
segment: एवमपि	एवम् अपि
segment: स किम्	सः किम्
segment: नमस्कारं कर्तुमर्हति	नमस्कारम् कर्तुम् अर्हति
segment: वयो लिङ्गं	वयः लिङ्गं
segment: व्यवसायतुष्टहृदयैस्तद्विक्रमोत्साहिभिस्तुष्टास्यैर्जितमित्यवेक्ष्य	व्यवसायतुष्टहृदयैः तद्विक्रमोत्साहिभिः तुष्टास्यैः जितम् इति अवेक्ष्य
segment: ज्याच्छेदाद् दुर्बलो	ज्याच्छेदात् दुर्बलः
segment: सतीति	सति इति
segment: खल्वन्यैः.	खलु अन्यैः.
segment: इवाशु	इव आशु
segment: दृष्टा मया	दृष्टाः मया
segment: दुरूपवादमेवेति	दुरूपवादम् एव इति
segment: पञ्चजातय	चरमत्वम् इति
segment: तद्वारणार्थं घटदिवृत्तिलौकिकविषयतासंबन्धेन	तद्वारणार्थम् घटदिवृत्तिलौकिकविषयतासंबन्धेन
segment: प्रविशत्यग्निः	प्रविशति अग्निः
segment: तद् इदानिं	तत् इदानिं
segment: सुयोधनो हि	सुयोधनः हि
segment: प्रवेशासंभवात्	प्रवेश असंभवात्
segment: भवद्विधैर्न	भवद्विधैः न
segment: परिचायकत्वेनानिवेशादिति	परिचायकत्वेन अनिवेशात् इति
segment: नभसीव	नभसि इव
segment: कठोरहृदयो जीवत्येष	कठोरहृदयः जीवति एषः
segment: तद्वत्त्वगोचरत्वं	तद्वत् तु अगोचरत्वं
segment: वा प्रायश्रित्तोत्तरकालरूपो	दुःखप्रागभावस्वरूपः वा
segment: तल्लोके	तत् लोके
segment: स्वल्पोऽपि	स्वल्पः अपि
segment: भुजगाहुतिप्रणयिनं यस्तर्पितः	भुजगाहुतिप्रणयिनम् यः तर्पितः
segment: वस्तुगतिमुक्त्वा	वस्तुगतिम् उक्त्वा
segment: व्यभिचारसंशयत्वेनैव	व्यभिचारसंशयत्वेन एव
segment: तमेवासौ	तम् एव असौ
segment: विपक्षपक्षमवलम्बसे	विपक्षपक्षम् अवलम्बसे
segment: प्रवेष्टुमर्हति	प्रवेष्टुम् अर्हति
segment: दारहरणं न	दारहरणम् न
segment: गुणास्तस्याः	गुणाः तस्याः
segment: स तु	सः तु
segment: स्वैरं वा	स्वैरम् वा
segment: प्रतिज्ञार्णवमाहवेऽद्य	प्रतिज्ञार्णवम् आहवे अद्य
segment: सन्नाहमाज्ञापय	सन्नाहम् आज्ञापय
segment: दूतवाक्यं समाप्तम्	दूतवाक्यम् समाप्तम्
segment: आनीयतां स	आनीयताम् सः
segment: श्रीरचिराद् विपत्स्यते	श्रीः अचिरात् विपत्स्यते
segment: वधूस्तर्हि	वधूः तर्हि
segment: जयद्रथो निमित्तभूतः	जयद्रथः निमित्तभूतः
segment: ग्रहणमापन्नो राक्षसेशदिदृक्षया	ग्रहणम् आपन्नः राक्षसेशदिदृक्षया
segment: प्रयत्नवदात्म	प्रयत्नवत् आत्म
segment: शत्रुपक्षमुपाश्रित्य	शत्रुपक्षम् उपाश्रित्य
segment: तादृशसाक्षात्कारं प्रति	तादृशसाक्षात्कारम् प्रति
segment: किं तर्कयति	किम् तर्कयति
segment: तद्व्याप्तज्ञानायैव	तद्व्याप्तज्ञानाय एव
segment: कार्यश्चापि	कार्यः च अपि
segment: प्रसादं प्रतिपालयत्यार्या	प्रसादम् प्रतिपालयति आर्या
segment: खल्वेतत्	खलु एतत्
segment: वार्जुनसमीपे	वा अर्जुनसमीपे
segment: सुरतुल्यविक्रमवतां स्नेहस्य	सुरतुल्यविक्रमवताम् स्नेहस्य
segment: तदुद्भावनमपीति	तत् उद्भावनम् अपि इति
segment: तत्रभवन्तं तातमभिवादयिष्यामः	तत्रभवन्तम् तातम् अभिवादयिष्यामः
segment: ब्रह्मणोपि	ब्रह्मणः अपि
segment: एवञ्च	एवम् च
segment: तस्माद्दर्शितबहुविधलाघव	तस्मात् दर्शितबहुविधलाघव
segment: तवापि	तव अपि
segment: ईश्वरात्मसाक्षात्कारस्यैव	ईश्वर आत्मसाक्षात्कारस्य एव
segment: पुरस्कृत्येत एवाभिवर्तते	पुरस्कृत्य इतः एव अभिवर्तते
segment: उपदर्शितानन्तकार्य	उपदर्शित अनन्तकार्य
segment: किमिति	किम् इति
segment: दुःखं तद्ध्वंसत्वं	दुःखम् तत् ध्वंसत्वम्
segment: अयमेव	अयम् एव
segment: कृताभिषेक-	कृताभिषेकः
segment: प्रतिबन्धकत्वमिति	प्रतिबन्धकत्वम् इति
segment: नैरर्थक्यापत्तेः	नैरर्थक्य आपत्तेः
segment: एवोक्तमाचार्यैरात्मतत्त्वविवेके	एव उक्तम् आचार्यैः आत्मतत्त्वविवेके
segment: यावदेनं पृच्छामि	यावत् एनम् पृच्छामि
segment: तद् अस्मिन्	तत् अस्मिन्
segment: तादृशप्रतीतेर्विषयः	तादृशप्रतीतेः विषयः
segment: कृतित्वेनैव	कृतित्वेन एव
segment: .तद्वृत्तित्वनिश्चयश्च	.तद्वृत्तित्वनिश्चयः च
segment: वाली---अगम्यागमनेनेति	वाली---अगम्यागमनेन इति
segment: साक्षात्कारो जीवीयनित्यसुखसाक्षात्कारो	साक्षात्कारः जीवीयनित्यसुखसाक्षात्कारः
segment: लक्ष्मणः---यदाज्ञापयत्यार्यः	लक्ष्मणः---यद् आज्ञापयति आर्यः
segment: ममाभिपीड्य	मम अभिपीड्य
segment: वाहयन्तं	वाहयन्तम्
segment: एष वाली	एषः वाली
segment: सर्वकाराच्च	सर्वकारात् च
segment: स कृष्णः	सः कृष्णः
segment: स्वभावं विमुञ्चति	स्वभावम् विमुञ्चति
segment: नोक्तापत्तिः	न उक्तापत्तिः
segment: यो नित्यानन्दस्वरूपशुद्धबुद्धात्मकचैतन्यस्वरूपात्मतः	यः नित्यानन्दस्वरूपशुद्धबुद्धात्मकचैतन्यस्वरूपात्मतः
segment: वेदोच्चारणसमये	वेद उच्चारणसमये
segment: ज्ञानमयं तपः	ज्ञानमयम् तपः
segment: अस्मिन्नेवं गते	अस्मिन् एवम् गते
segment: क्वचिदपि	क्वचित् अपि
segment: प्रयुक्तहेतोरनुकूल	प्रयुक्तहेतोः अनुकूल
segment: खिन्नाशयास्ते	खिन्नाशयाः ते
segment: चेदानीं	च इदानीं
segment: अनुभूतं महद्	अनुभूतम् महत्
segment: विपत्तावपि	विपत्तौ अपि
segment: दृष्टिविन्यासं कुर्वन्	दृष्टिविन्यासम् कुर्वन्
segment: धूम इति	धूमः इति
segment: को लाभो	कः लाभः
segment: हनुमान्---यदाज्ञापयति	हनूमान्---यत् आज्ञापयति
segment: कृतिसिद्धावपि	कृतिसिद्धौ अपि
segment: भक्तास्तथा	भक्ताः तथा
segment: चेन्नृपतित्वमाप्तुमचिरात्	चेत् नृपतित्वम् आप्तुम् अचिरात्
segment: शान्तिं गमिष्यति	शान्तिम् गमिष्यति
segment: स्यालं तव	स्यालम् तव
segment: चतुर्थोऽङ्कः	चतुर्थः अङ्कः
segment: रवितुरगसमानं साधनं	रवितुरगसमानम् साधनम्
segment: विजयो भवतु	विजयः भवतु
segment: त्रिचरणातिक्रान्तत्रिलोको नारायणः	त्रिचरणातिक्रान्तत्रिलोकः नारायणः
segment: .तत्समर्थत्वाकल्पनात्-	.तत् समर्थत्वाकल्पनात्-
segment: कण्ठग्राहविवृत्ततुङ्गनयनैर्दष्टौष्ठतीव्रैर्मुखैः	कण्ठग्राहविवृत्ततुङ्गनयनैः दष्टौष्ठतीव्रैः मुखैः
segment: वच्छिन्नस्यार्थ	वच्छिन्नस्य अर्थ
segment: राजानं दशरथं	राजानम् दशरथम्
segment: शङ्कुकर्णः--यदाज्ञापयति	शङ्कुकर्णः--यद् आज्ञापयति
segment: तस्यान्तिकम्	तस्य अन्तिकम्
segment: निद्राच्छेदभयादसह्यत	निद्राच्छेदभयात् असह्यत
segment: मां द्रष्टुम्	माम् द्रष्टुम्
segment: सत्सङ्गो न	सत्सङ्गः न
segment: परुषमभिधातुम्	परुषम् अभिधातुम्
segment: श्रुतेरिति	श्रुतेः इति
segment: युधिष्ठिरादयस्ते	युधिष्ठिरादयः ते
segment: रामः---अनुगृहीतोऽस्मि	रामः---अनुगृहीतः अस्मि
segment: नानुपपत्तिः	न अनुपपत्तिः
segment: व्याप्तिग्रहप्रतिबन्धकत्वाभावादिति	व्याप्तिग्रहप्रतिबन्धकत्वाभावात् इति
segment: अयमयमागच्छामि	अयम् अयम् आगच्छामि
segment: मामवगच्छेत्	माम् अवगच्छेत्
segment: श्रीरपि	श्रीः अपि
segment: शक्तिमुल्लालयन्तं	शक्तिम् उल्लालयन्तम्
segment: प्रथमोऽङ्कः	प्रथमः अङ्कः
segment: कर्तुं स्मरन्ति	कर्तुम् स्मरन्ति
segment: तृतीयः---एष हि	तृतीयः---एषः हि
segment: तत्त्वज्ञानबलान्न	तत्त्वज्ञानबलात् न
segment: खल्वत्रभवान्	खलु अत्रभवान्
segment: प्रथमः---रावणमपि	प्रथमः---रावणम् अपि
segment: विजातीयदुःखत्वावच्छिन्नं प्रति	विजातीयदुःखत्वावच्छिन्नम् प्रति
segment: सर्वहितं रामं	सर्वहितम् रामम्
segment: चरमत्वस्यैक्येनैकं (कां)	चरमत्वस्य ऐक्येन एकम् (काम् )
segment: नास्ति-ख	न अस्ति-ख
segment: व्यूहमभेद्यरूपम्	व्यूहम् अभेद्यरूपम्
segment: सुविधाजनकोऽस्त्येव	सुविधाजनकः अस्ति एव
segment: स्वविभवैर्भवन्तं वर्धयन्ति	स्वविभवैः भवन्तम् वर्धयन्ति
segment: करैर्नन्दकाख्यः	करैः नन्दकाख्यः
segment: पितरमुद्दिश्य	पितरम् उद्दिश्य
segment: गुणलुब्धा स्वयमेव	गुणलुब्धाः स्वयम् एव
segment: यत्तु	यत् तु
segment: किं नु	किम् नु
segment: प्राप्ता वयं	प्राप्ताः वयम्
segment: जयद्रथेनाद्य	जयद्रथेन अद्य
segment: तावद्भोः	तावत् भोः
segment: युक्तिरूपन्यस्यते	युक्तिः उपन्यस्यते
segment: द्वैतवादापत्तेरिति	द्वैतवाद आपत्तेः इति
segment: दिवसोऽयमागतः	दिवसः अयम् आगतः
segment: तत्तद्व्यक्तिविश्रान्ततया	तत्तत् व्यक्तिविश्रान्ततया
segment: विशेषणमुपलक्षणं	विशेषणम् उपलक्षणं
segment: राक्षसेशं करोमि	राक्षसेशम् करोमि
segment: हेत्वाभासत्वमेव	हेत्वाभासत्वम् एव
segment: नातिव्याप्तिः	न अतिव्याप्तिः
segment: एतद भगवदायुधवरं	एतत् भगवदायुधवरम्
segment: करोम्यहं	करोमि अहं
segment: वानरा आगताः	वानराः आगताः
segment: व्यर्थं बहु	व्यर्थम् बहु
segment: अयं ननु	अयम् ननु
segment: नापि	न अपि
segment: प्रणयाद् ब्रुवन्ति	प्रणयात् ब्रुवन्ति
segment: हन्तुं समुद्योगः	हन्तुम् समुद्योगः
segment: रामो विशुद्धमनसा	रामः विशुद्धमनसा
segment: गजो वा	गजः वा
segment: त्वरिततरहयं स्यन्दनं	त्वरिततरहयम् स्यन्दनम्
segment: सर्वमिदं संभवित	सर्वम् इदम् संभवित
segment: बाधसामग्रीत्वेनाधिकरणोपस्थितेरपि	बाधसामग्रीत्वेनाधिकरणोपस्थितेः अपि
segment: खरांशोरपहसिततनुः	खरांशोः अपहसिततनुः
segment: पापराक्षस आर्यपुत्रसम्बन्धीत्यात्मानं	पापराक्षसः आर्यपुत्रसम्बन्धी इति आत्मानम्
segment: दातुमर्हति	दातुम् अर्हति
segment: स वक्तव्यः	सः वक्तव्यः
segment: कृतो रूपविपर्ययः	कृतः रूपविपर्ययः
segment: सैनिका युद्धे	सैनिकाः युद्धे
segment: पुरूषार्थत्वमङ्गीकृत्य	पुरूषार्थत्वम् अङ्गीकृत्य
segment: चापच्युतैस्तीक्ष्णैर्बाणैराक्रान्तचेतसम्	चापच्युतैः तीक्ष्णैः बाणैः आक्रान्तचेतसम्
segment: सर्वा दिशः	सर्वाः दिशः
segment: उदारचरितश्चापि	उदारचरितः च अपि
segment: नष्टं निशाचरकुलं	नष्टम् निशाचरकुलम्
segment: कामं न	कामम् न
segment: यत्किचित्सम्बन्धेन	यत् किंचित् सम्बन्धेन
segment: अत्रैव	अत्र एव
segment: तमुद्देश्यैवेति	दुःखप्रागभावसम्बन्धः तत्रप्रवृत्तिः अपि
segment: किं प्रायश्चित्तम्	किम् प्रायश्चित्तम्
segment: ईश्वरात्मानमुपक्रम्य	ईश्वरात्मानम् उपक्रम्य
segment: प्रतियापयाम्यहं त्वाम्	प्रतियापयामि अहम् त्वाम्
segment: युक्तिबलेनैव	युक्तिबलेन एव
segment: रावणमाहवेऽद्य	रावणम् आहवे अद्य
segment: रामः---किं वरुणोऽयम्	रामः---किम् वरुणः अयम्
segment: एतद् म्लेच्छराज्यम्	एतत् म्लेच्छराज्यम्
segment: लिङ्गमित्याकारकस्य	लिङ्गम् इति आकारकस्य
segment: कृतेर्निविषयकत्वे	कृतेः निविषयकत्वे
segment: हीयमानं शरीरं	हीयमानम् शरीरम्
segment: साध्यवद्विशेषणम्	साध्यवत् विशेषणम्
segment: रावणं याति	रावणम् याति
segment: एवमाज्ञापयत्यार्यः	एवम् आज्ञापयति आर्यः
segment: सुखवाचकानन्दपदस्य	सुखवाचक आनन्दपदस्य
segment: धृतराष्ट्रः---किंकृतोऽयं संभ्रम	धृतराष्ट्रः---किंकृतः अयम् संभ्रमः
segment: बाणमवेक्ष्य	बाणम् अवेक्ष्य
segment: घटवदित्यनुमानाज्जडोपदानस्यैकत्ववत्वे	घटवदिति अनुमानात् जडोपदानस्य एकत्ववत्वे
segment: गच्छामस्तावत्	गच्छामः तावत्
segment: खल्वनुक्तग्राहिणं स्वामिनमुपाश्रितस्य	खलु अनुक्तग्राहिणम् स्वामिनम् उपाश्रितस्य
segment: ईश्वरस्तेन	ईश्वरः तेन
segment: तत्त्वज्ञानपदार्थस्तथापि	तत्त्वज्ञानपदार्थः तथापि
segment: स्वेनापराधेन	स्वेन अपराधेन
segment: तातमभिवादयिष्यामः	तातम् अभिवादयिष्यामः
segment: साध्यवदन्यस्मिन्	साध्यवत् अन्यस्मिन्
segment: योऽत्र	यः अत्र
segment: सुग्रीवेणाभिमृष्टाऽभूद् धर्मपत्नी	सुग्रीवेण अभिमृष्टा अभूत् धर्मपत्नी
segment: नात्र	न अत्र
segment: विभात्ययम्	विभाति अयम्
segment: प्रश्नस्तथोत्तरम्>	प्रश्नः तथा उत्तरम्>
segment: फलसत्वं करणासत्वेग्रिमक्षणे	फलसत्वम् करणासत्वे अग्रिमक्षणे
segment: भविष्यतीति	भविष्यति इति
segment: स्थापनानुमानप्रयुक्तहेतोस्तूपदर्शित	स्थापन अनुमानप्रयुक्तहेतोः तु उपदर्शित
segment: अकृतदूतसम्प्रेषणमविदितागमनममित्रसम्बन्धिनं कथं	अकृतदूतसम्प्रेषणम् अविदितागमनम् अमित्रसम्बन्धिनम् कथम्
segment: कर्मणां प्रतिपादनात्	कर्मणाम् प्रतिपादनात्
segment: बलाध्यक्षः---किमिति	बलाध्यक्षः---किम् इति
segment: महानभ्युदयो वर्धते	महान् अभ्युदयः वर्धते
segment: दण्डितत्वाद् विगतपापोऽहं	दण्डितत्वात् विगतपापः अहम्
segment: कार्यार्थमभ्युपगतस्य	कार्यार्थम् अभ्युपगतस्य
segment: नानुमितिप्रतिबन्धकत्वम्	न अनुमितिप्रतिबन्धकत्वम्
segment: सूर्याविव	सूर्यौ इव
segment: व्यक्तमिन्द्रजिता	व्यक्तम् इन्द्रजिता
segment: विगतधैर्यं हीयमानं	विगतधैर्यम् हीयमानम्
segment: हत्वास्माकं पतिष्यन्ति	हत्वा अस्माकम् पतिष्यन्ति
segment: प्रत्येव	प्रति एव
segment: त्वद्वचोभिर्न	त्वद्वचोभिः न
segment: प्रियमुपहरामि	प्रियम् उपहरामि
segment: दायाद्यं तद्	दायाद्यम् तत्
segment: व्यापकसम्बन्धज्ञानस्यावश्यकतया	व्यापकसम्बन्धज्ञानस्य आवश्यकतया
segment: आत्मनैवात्मानं निवेदयिष्ये	आत्मना एव आत्मानम् निवेदयिष्ये
segment: कस्यचिच्चिन्त्यं	कस्यचित् चिन्त्यं
segment: शैला व्रज्रहता	शैलाः व्रज्रहताः
segment: इत्यपि	इति अपि
segment: क्वचिद्गोवधजन्यचरमदुःखे	क्वचित् गोवधजन्यचरमदुःखे
segment: गुरुमभिभूय	गुरुम् अभिभूय
segment: कैरातं वपुरास्थितः	कैरातम् वपुः आस्थितः
segment: कुमारपादमूलमेव	कुमारपादमूलम् एव
segment: वर्षतीवाञ्जनं नभः	वर्षति इव अञ्जनम् नभः
segment: क्वचिदपि	क्वचित् अपि
segment: (सहसोत्तिष्ठन्	(सहसा उत्तिष्ठन्
segment: दृष्ट उपायः	दृष्टः उपायः
segment: पुनरुद्धरिष्ये	पुनः उद्धरिष्ये
segment: सिद्धावीश्वर	सिद्धौ ईश्वर
segment: विजातीयैकत्ववत्वं तद्वक्तव्यम्	विजातीय एकत्ववत्वम् तद्वक्तव्यम्
segment: विभीषणः---यदाज्ञापयति	विभीषणः---यद् आज्ञापयति
segment: अत्रानैकान्तिकसामान्यलक्षणायोगः	अत्र अनैकान्तिकसामान्यलक्षणायोगः
segment: कामक्रोधादयो यस्य	कामक्रोधादयः यस्य
segment: साकमाकम्प्य	साकम् आकम्प्य
segment: तादृशश्रुतिघटकीभूतैवकारस्य	तादृशश्रुतिघटकीभूत एवकारस्य
segment: भवेद्धनञ्जयो मे	भवेत् धनञ्जयः मे
segment: दशायामपि	दशायाम् अपि
segment: प्रतिष्ठित	प्रतिष्ठितम् इति अस्य अपि
segment: विद्याह्रासस्ततो जातो	विद्याह्रासः ततः जातः
segment: दुःखीयतत्तत्+ध्वंसपरं वा	दुःखीयतत्त् ध्वंसपरम् वा
segment: भोगजन्यतयान्यथासिद्धेरभावात्	भोगजन्यतया अन्यथासिद्धेः अभावात्
segment: ग्रन्थो व्याख्येय	ग्रन्थः व्याख्येयः
segment: नित्यत्वं ध्वंसाप्रतियोगित्वं	नित्यत्वम् ध्वंसाप्रतियोगित्वम्
segment: भाट्टमतेनुपपन्ना	भाट्टमते अनुपपन्ना
segment: कण्ठताल्वादिभेदाभावादतद्रूपशब्दकारणासंभवादिति	कण्ठताल्वादिभेदाभावादतद्रूपशब्दकारणासंभवात् इति
segment: घटत्वादिविशिष्टं प्रति	घटत्वादिविशिष्टम् प्रति
segment: नोपदर्शितविकल्पावसर	न उपदर्शितविकल्पावसर
segment: स सहसा	सः सहसा
segment: वयमपि	वयम् अपि
segment: घटादिविषयकनिर्विकल्पकात्मकचक्षुषादि	घटादिविषयकनिर्विकल्पक आत्मकचक्षुषादि
segment: त्वं	त्वम्
segment: तत्त्वज्ञानस्यापि	तत्त्वज्ञानस्य अपि
segment: किमाह	किम् आह
segment: अन्योन्याभावस्याव्याप्यवृत्तित्वादुक्तावतिव्याप्तेरेवेत्यर्थः	अन्योन्याभावस्य अव्याप्यवृत्तित्वात् उक्तौ अतिव्याप्तेः एव इति अर्थः
segment: तद् धनं	तत् धनं
segment: राघवेणाद्य	राघवेण अद्य
segment: करिण	करिणः
segment: रामो गच्छति	रामः गच्छति
segment: ईदृशेऽपि	ईदृशे अपि
segment: वयमपि	वयम् अपि
segment: धृतराष्ट्र एष	धृतराष्ट्रः एषः
segment: एवं गाढं	एवम् गाढम्
segment: वक्ष्यमाणासंकीर्णबाधस्थलेऽव्याप्तेर्वज्रलेपत्वात्	वक्ष्यमाणासंकीर्णबाधस्थले अव्याप्तेः वज्रलेपत्वात्
segment: वृत्तमेतत्	वृत्तम् एतत्
segment: रामः---दण्डितस्त्वं हि	रामः---दण्डितः त्वम् हि
segment: पुनर्भवतो भविष्यति	पुनः भवतः भविष्यति
segment: पाकाद्रक्ते	पाकात् रक्ते
segment: को दोष	कः दोष
segment: ज्ञात्वैतद् भिक्षुरेकोऽन्यं	ज्ञात्वा एतत् भिक्षुः एकः अन्यं
segment: कुमारोऽभिमन्युः	कुमारः अभिमन्युः
segment: लङ्कायां किल	लङ्कायाम् किल
segment: गौरवात्तदपेक्ष्य	गौरवात् तत् अपेक्ष्य
segment: प्रदीयतां राघवधर्मपत्नी	प्रदीयताम् राघवधर्मपत्नी
segment: यच्चोक्तम्------तस्मादुभयव्यावृत्तत्व.ग्रहस्येत्यादि	यत् च उक्तम्------तस्मात् उभयव्यावृत्तत्वग्रहस्य इत्यादि
segment: विरोधान्नादरणीयः	विरोधात् न आदरणीयः
segment: प्रसन्नोऽस्मि	प्रसन्नः अस्मि
segment: रुष्टेऽच्युते	रुष्टे अच्युते
segment: नृदेवं भृशं	नृदेवम् भृशम्
segment: सकर्तृकत्वासिद्धेः	सकर्तृकत्व असिद्धेः
segment: तस्मादतिरिक्ता	तस्मात् अतिरिक्ता
segment: अन्यदपि	अन्यत् अपि
segment: कुतश्चिदप्यविज्ञायमानौ	कुतश्चित् अपि अविज्ञायमानौ
segment: वर्षमभिवर्षति	वर्षम् अभिवर्षति
segment: प्रमदां हत्वा	प्रमदाम् हत्वा
segment: ब्रह्मातिरिक्तपारमार्थिक	ब्रह्म अतिरिक्तपारमार्थिक
segment: ममागमनं देवाय	मम आगमनम् देवाय
segment: शस्त्रशाला बहुविधकरणैः	शस्त्रशालाः बहुविधकरणैः
segment: तत्त्वज्ञानहेतुतानुपपत्तिर्जागरूकैवेति	तत्त्वज्ञानहेतुतानुपपत्तिः जागरूक एव इति
segment: चैवं सति	च एवम् सति
segment: स्वीय एव	स्वीयः एव
segment: चात्र	च अत्र
segment: सम्बन्धो बन्धुभिः	सम्बन्धः बन्धुभिः
segment: विनापि	विना अपि
segment: मेऽद्य	मे अद्य
segment: ध्वंसेभावेन	ध्वंसे अभावेन
segment: एवञ्च	एवम् च
segment: शासकास्तस्याः	शासकाः तस्याः
segment: प्रतिज्ञार्णवं	प्रतिज्ञार्णवम्
segment: मनस्तीर्थ-स्नानेन	मनः तीर्थस्नानेन
segment: लेखकस्यात्र	लेखकस्य अत्र
segment: .नोद्भाव्य इत्याशयनोक्तं	.न उद्भाव्यः इति आशयेन उक्तं
segment: दोषो न	दोषः न
segment: तस्या मनो	तस्याः मनः
segment: उपाधिज्ञानस्यापि	उपाधिज्ञानस्य अपि
segment: असाधारणस्यापि	असाधारणस्य अपि
segment: तत्तत्पुरूषीयात्मनां	तत्तत् पुरुषीयात्मनाम्
segment: मां भवान्	माम् भवान्
segment: श्रियमाप्नुहि	श्रियम् आप्नुहि
segment: जयद्रथबलेनाक्रम्य	जयद्रथबलेन आक्रम्य
segment: निवृत्तिर्ब्रह्मस्वरूपा	निवृत्तिः ब्रह्मस्वरूपा
segment: किमास्से	किम् आस्से
segment: निपातितो रावणः	निपातितः रावणः
segment: भृशं	भृशम्
segment: यद् इच्छसि	यत् इच्छसि
segment: सुदर्शनः---यदाज्ञापयति	सुदर्शनः---यद् आज्ञापयति
segment: खल्विदम्	खलु इदम्
segment: ग्राह्याभावानवगाहीति	ग्राह्याभावानवगाही इति
segment: रामः---अनुगृहीतोऽस्मि	रामः---अनुगृहीतः अस्मि
segment: यावदपसर्पामि	यावद् अपसर्पामि
segment: दिव्यमस्त्रं तावद्	दिव्यम् अस्त्रम् तावत्
segment: स्वेनोपदेशेन	स्वेन उपदेशेन
segment: कथमिदानीं ममागमनं	कथम् इदानीम् मम आगमनम्
segment: सुरद्विपास्फालनकर्कशाड्गुलि-	सुरद्विपास्फालनकर्कशाड्गुलिः
segment: शुद्धां जानकीं	शुद्धाम् जानकीम्
segment: मद्बाणवेगार्दितं	मद्बाणवेगार्दितम्
segment: क्षामवक्त्रं	क्षामवक्त्रम्
segment: साध्यो	साध्यः
segment: नाशकेनेति	नाशकेन इति
segment: निष्ठात्यन्तिकत्वं स्वसमानाधिकरणदुःखप्रागभावासमानकालीनत्वम्	निष्ठ आत्यन्तिकत्वम् स्वसमानाधिकरणदुःखप्रागभावासमानकालीनत्वम्
segment: प्रत्युपादानत्वेनापि	प्रति उपादानत्वेन अपि
segment: (किंचिद् गत्वा)	(किंचित् गत्वा)
segment: प्रपञ्चनाशाभावादनर्थनिवृत्त्य	प्रपञ्चनाश अभावात् अनर्थनिवृत्त्य
segment: हेतुविषयतयानैकान्तिकसंशयत्वेन	हेतुविषयतया अनैकान्तिकसंशयत्वेन
segment: समरमुखमसह्य पाण्डवानां	समरमुखम् असह्यम् पाण्डवानाम्
segment: किमस्माकं बले	किम् अस्माकम् बले
segment: चेन्द्रियत्वं न	च इन्द्रियत्वम् न
segment: चेश्वरस्य	च ईश्वरस्य
segment: केशवो बध्यताम्	केशवः बध्यताम्
segment: चापि	च अपि
segment: कल्पनीयमिति	कल्पनीयम् इति
segment: अनुमितिप्रतिबन्धकहेतावच्छेदकत्वं	अनुमितिप्रतिबन्धकहेतौ अवच्छेदकत्वं
segment: अयं केशवः	अयम् केशवः
segment: प्रियमिति	प्रियम् इति
segment: ज्ञानस्यैवेत्यपरितोषात्	ज्ञानस्य एव इति अपरितोषात्
segment: .तस्यावृत्तित्वेनैव	.तस्य अवृत्तित्वेन एव
segment: मामिह	माम् इह
segment: कर्तुं नृपाणां	कर्तुम् नृपाणाम्
segment: तमेव	तम् एव
segment: तथात्वमिति	तथात्वम् इति
segment: तत्तत्र	तत् तत्र
segment: संसारितादशायां तु	संसारितादशायाम् तु
segment: तदविच्छिन्नं प्रति	तदविच्छिन्नम् प्रति
segment: किमस्य	किम् अस्य
segment: तवाद्य	तव अद्य
segment: वाक्छलतोऽवश्यं	वाक्छलतः अवश्यं
segment: नरपतिधर्ममास्थितेन	नरपतिधर्मम् आस्थितेन
segment: सर्वेषामेकीकृत्य	सर्वेषाम् एकीकृत्य
segment: शैलैर्द्रुमैः	शैलैः द्रुमैः
segment: भक्षका यत्र	भक्षकाः यत्र
segment: सच्छत्रचामरवरो रचिताङ्गरागः	सच्छत्रचामरवरः रचिताङ्गरागः
segment: कदापि	कदा अपि
segment: बाधप्रतिरोधयोरप्यै.क्यापत्तेः	बाधप्रतिरोधयोः अपि एक्यापत्तेः
segment: पितामह एव	पितामहः एव
segment: विदित्वातिमृत्युमिति	विदित्वातिमृत्युम् इति
segment: .तस्यापि-ख	.तस्य अपि-ख
segment: नैवाप्नोति	नैव आप्नोति
segment: एतत्पुरुषीयात्मनस्तादात्म्यसंबन्धेन	एतत् पुरुषीय आत्मनः तादात्म्यसंबन्धेन
segment: किं भीष्मस्य	किम् भीष्मस्य
segment: द्रष्टव्या भवद्भ्यां	द्रष्टव्याः भवद्भ्याम्
segment: स्खलन्तो विवशास्तुरङ्गमाः	स्खलन्तः विवशाः तुरङ्गमाः
segment: पितामहमाह	पितामहम् आह
segment: सद्यस्तत्	सद्यः तत्
segment: मृतोऽपि	मृतः अपि
segment: दुरितवद्भिन्नदुरितध्वंसस्यैव	दुरितवद्भिन्नदुरितध्वंसस्य एव
segment: निर्जितेयं वसुन्धरा	निर्जिता इयम् वसुन्धरा
segment: व्यर्थत्वादिति	व्यर्थत्वात् इति
segment: व्यभिचारित्वसत्त्वादतिव्याप्तिः	व्यभिचारित्वसत्त्वात् अतिव्याप्तिः
segment: ज्ञानाभावो वा	ज्ञानाभावः वा
segment: साध्यतदभावव्यापकग्रह इति	साध्यतदभावव्यापकग्रहः इति
segment: किमाह	किम् आह
segment: नानात्वाङ्गीकारान्नानुपपत्तिरिति	नानात्वाङ्गीकारात् न अनुपपत्तिः इति
segment: नापि	न अपि
segment: तदिच्छापूरको भवेत्	तदिच्छापूरकः भवेत्
segment: उक्तोपाधिसत्त्वमेव	उक्तोपाधिसत्त्वम् एव
segment: सर्वत्रानुगमिष्यन्ति	सर्वत्र अनुगमिष्यन्ति
segment: अकरुणाः खल्वीश्वरा	अकरुणाः खलु ईश्वराः
segment: विशेषादर्शनदशायामेकपुरुषं	विशेषादर्शनदशायाम् एकपुरुषं
segment: इमां भगवतीं	इमाम् भगवतीम्
segment: स शब्दत्वाभाववानिति	सः शब्दत्वाभाववान् इति
segment: प्रायश्चित्तफलत्वासंभवात्	प्रायश्चित्त उत्तरकालवृत्तिदुःखप्रागभावसंबन्धस्य अर्थपर्यालोचनक्रमेण
segment: हेत्वाभास. इति	हेत्वाभासः इति
segment: एवं क्रियताम्	एवम् क्रियताम्
segment: शरीरजन्यत्वं	शरीरजन्यत्वम्
segment: प्रतिबन्धकत्वात्तद्विषयस्यापि	प्रतिबन्धकत्वात् तद्विषयस्य अपि
segment: हेतुत्वाभिमानो हि	हेतुत्वाभिमानः हि
segment: सत्यमेव	सत्यम् एव
segment: प्रवादोपि	प्रवादः अपि
segment: कैरातरूपं हरम्	कैरातरूपम् हरम्
segment: लिङ्गविशेष्यकबाधितत्वादिज्ञानस्यानुमितिप्रतिबन्धकत्वम्	लिङ्गविशेष्यकबाधितत्वादिज्ञानस्य अनुमितिप्रतिबन्धकत्वम्
segment: चापि	च अपि
segment: नानुपपत्त्यभावादिति	न अनुपपत्त्यभावात् इति
segment: शृङ्गोपमाञ्छ्रीधर	शृङ्गोपमान् श्रीधर
segment: तन्नूनं	तत् नूनं
segment: रावणः---त्वमपि	रावणः---त्वम् अपि
segment: कार्यस्याहारव्यापृताः	कार्यस्य आहारव्यापृताः
segment: किं चात्र	किम् च अत्र
segment: हनूमान्---यदाज्ञापयति	हनूमान्---यद् आज्ञापयति
segment: दुरितबद्भिन्नदुरितध्वसत्वा	दुरितवत् भिन्नदुरितध्वसत्वा
segment: लङ्केश्वर इत	लङ्केश्वरः इतः
segment: अथानया	अथ अनया
segment: हेतुत्वेनैव	हेतुत्वेन एव
segment: राक्षसकुलं दृष्ट्वास्पदमलभमानौ	राक्षसकुलम् दृष्ट्वा आस्पदम् अलभमानौ
segment: वर्तमानो विनाश्यताम्	वर्तमानः विनाश्यताम्
segment: सुग्रीव इति	सुग्रीवः इति
segment: भूयांसो	भूयांसः
segment: किमहं ददामि	किम् अहम् ददामि
segment: अहं पदार्थ	अहम् पदार्थ
segment: केभ्यश्चिद् दिनेभ्यः	केभ्यश्चित् दिनेभ्यः
segment: तस्मादहमपि	तस्मात् अहम् अपि
segment: नास्तीतीश्वरस्य	नास्ति इति ईश्वरस्य
segment: गृह्णीयात्हन्याद् वा	गृह्णीयात् हन्यात् वा
segment: अयं केशवः	अयम् केशवः
segment: सुग्रीवः---यदाज्ञापयति	सुग्रीवः---यद् आज्ञापयति
segment: दुर्बलश्च	दुर्बलः च
segment: ममैते	मम एते
segment: समुत्पन्नो मारुतस्यौरसः	समुत्पन्नः मारुतस्य औरसः
segment: त्वमभ्यन्तरम्	त्वम् अभ्यन्तरम्
segment: कारणसत्वेग्रिमक्षणे	कारणसत्वे अग्रिमक्षणे
segment: हृदयं सहर्षं	हृदयम् सहर्षम्
segment: कार्यत्वावच्छिन्नं प्रति	कार्यत्वावच्छिन्नम् प्रति
segment: शान्तवेगं शरीरम्	शान्तवेगम् शरीरम्
segment: तथोक्तत्वात्	तथा उक्तत्वात्
segment: इदं रघुकुलवृषभस्य	इदम् रघुकुलवृषभस्य
segment: प्रियमण्डनापि	प्रियमण्डन अपि
segment: कर्णः---किं नेच्छति	कर्णः---किम् न इच्छति
segment: सामग्र्येश्वरान्यतरस्य	सामग्र्येश्वर अन्यतरस्य
segment: मनसिजशरदग्धं बाष्पपर्याकुलाक्षम्	मनसिजशरदग्धम् बाष्पपर्याकुलाक्षम्
segment: प्रहरध्वं समाहृताः	प्रहरध्वम् समाहृताः
segment: मध्यमे	मध्यम ए
segment: तत्रातिव्याप्तिवारणसंभवे	तत्र अतिव्याप्तिवारणसंभवे
segment: कल्पनीयं लाघवात्	कल्पनीयम् लाघवात्
segment: आह----व्यतिरेकीति	आह----व्यतिरेकी इति
segment: सोऽस्ति	सः अस्ति
segment: करणादिति	करणात् इति
segment: तत्रेयमनुपपत्तिरूद्भाव्यते	तत्र इयम् अनुपपत्तिः उद्भाव्यते
segment: विजातीयैकत्ववत्त्वं शरीरत्वमिति	विजातीय एकत्ववत्त्वम् शरीरत्वम् इति
segment: मुक्तो देव	मुक्तः देव
segment: जगत्त्रयभीतिकृतोऽपि	जगत्त्रयभीतिकृतः अपि
segment: पूर्वं पुरे	पूर्वम् पुरे
segment: सुखदुःखाद्यवच्छेदकत्वमादाय	सुखदुःखादि अवच्छेदकत्वम् आदाय
segment: परस्यास्मिन्‌	परस्य अस्मिन्‌
segment: बहिरागच्छन्	बहिः आगच्छन्
segment: मगधेश्वरेऽथ	मगधेश्वरे अथ
segment: व्यर्थविशेषणतेति	व्यर्थविशेषणता इति
segment: सत्त्वेनैतस्याप्र-ख	सत्त्वेन एतस्य अप्र-ख
segment: तदुत्तरं तत्त्वज्ञानबलात्प्रारब्धान्य	तदुत्तरम् तत्त्वज्ञानबलात् प्रारब्ध अन्य
segment: वञ्चयितुकामो भवेत्	वञ्चयितुकामः भवेत्
segment: कार्योपादानमज्ञानरूपं सिद्ध्यति	कार्योपादानमज्ञानरूपम् सिद्ध्यति
segment: दूत इति	दूतः इति
segment: दिव्यगन्धर्वा गायन्ति	दिव्यगन्धर्वाः गायन्ति
segment: भगवतो वाहनो	भगवतः वाहनः
segment: सप्तच्छददानगन्धिनो	सप्तच्छददानगन्धिनः
segment: स्वैरमासतां भवन्तः	स्वैरम् आसताम् भवन्तः
segment: हनुमांश्च)	हनुमान् च)
segment: कथमस्माकमेवं स्यात्	कथम् अस्माकम् एवम् स्यात्
segment: दृष्टा मया	दृष्टाः मया
segment: विभीषणः---प्रष्टुमर्हति	विभीषणः---प्रष्टुम् अर्हति
segment: तस्माद् वयमप्येतेषामेतान्	तस्मात् वयम् अपि एतेषाम् एतान्
segment: सन्तो हि	सन्तः हि
segment: व्यापकसंशयस्यादोषत्वात्	व्यापकसंशयस्य अदोषत्वात्
segment: कार्यतावच्छेदकं न	कार्यतावच्छेदकम् न
segment: शरैश्छादिता	शरैः छादिता
segment: समानीतं सर्वराजमण्डलम्	समानीतम् सर्वराजमण्डलम्
segment: तद्गर्भव्यभिचारज्ञानस्यैव	तद्गर्भव्यभिचारज्ञानस्य एव
segment: दारप्रदानान्न	दारप्रदानात् न
segment: सन्धिज्ञः	सन्धि ज्ञः
segment: दातुमर्हसि	दातुम् अर्हसि
segment: हानिस्तस्याः	हानिः तस्याः
segment: स राक्षसेन्द्रः	सः राक्षसेन्द्रः
segment: हृतं यशः	हृतम् यशः
segment: कार्यमिदम्	कार्यम् इदम्
segment: दुःखमिदं ममापि	दुःखम् इदम् मम अपि
segment: निष्फलं च	निष्फलम् च
segment: लक्ष्मणः---प्रसीदत्वार्यः	लक्ष्मणः---प्रसीदतु आर्यः
segment: विरहपरिश्रमोऽपि	विरहपरिश्रमः अपि
segment: पौलस्त्यमाशु	पौलस्त्यम् आशु
segment: ...स्तुतो व्यभिचारनिश्चयतत्संशययोः-ख	...स्तुतः व्यभिचारनिश्चयतत्संशययोः-ख
segment: भवत्येव	भवति एव
segment: रामशासनमित्याह	रामशासनम् इति आह
segment: अपनीयतामेष चित्रपटः	अपनीयताम् एषः चित्रपटः
segment: धृतराष्ट्रः---अनुगृहीतोऽस्मि	धृतराष्ट्रः---अनुगृहीतः अस्मि
segment: सायकवरं परिवर्तयन्तम्	सायकवरम् परिवर्तयन्तम्
segment: तत्तद्दुरितध्वंसत्व	तत्तत् दुरितध्वंसत्व
segment: व्याप्तिपक्षधर्मतान्यतरभङ्गानुमित्यनुकूलो व्याप्त्यादिपरामर्शो	व्याप्तिपक्षधर्मतान्यतरभङ्गानुमित्यनुकूलः व्याप्त्यादिपरामर्शः
segment: निरर्थमस्त्रं च	निरर्थम् अस्त्रम् च
segment: विलम्बाज्जायते	विलम्बात् जायते
segment: ब्रह्मज्ञानस्यावश्यं भावे	ब्रह्मज्ञानस्य अवश्यम् भावे
segment: मत्तं तीक्ष्णदंष्ट्रो	मत्तम् तीक्ष्णदंष्ट्रः
segment: .मतमालम्ब्य-क	.मतम् आलम्ब्य-क
segment: दण्डितो	दण्डितः
segment: परमात्मनोपि	परमात्मनः अपि
segment: सकर्तृकत्वमिह	सकर्तृकत्वम् इह
segment: विरूध्यतेति	विरूध्यत इति
segment: घटोत्कचः---शान्तं पापम्	घटोत्कचः---शान्तम् पापम्
segment: तद्विषयीभूतस्यैव	तद्विषयीभूतस्य एव
segment: अयमत्रभवान्	अयम् अत्रभवान्
segment: घण्टाघोषमारचयन्ति	घण्टाघोषम् आरचयन्ति
segment: आपस्तावत्	आपः तावत्
segment: तत्रापि	तत्र अपि
segment: ब्रह्मातिरिक्त	ब्रह्म अतिरिक्त
segment: राघवमाहवे	राघवम् आहवे
segment: जानतापि	जानता अपि
segment: सन्दिधक्षुर्यथैव	सन्दिधक्षुः यथा एव
segment: विष्णुर्वा	विष्णुः वा
segment: तत्काले	तत् काले
segment: यावद् गच्छामि	यावत् गच्छामि
segment: करैरस्पृष्टबालद्रुमाः	करैः अस्पृष्टबालद्रुमाः
segment: सोऽधिगच्छति	सः अधिगच्छति
segment: एवमार्यमिश्रान्	एवम् आर्यमिश्रान्
segment: विरुद्धोभयव्याप्यवत्त्वपरामर्शस्यैव	विरुद्धोभयव्याप्यवत्त्वपरामर्शस्य एव
segment: केशवा भवन्ति	केशवाः भवन्ति
segment: दोषः.इत्यनुशयेनाह---संयोगादिति	दोषः.इति अनुशयेन आह---संयोगाद् इति
segment: तस्याग्रे	तस्य अग्रे
segment: अलमलं संभ्रमेण	अलम् अलम् संभ्रमेण
segment: प्रकृतिरवतिष्ठते	प्रकृतिः अवतिष्ठते
segment: मच्चक्षुष्पथमासाद्य	मच्चक्षुष्पथम् आसाद्य
segment: शब्द इव	शब्दः इव
segment: स्थितं रथगतं	स्थितम् रथगतम्
segment: नोपदर्शितानुपपत्तिरिति	न उपदर्शितानुपपत्तिः इति
segment: ब्रह्मणो रूपं	ब्रह्मणः रूपम्
segment: उत्सादयिष्यन्निव	उत्सादयिष्यन् इव
segment: वालिहृदयं भेत्तुं	वालिहृदयम् भेत्तुम्
segment: वयमार्यस्याभिप्रायमनुवर्तितारः	वयम् आर्यस्य अभिप्रायम् अनुवर्तितारः
segment: भावरूपाज्ञानस्य	भावरूप अज्ञानस्य
segment: निषेधेऽप्यधिकारं	निषेधे अपि अधिकारं
segment: नैव	न एव
segment: भवन्तमुपस्थिताः	भवन्तम् उपस्थिताः
segment: एवं शोचन्तमार्यपुत्रं	एवम् शोचन्तम् आर्यपुत्रम्
segment: स्वजननस्वरूपस्वो	स्वजननस्वरूपस्वः
segment: तत्रेश्वरकर्तृत्व	तत्र ईश्वरकर्तृत्व
segment: सम्बन्धिभूतज्ञानस्यैवानुमितिप्रतिबन्धकतया	सम्बन्धिभूतज्ञानस्य एव अनुमितिप्रतिबन्धकतया
segment: प्रागभावप्रतियोगित्वरूपतयोक्तानुपपत्तेभावात्	प्रागभावप्रतियोगित्वरूपतया उक्त अनुपपत्तेभावात्
segment: विद्यमानोऽप्यकिंचित्कर एव	विद्यमानः अपि अकिंचित्करः एव
segment: शङ्कुकर्णः---यदाज्ञापयति	शङ्कुकर्णः---यद् आज्ञापयति
segment: पुत्रशताद्विशिष्टा	पुत्रशतात् विशिष्टा
segment: धनिनो धनम्	धनिनः धनम्
segment: व्यभिचारादिति	व्यभिचारात् इति
segment: शीघ्रं	शीघ्रम्
segment: नन्वत्र	ननु अत्र
segment: बहिर्वृत्तिश्चक्षुरादीन्द्रियसंबन्धोपि	बहिर्वृत्तिः चक्षुरादि इन्द्रियसंबन्धः अपि
segment: उपाधिवद्धेत्वाभासत्वं	उपाधिवत् हेत्वाभासत्वं
segment: श्रूयतां	श्रूयताम्
segment: तेषां यदनेन	तेषाम् यत् अनेन
segment: किलाद्य	किल अद्य
segment: द्वितीयोऽङ्कः	द्वितीयः अङ्कः
segment: पुरुषं महान्तमादित्यवर्णं	पुरुषम् महान्तम् आदित्यवर्णम्
segment: नावेक्षितः	न अवेक्षितः
segment: राज्यं नाम	राज्यम् नाम
segment: इत्येतावतैव	इति एतावत् एव
segment: ममागमनं देवाय	मम् आगमनम् देवाय
segment: तदशौचबोधकस्यागमस्य	तत् अशौचबोधकस्य आगमस्य
segment: कर्मकाल इति	कर्मकालः इति
segment: किं पक्षतावच्छेदकम्	किम् पक्षतावच्छेदकम्
segment: बद्ध इति	बद्धः इति
segment: चापि	च अपि
segment: भगवत्प्रसादादतीतः	भगवत्प्रसादाद् अतीतः
segment: तत्त्वस्यैव	तत्त्वस्य एव
segment: जानामीत्यनुभव	जानामि इति अनुभव
segment: मुक्तेरपुरूषार्थप्रसङ्ग	मुक्तेः अपुरूषार्थ
segment: लङ्कामभ्येतुं वायुपुत्रेण	लङ्काम् अभ्येतुम् वायुपुत्रेण
segment: तुमुलं युद्धं	तुमुलम् युद्धम्
segment: सुतवधं सङ्ख्ये	सुतवधम् सङ्ख्ये
segment: व्यक्तिरुपभुङ्‌क्ते	व्यक्तिः उपभुङ्‌क्ते
segment: रुचितं यदि	रुचितम् यदि
segment: नित्यसुखज्ञानादन्यदलीकमिति	नित्यसुखज्ञानादन्यदलीकम् इति
segment: मिथोऽनिष्टं	मिथः अनिष्टं
segment: किमिदानीं करिष्ये	किम् इदानीम् करिष्ये
segment: राक्षसैर्गृहीतो हनूमान्	राक्षसैः गृहीतः हनूमान्
